,condition_concept_id,chi2,p_value
0,72418,502.3076432574942,2.9914103283322513e-111
1,4192174,502.3076432574942,2.9914103283322513e-111
2,198809,502.3076432574942,2.9914103283322513e-111
3,433316,502.3076432574942,2.9914103283322513e-111
4,140673,502.3076432574942,2.9914103283322513e-111
5,193666,502.3076432574942,2.9914103283322513e-111
6,194133,502.3076432574942,2.9914103283322513e-111
7,319016,502.3076432574942,2.9914103283322513e-111
8,320420,502.3076432574942,2.9914103283322513e-111
9,374025,502.3076432574942,2.9914103283322513e-111
10,4170554,502.3076432574942,2.9914103283322513e-111
11,4239487,502.3076432574942,2.9914103283322513e-111
12,4297894,502.3076432574942,2.9914103283322513e-111
13,200174,502.3076432574942,2.9914103283322513e-111
14,259153,502.3076432574942,2.9914103283322513e-111
15,320536,502.3076432574942,2.9914103283322513e-111
16,432867,502.3076432574942,2.9914103283322513e-111
17,433435,502.3076432574942,2.9914103283322513e-111
18,78472,502.3076432574942,2.9914103283322513e-111
19,80180,502.3076432574942,2.9914103283322513e-111
20,4041283,502.3076432574942,2.9914103283322513e-111
21,4178874,502.3076432574942,2.9914103283322513e-111
22,23325,502.3076432574942,2.9914103283322513e-111
23,318736,502.3076432574942,2.9914103283322513e-111
24,378253,502.3076432574942,2.9914103283322513e-111
25,434613,502.3076432574942,2.9914103283322513e-111
26,440374,502.3076432574942,2.9914103283322513e-111
27,442588,502.3076432574942,2.9914103283322513e-111
28,4213540,502.3076432574942,2.9914103283322513e-111
29,36684319,502.3076432574942,2.9914103283322513e-111
30,36713918,502.3076432574942,2.9914103283322513e-111
31,376415,502.3076432574942,2.9914103283322513e-111
32,436070,502.3076432574942,2.9914103283322513e-111
33,4223659,502.3076432574942,2.9914103283322513e-111
34,31967,502.3076432574942,2.9914103283322513e-111
35,4070750,502.3076432574942,2.9914103283322513e-111
36,4197819,502.3076432574942,2.9914103283322513e-111
37,4256228,502.3076432574942,2.9914103283322513e-111
38,372324,502.3076432574942,2.9914103283322513e-111
39,4171917,502.3076432574942,2.9914103283322513e-111
40,374035,502.3076432574942,2.9914103283322513e-111
41,374363,502.3076432574942,2.9914103283322513e-111
42,375292,502.3076432574942,2.9914103283322513e-111
43,381290,502.3076432574942,2.9914103283322513e-111
44,433595,502.3076432574942,2.9914103283322513e-111
45,312437,502.3076432574942,2.9914103283322513e-111
46,4023316,502.3076432574942,2.9914103283322513e-111
47,75909,502.3076432574942,2.9914103283322513e-111
48,314754,502.3076432574942,2.9914103283322513e-111
49,435839,502.3076432574942,2.9914103283322513e-111
50,442013,502.3076432574942,2.9914103283322513e-111
51,4058388,502.3076432574942,2.9914103283322513e-111
52,320128,502.3076432574942,2.9914103283322513e-111
53,373478,502.3076432574942,2.9914103283322513e-111
54,374375,502.3076432574942,2.9914103283322513e-111
55,380706,502.3076432574942,2.9914103283322513e-111
56,4282316,502.3076432574942,2.9914103283322513e-111
57,24134,502.3076432574942,2.9914103283322513e-111
58,78508,502.3076432574942,2.9914103283322513e-111
59,135777,502.3076432574942,2.9914103283322513e-111
60,196168,502.3076432574942,2.9914103283322513e-111
61,376382,502.3076432574942,2.9914103283322513e-111
62,436096,502.3076432574942,2.9914103283322513e-111
63,436826,502.3076432574942,2.9914103283322513e-111
64,438720,502.3076432574942,2.9914103283322513e-111
65,4066735,502.3076432574942,2.9914103283322513e-111
66,4171379,502.3076432574942,2.9914103283322513e-111
67,437827,502.3076432574942,2.9914103283322513e-111
68,199876,502.3076432574942,2.9914103283322513e-111
69,379805,502.3076432574942,2.9914103283322513e-111
70,140648,502.3076432574942,2.9914103283322513e-111
71,377680,502.3076432574942,2.9914103283322513e-111
72,4116166,502.3076432574942,2.9914103283322513e-111
73,193983,502.3076432574942,2.9914103283322513e-111
74,195562,502.3076432574942,2.9914103283322513e-111
75,200444,502.3076432574942,2.9914103283322513e-111
76,194406,502.3076432574942,2.9914103283322513e-111
77,436230,502.3076432574942,2.9914103283322513e-111
78,442793,502.3076432574942,2.9914103283322513e-111
79,439297,502.3076432574942,2.9914103283322513e-111
80,73553,502.3076432574942,2.9914103283322513e-111
81,77965,502.3076432574942,2.9914103283322513e-111
82,260123,502.3076432574942,2.9914103283322513e-111
83,439082,502.3076432574942,2.9914103283322513e-111
84,4082453,502.3076432574942,2.9914103283322513e-111
85,4236484,502.3076432574942,2.9914103283322513e-111
86,77630,502.3076432574942,2.9914103283322513e-111
87,4115991,502.3076432574942,2.9914103283322513e-111
88,4228802,502.3076432574942,2.9914103283322513e-111
89,135618,502.3076432574942,2.9914103283322513e-111
90,141095,502.3076432574942,2.9914103283322513e-111
91,432312,502.3076432574942,2.9914103283322513e-111
92,432895,502.3076432574942,2.9914103283322513e-111
93,4031128,502.3076432574942,2.9914103283322513e-111
94,4083490,502.3076432574942,2.9914103283322513e-111
95,4110815,502.3076432574942,2.9914103283322513e-111
96,4128827,502.3076432574942,2.9914103283322513e-111
97,4194889,502.3076432574942,2.9914103283322513e-111
98,4195085,502.3076432574942,2.9914103283322513e-111
99,4230641,502.3076432574942,2.9914103283322513e-111
100,4272240,502.3076432574942,2.9914103283322513e-111
101,4338120,502.3076432574942,2.9914103283322513e-111
102,36715917,502.3076432574942,2.9914103283322513e-111
103,40481299,502.3076432574942,2.9914103283322513e-111
104,42537730,502.3076432574942,2.9914103283322513e-111
105,43531028,502.3076432574942,2.9914103283322513e-111
106,45768964,502.3076432574942,2.9914103283322513e-111
107,46270470,502.3076432574942,2.9914103283322513e-111
108,46271075,502.3076432574942,2.9914103283322513e-111
109,193402,502.3076432574942,2.9914103283322513e-111
110,200219,502.3076432574942,2.9914103283322513e-111
111,4308093,502.3076432574942,2.9914103283322513e-111
112,4346975,502.3076432574942,2.9914103283322513e-111
113,78619,502.3076432574942,2.9914103283322513e-111
114,137682,502.3076432574942,2.9914103283322513e-111
115,374034,502.3076432574942,2.9914103283322513e-111
116,375547,502.3076432574942,2.9914103283322513e-111
117,378427,502.3076432574942,2.9914103283322513e-111
118,436398,502.3076432574942,2.9914103283322513e-111
119,37016349,502.3076432574942,2.9914103283322513e-111
120,4134121,502.3076432574942,2.9914103283322513e-111
121,4215402,502.3076432574942,2.9914103283322513e-111
122,30133,502.3076432574942,2.9914103283322513e-111
123,381017,502.3076432574942,2.9914103283322513e-111
124,435220,502.3076432574942,2.9914103283322513e-111
125,762297,502.3076432574942,2.9914103283322513e-111
126,141375,502.3076432574942,2.9914103283322513e-111
127,141960,502.3076432574942,2.9914103283322513e-111
128,443769,502.3076432574942,2.9914103283322513e-111
129,35624213,502.3076432574942,2.9914103283322513e-111
130,44784217,502.3076432574942,2.9914103283322513e-111
131,134159,502.3076432574942,2.9914103283322513e-111
132,378424,502.3076432574942,2.9914103283322513e-111
133,4010658,502.3076432574942,2.9914103283322513e-111
134,36712969,502.3076432574942,2.9914103283322513e-111
135,201620,502.3076432574942,2.9914103283322513e-111
136,376065,502.3076432574942,2.9914103283322513e-111
137,443729,502.3076432574942,2.9914103283322513e-111
138,439303,502.3076432574942,2.9914103283322513e-111
139,4035449,502.3076432574942,2.9914103283322513e-111
140,4079750,502.3076432574942,2.9914103283322513e-111
141,132736,502.3076432574942,2.9914103283322513e-111
142,254761,502.3076432574942,2.9914103283322513e-111
143,316822,502.3076432574942,2.9914103283322513e-111
144,321107,502.3076432574942,2.9914103283322513e-111
145,440383,502.3076432574942,2.9914103283322513e-111
146,442077,502.3076432574942,2.9914103283322513e-111
147,4043371,502.3076432574942,2.9914103283322513e-111
148,4108356,502.3076432574942,2.9914103283322513e-111
149,72404,502.3076432574942,2.9914103283322513e-111
150,40481101,502.3076432574942,2.9914103283322513e-111
151,192671,502.3076432574942,2.9914103283322513e-111
152,261599,502.3076432574942,2.9914103283322513e-111
153,433577,502.3076432574942,2.9914103283322513e-111
154,434490,502.3076432574942,2.9914103283322513e-111
155,434894,502.3076432574942,2.9914103283322513e-111
156,437312,502.3076432574942,2.9914103283322513e-111
157,441536,502.3076432574942,2.9914103283322513e-111
158,443455,502.3076432574942,2.9914103283322513e-111
159,4111231,502.3076432574942,2.9914103283322513e-111
160,381537,502.3076432574942,2.9914103283322513e-111
161,432870,502.3076432574942,2.9914103283322513e-111
162,46273463,502.3076432574942,2.9914103283322513e-111
163,378416,502.3076432574942,2.9914103283322513e-111
164,316139,502.3076432574942,2.9914103283322513e-111
165,255573,502.3076432574942,2.9914103283322513e-111
166,261236,502.3076432574942,2.9914103283322513e-111
167,4256761,502.3076432574942,2.9914103283322513e-111
168,762289,502.3076432574942,2.9914103283322513e-111
169,4228361,502.3076432574942,2.9914103283322513e-111
170,134438,502.3076432574942,2.9914103283322513e-111
171,4048489,502.3076432574942,2.9914103283322513e-111
172,4151978,502.3076432574942,2.9914103283322513e-111
173,374946,502.3076432574942,2.9914103283322513e-111
174,4109420,502.3076432574942,2.9914103283322513e-111
175,36713926,502.3076432574942,2.9914103283322513e-111
176,133424,502.3076432574942,2.9914103283322513e-111
177,137820,502.3076432574942,2.9914103283322513e-111
178,260139,502.3076432574942,2.9914103283322513e-111
179,73008,502.3076432574942,2.9914103283322513e-111
180,313217,502.3076432574942,2.9914103283322513e-111
181,764123,502.3076432574942,2.9914103283322513e-111
182,40479589,502.3076432574942,2.9914103283322513e-111
183,138825,502.3076432574942,2.9914103283322513e-111
184,381270,502.3076432574942,2.9914103283322513e-111
185,436817,502.3076432574942,2.9914103283322513e-111
186,4242103,502.3076432574942,2.9914103283322513e-111
187,4271013,502.3076432574942,2.9914103283322513e-111
188,197684,502.3076432574942,2.9914103283322513e-111
189,73840,502.3076432574942,2.9914103283322513e-111
190,375415,502.3076432574942,2.9914103283322513e-111
191,134736,502.3076432574942,2.9914103283322513e-111
192,442306,502.3076432574942,2.9914103283322513e-111
193,141323,502.3076432574942,2.9914103283322513e-111
194,75036,502.3076432574942,2.9914103283322513e-111
195,78232,502.3076432574942,2.9914103283322513e-111
196,4032878,502.3076432574942,2.9914103283322513e-111
197,4033837,502.3076432574942,2.9914103283322513e-111
198,45766714,502.3076432574942,2.9914103283322513e-111
199,78236,502.3076432574942,2.9914103283322513e-111
200,312998,502.3076432574942,2.9914103283322513e-111
201,4053272,502.3076432574942,2.9914103283322513e-111
202,260125,502.3076432574942,2.9914103283322513e-111
203,78228,502.3076432574942,2.9914103283322513e-111
204,441284,502.3076432574942,2.9914103283322513e-111
205,321588,502.3076432574942,2.9914103283322513e-111
206,444101,502.3076432574942,2.9914103283322513e-111
207,765719,502.3076432574942,2.9914103283322513e-111
208,45757435,502.3076432574942,2.9914103283322513e-111
209,45768450,502.3076432574942,2.9914103283322513e-111
210,45768910,502.3076432574942,2.9914103283322513e-111
211,441428,502.3076432574942,2.9914103283322513e-111
212,195867,502.3076432574942,2.9914103283322513e-111
213,256451,502.3076432574942,2.9914103283322513e-111
214,81902,502.3076432574942,2.9914103283322513e-111
215,257012,502.3076432574942,2.9914103283322513e-111
216,73378,502.3076432574942,2.9914103283322513e-111
217,81151,502.3076432574942,2.9914103283322513e-111
218,256449,502.3076432574942,2.9914103283322513e-111
219,261880,502.3076432574942,2.9914103283322513e-111
220,444100,502.3076432574942,2.9914103283322513e-111
221,762294,502.3076432574942,2.9914103283322513e-111
222,4200238,502.3076432574942,2.9914103283322513e-111
223,31317,502.3076432574942,2.9914103283322513e-111
224,140214,502.3076432574942,2.9914103283322513e-111
225,199074,502.3076432574942,2.9914103283322513e-111
226,434005,502.3076432574942,2.9914103283322513e-111
227,436962,502.3076432574942,2.9914103283322513e-111
228,440083,502.3076432574942,2.9914103283322513e-111
229,4027663,502.3076432574942,2.9914103283322513e-111
230,4150062,502.3076432574942,2.9914103283322513e-111
231,4216188,502.3076432574942,2.9914103283322513e-111
232,4248429,502.3076432574942,2.9914103283322513e-111
233,4340960,502.3076432574942,2.9914103283322513e-111
234,377545,502.3076432574942,2.9914103283322513e-111
235,80187,502.3076432574942,2.9914103283322513e-111
236,45770881,502.3076432574942,2.9914103283322513e-111
237,257007,502.3076432574942,2.9914103283322513e-111
238,257011,502.3076432574942,2.9914103283322513e-111
239,4061844,502.3076432574942,2.9914103283322513e-111
240,79916,502.3076432574942,2.9914103283322513e-111
241,198803,502.3076432574942,2.9914103283322513e-111
242,73819,502.3076432574942,2.9914103283322513e-111
243,197925,502.3076432574942,2.9914103283322513e-111
244,4081648,502.3076432574942,2.9914103283322513e-111
245,4306267,502.3076432574942,2.9914103283322513e-111
246,4211231,502.3076432574942,2.9914103283322513e-111
247,28060,502.3076432574942,2.9914103283322513e-111
248,260427,502.3076432574942,2.9914103283322513e-111
249,435796,502.3076432574942,2.9914103283322513e-111
250,439777,502.3076432574942,2.9914103283322513e-111
251,73090,502.3076432574942,2.9914103283322513e-111
252,77081,502.3076432574942,2.9914103283322513e-111
253,77963,502.3076432574942,2.9914103283322513e-111
254,132412,502.3076432574942,2.9914103283322513e-111
255,134460,502.3076432574942,2.9914103283322513e-111
256,193326,502.3076432574942,2.9914103283322513e-111
257,197320,502.3076432574942,2.9914103283322513e-111
258,314666,502.3076432574942,2.9914103283322513e-111
259,372892,502.3076432574942,2.9914103283322513e-111
260,375827,502.3076432574942,2.9914103283322513e-111
261,435524,502.3076432574942,2.9914103283322513e-111
262,436677,502.3076432574942,2.9914103283322513e-111
263,438390,502.3076432574942,2.9914103283322513e-111
264,440029,502.3076432574942,2.9914103283322513e-111
265,443600,502.3076432574942,2.9914103283322513e-111
266,4008706,502.3076432574942,2.9914103283322513e-111
267,4200286,502.3076432574942,2.9914103283322513e-111
268,256439,502.3076432574942,2.9914103283322513e-111
269,4172432,502.3076432574942,2.9914103283322513e-111
270,40483107,502.3076432574942,2.9914103283322513e-111
271,198400,502.3076432574942,2.9914103283322513e-111
272,321876,502.3076432574942,2.9914103283322513e-111
273,433736,502.3076432574942,2.9914103283322513e-111
274,443731,502.3076432574942,2.9914103283322513e-111
275,4109135,502.3076432574942,2.9914103283322513e-111
276,437758,502.3076432574942,2.9914103283322513e-111
277,4224926,502.3076432574942,2.9914103283322513e-111
278,316127,502.3076432574942,2.9914103283322513e-111
279,4195572,502.3076432574942,2.9914103283322513e-111
280,4200056,502.3076432574942,2.9914103283322513e-111
281,197006,502.3076432574942,2.9914103283322513e-111
282,197381,502.3076432574942,2.9914103283322513e-111
283,77670,502.3076432574942,2.9914103283322513e-111
284,4279461,502.3076432574942,2.9914103283322513e-111
285,193322,502.3076432574942,2.9914103283322513e-111
286,200843,502.3076432574942,2.9914103283322513e-111
287,4286201,502.3076432574942,2.9914103283322513e-111
288,4305500,502.3076432574942,2.9914103283322513e-111
289,40304526,502.3076432574942,2.9914103283322513e-111
290,78234,502.3076432574942,2.9914103283322513e-111
291,4077577,502.3076432574942,2.9914103283322513e-111
292,4141454,502.3076432574942,2.9914103283322513e-111
293,436581,502.3076432574942,2.9914103283322513e-111
294,36714126,502.3076432574942,2.9914103283322513e-111
295,4084229,502.3076432574942,2.9914103283322513e-111
296,4191597,502.3076432574942,2.9914103283322513e-111
297,4089462,502.3076432574942,2.9914103283322513e-111
298,4103295,502.3076432574942,2.9914103283322513e-111
299,74635,502.3076432574942,2.9914103283322513e-111
300,313459,502.3076432574942,2.9914103283322513e-111
301,201340,502.3076432574942,2.9914103283322513e-111
302,321042,502.3076432574942,2.9914103283322513e-111
303,4033839,502.3076432574942,2.9914103283322513e-111
304,4093347,502.3076432574942,2.9914103283322513e-111
305,4111409,502.3076432574942,2.9914103283322513e-111
306,4270024,502.3076432574942,2.9914103283322513e-111
307,4296653,502.3076432574942,2.9914103283322513e-111
308,135930,502.3076432574942,2.9914103283322513e-111
309,378425,502.3076432574942,2.9914103283322513e-111
310,437113,502.3076432574942,2.9914103283322513e-111
311,36712802,502.3076432574942,2.9914103283322513e-111
312,42535528,502.3076432574942,2.9914103283322513e-111
313,137053,502.3076432574942,2.9914103283322513e-111
314,25297,502.3076432574942,2.9914103283322513e-111
315,45763759,502.3076432574942,2.9914103283322513e-111
316,141932,502.3076432574942,2.9914103283322513e-111
317,80502,502.3076432574942,2.9914103283322513e-111
318,4025677,502.3076432574942,2.9914103283322513e-111
319,4031106,502.3076432574942,2.9914103283322513e-111
320,4107655,502.3076432574942,2.9914103283322513e-111
321,4277253,502.3076432574942,2.9914103283322513e-111
322,4297667,502.3076432574942,2.9914103283322513e-111
323,72711,502.3076432574942,2.9914103283322513e-111
324,137548,502.3076432574942,2.9914103283322513e-111
325,140821,502.3076432574942,2.9914103283322513e-111
326,4077895,502.3076432574942,2.9914103283322513e-111
327,138841,502.3076432574942,2.9914103283322513e-111
328,4276036,502.3076432574942,2.9914103283322513e-111
329,200962,502.3076432574942,2.9914103283322513e-111
330,4048512,502.3076432574942,2.9914103283322513e-111
331,4172970,502.3076432574942,2.9914103283322513e-111
332,4266809,502.3076432574942,2.9914103283322513e-111
333,37109307,502.3076432574942,2.9914103283322513e-111
334,4224741,502.3076432574942,2.9914103283322513e-111
335,81378,502.3076432574942,2.9914103283322513e-111
336,4212727,502.3076432574942,2.9914103283322513e-111
337,4338523,502.3076432574942,2.9914103283322513e-111
338,376208,502.3076432574942,2.9914103283322513e-111
339,30437,502.3076432574942,2.9914103283322513e-111
340,196523,502.3076432574942,2.9914103283322513e-111
341,257004,502.3076432574942,2.9914103283322513e-111
342,319835,502.3076432574942,2.9914103283322513e-111
343,321052,502.3076432574942,2.9914103283322513e-111
344,435613,502.3076432574942,2.9914103283322513e-111
345,4117695,502.3076432574942,2.9914103283322513e-111
346,36717286,502.3076432574942,2.9914103283322513e-111
347,136773,502.3076432574942,2.9914103283322513e-111
348,435510,502.3076432574942,2.9914103283322513e-111
349,4155189,502.3076432574942,2.9914103283322513e-111
350,438792,502.3076432574942,2.9914103283322513e-111
351,4122116,502.3076432574942,2.9914103283322513e-111
352,40636815,502.3076432574942,2.9914103283322513e-111
353,433440,502.3076432574942,2.9914103283322513e-111
354,134898,502.3076432574942,2.9914103283322513e-111
355,433128,502.3076432574942,2.9914103283322513e-111
356,4003132,502.3076432574942,2.9914103283322513e-111
357,4003487,502.3076432574942,2.9914103283322513e-111
358,36717682,502.3076432574942,2.9914103283322513e-111
359,42537729,502.3076432574942,2.9914103283322513e-111
360,254591,502.3076432574942,2.9914103283322513e-111
361,375552,502.3076432574942,2.9914103283322513e-111
362,140090,502.3076432574942,2.9914103283322513e-111
363,374027,502.3076432574942,2.9914103283322513e-111
364,439007,502.3076432574942,2.9914103283322513e-111
365,132446,502.3076432574942,2.9914103283322513e-111
366,433495,502.3076432574942,2.9914103283322513e-111
367,4033861,502.3076432574942,2.9914103283322513e-111
368,4308509,502.3076432574942,2.9914103283322513e-111
369,443597,502.3076432574942,2.9914103283322513e-111
370,194385,502.3076432574942,2.9914103283322513e-111
371,194690,502.3076432574942,2.9914103283322513e-111
372,440417,502.3076432574942,2.9914103283322513e-111
373,4008556,502.3076432574942,2.9914103283322513e-111
374,4151134,502.3076432574942,2.9914103283322513e-111
375,4155909,502.3076432574942,2.9914103283322513e-111
376,4330445,502.3076432574942,2.9914103283322513e-111
377,40483287,502.3076432574942,2.9914103283322513e-111
378,4115367,502.3076432574942,2.9914103283322513e-111
379,4134177,502.3076432574942,2.9914103283322513e-111
380,4168796,502.3076432574942,2.9914103283322513e-111
381,136497,502.3076432574942,2.9914103283322513e-111
382,765131,502.3076432574942,2.9914103283322513e-111
383,4009648,502.3076432574942,2.9914103283322513e-111
384,4164898,502.3076432574942,2.9914103283322513e-111
385,132391,502.3076432574942,2.9914103283322513e-111
386,201078,502.3076432574942,2.9914103283322513e-111
387,439002,502.3076432574942,2.9914103283322513e-111
388,444070,502.3076432574942,2.9914103283322513e-111
389,4302739,502.3076432574942,2.9914103283322513e-111
390,26727,502.3076432574942,2.9914103283322513e-111
391,73231,502.3076432574942,2.9914103283322513e-111
392,372448,502.3076432574942,2.9914103283322513e-111
393,372886,502.3076432574942,2.9914103283322513e-111
394,377888,502.3076432574942,2.9914103283322513e-111
395,433753,502.3076432574942,2.9914103283322513e-111
396,436659,502.3076432574942,2.9914103283322513e-111
397,436676,502.3076432574942,2.9914103283322513e-111
398,437246,502.3076432574942,2.9914103283322513e-111
399,438120,502.3076432574942,2.9914103283322513e-111
400,443414,502.3076432574942,2.9914103283322513e-111
401,4216083,502.3076432574942,2.9914103283322513e-111
402,4269485,502.3076432574942,2.9914103283322513e-111
403,4282096,502.3076432574942,2.9914103283322513e-111
404,132466,502.3076432574942,2.9914103283322513e-111
405,4209423,502.3076432574942,2.9914103283322513e-111
406,36714686,502.3076432574942,2.9914103283322513e-111
407,81379,502.3076432574942,2.9914103283322513e-111
408,437828,502.3076432574942,2.9914103283322513e-111
409,4057044,502.3076432574942,2.9914103283322513e-111
410,4112026,502.3076432574942,2.9914103283322513e-111
411,200450,502.3076432574942,2.9914103283322513e-111
412,201826,502.3076432574942,2.9914103283322513e-111
413,376400,502.3076432574942,2.9914103283322513e-111
414,437969,502.3076432574942,2.9914103283322513e-111
415,438527,502.3076432574942,2.9914103283322513e-111
416,4193704,502.3076432574942,2.9914103283322513e-111
417,438039,502.3076432574942,2.9914103283322513e-111
418,4208390,502.3076432574942,2.9914103283322513e-111
419,196347,502.3076432574942,2.9914103283322513e-111
420,40487393,502.3076432574942,2.9914103283322513e-111
421,4258683,502.3076432574942,2.9914103283322513e-111
422,36684676,502.3076432574942,2.9914103283322513e-111
423,44782429,502.3076432574942,2.9914103283322513e-111
424,315947,502.3076432574942,2.9914103283322513e-111
425,45763781,502.3076432574942,2.9914103283322513e-111
426,139750,502.3076432574942,2.9914103283322513e-111
427,434298,502.3076432574942,2.9914103283322513e-111
428,435511,502.3076432574942,2.9914103283322513e-111
429,442167,502.3076432574942,2.9914103283322513e-111
430,46271022,502.3076432574942,2.9914103283322513e-111
431,74396,502.3076432574942,2.9914103283322513e-111
432,75576,502.3076432574942,2.9914103283322513e-111
433,314131,502.3076432574942,2.9914103283322513e-111
434,321314,502.3076432574942,2.9914103283322513e-111
435,4170770,502.3076432574942,2.9914103283322513e-111
436,4260918,502.3076432574942,2.9914103283322513e-111
437,444130,502.3076432574942,2.9914103283322513e-111
438,4144111,502.3076432574942,2.9914103283322513e-111
439,139099,502.3076432574942,2.9914103283322513e-111
440,4149353,502.3076432574942,2.9914103283322513e-111
441,435119,502.3076432574942,2.9914103283322513e-111
442,77074,502.3076432574942,2.9914103283322513e-111
443,437992,502.3076432574942,2.9914103283322513e-111
444,198202,502.3076432574942,2.9914103283322513e-111
445,201337,502.3076432574942,2.9914103283322513e-111
446,4263748,502.3076432574942,2.9914103283322513e-111
447,321596,502.3076432574942,2.9914103283322513e-111
448,4115171,502.3076432574942,2.9914103283322513e-111
449,444444,502.3076432574942,2.9914103283322513e-111
450,257907,502.3076432574942,2.9914103283322513e-111
451,380733,502.3076432574942,2.9914103283322513e-111
452,4148121,502.3076432574942,2.9914103283322513e-111
453,79864,502.3076432574942,2.9914103283322513e-111
454,4193868,502.3076432574942,2.9914103283322513e-111
455,444459,502.3076432574942,2.9914103283322513e-111
456,4057177,502.3076432574942,2.9914103283322513e-111
457,81186,502.3076432574942,2.9914103283322513e-111
458,136788,502.3076432574942,2.9914103283322513e-111
459,321319,502.3076432574942,2.9914103283322513e-111
460,436278,502.3076432574942,2.9914103283322513e-111
461,439696,502.3076432574942,2.9914103283322513e-111
462,439846,502.3076432574942,2.9914103283322513e-111
463,443211,502.3076432574942,2.9914103283322513e-111
464,4001450,502.3076432574942,2.9914103283322513e-111
465,4163710,502.3076432574942,2.9914103283322513e-111
466,4168681,502.3076432574942,2.9914103283322513e-111
467,4336254,502.3076432574942,2.9914103283322513e-111
468,36712785,502.3076432574942,2.9914103283322513e-111
469,75863,502.3076432574942,2.9914103283322513e-111
470,438406,502.3076432574942,2.9914103283322513e-111
471,443782,502.3076432574942,2.9914103283322513e-111
472,762217,502.3076432574942,2.9914103283322513e-111
473,435515,502.3076432574942,2.9914103283322513e-111
474,4281109,502.3076432574942,2.9914103283322513e-111
475,40443308,502.3076432574942,2.9914103283322513e-111
476,380094,502.3076432574942,2.9914103283322513e-111
477,433811,502.3076432574942,2.9914103283322513e-111
478,4018956,502.3076432574942,2.9914103283322513e-111
479,134308,502.3076432574942,2.9914103283322513e-111
480,4344500,502.3076432574942,2.9914103283322513e-111
481,4185471,502.3076432574942,2.9914103283322513e-111
482,4004352,502.3076432574942,2.9914103283322513e-111
483,37116521,502.3076432574942,2.9914103283322513e-111
484,133729,502.3076432574942,2.9914103283322513e-111
485,139900,502.3076432574942,2.9914103283322513e-111
486,201965,502.3076432574942,2.9914103283322513e-111
487,437833,502.3076432574942,2.9914103283322513e-111
488,4233565,502.3076432574942,2.9914103283322513e-111
489,379010,502.3076432574942,2.9914103283322513e-111
490,441534,502.3076432574942,2.9914103283322513e-111
491,320136,502.3076432574942,2.9914103283322513e-111
492,378735,502.3076432574942,2.9914103283322513e-111
493,438130,502.3076432574942,2.9914103283322513e-111
494,440704,502.3076432574942,2.9914103283322513e-111
495,40405599,502.3076432574942,2.9914103283322513e-111
496,79908,502.3076432574942,2.9914103283322513e-111
497,4000968,502.3076432574942,2.9914103283322513e-111
498,4056713,502.3076432574942,2.9914103283322513e-111
499,4035439,502.3076432574942,2.9914103283322513e-111
500,261325,502.3076432574942,2.9914103283322513e-111
501,433968,502.3076432574942,2.9914103283322513e-111
502,37116511,502.3076432574942,2.9914103283322513e-111
503,73560,502.3076432574942,2.9914103283322513e-111
504,4069318,502.3076432574942,2.9914103283322513e-111
505,77707,502.3076432574942,2.9914103283322513e-111
506,4146581,502.3076432574942,2.9914103283322513e-111
507,4280726,502.3076432574942,2.9914103283322513e-111
508,201606,502.3076432574942,2.9914103283322513e-111
509,443740,502.3076432574942,2.9914103283322513e-111
510,4120318,502.3076432574942,2.9914103283322513e-111
511,435262,502.3076432574942,2.9914103283322513e-111
512,4040820,502.3076432574942,2.9914103283322513e-111
513,4130851,502.3076432574942,2.9914103283322513e-111
514,372629,502.3076432574942,2.9914103283322513e-111
515,40482267,502.3076432574942,2.9914103283322513e-111
516,372409,502.3076432574942,2.9914103283322513e-111
517,374366,502.3076432574942,2.9914103283322513e-111
518,442111,502.3076432574942,2.9914103283322513e-111
519,45763549,502.3076432574942,2.9914103283322513e-111
520,433758,502.3076432574942,2.9914103283322513e-111
521,4174262,502.3076432574942,2.9914103283322513e-111
522,198263,502.3076432574942,2.9914103283322513e-111
523,138148,502.3076432574942,2.9914103283322513e-111
524,81878,502.3076432574942,2.9914103283322513e-111
525,378756,502.3076432574942,2.9914103283322513e-111
526,4052226,502.3076432574942,2.9914103283322513e-111
527,81931,502.3076432574942,2.9914103283322513e-111
528,40481920,502.3076432574942,2.9914103283322513e-111
529,195864,502.3076432574942,2.9914103283322513e-111
530,4162218,502.3076432574942,2.9914103283322513e-111
531,36713126,502.3076432574942,2.9914103283322513e-111
532,373202,502.3076432574942,2.9914103283322513e-111
533,4068613,502.3076432574942,2.9914103283322513e-111
534,318186,502.3076432574942,2.9914103283322513e-111
535,4142875,502.3076432574942,2.9914103283322513e-111
536,441051,502.3076432574942,2.9914103283322513e-111
537,80492,502.3076432574942,2.9914103283322513e-111
538,433991,502.3076432574942,2.9914103283322513e-111
539,43530807,502.3076432574942,2.9914103283322513e-111
540,444449,502.3076432574942,2.9914103283322513e-111
541,36685925,502.3076432574942,2.9914103283322513e-111
542,4128329,502.3076432574942,2.9914103283322513e-111
543,200845,502.3076432574942,2.9914103283322513e-111
544,201603,502.3076432574942,2.9914103283322513e-111
545,4310235,502.3076432574942,2.9914103283322513e-111
546,259848,502.3076432574942,2.9914103283322513e-111
547,321689,502.3076432574942,2.9914103283322513e-111
548,374044,502.3076432574942,2.9914103283322513e-111
549,436073,502.3076432574942,2.9914103283322513e-111
550,4110961,502.3076432574942,2.9914103283322513e-111
551,4119307,502.3076432574942,2.9914103283322513e-111
552,4120275,502.3076432574942,2.9914103283322513e-111
553,4154290,502.3076432574942,2.9914103283322513e-111
554,4182562,502.3076432574942,2.9914103283322513e-111
555,4214376,502.3076432574942,2.9914103283322513e-111
556,4254485,502.3076432574942,2.9914103283322513e-111
557,40482727,502.3076432574942,2.9914103283322513e-111
558,4035422,502.3076432574942,2.9914103283322513e-111
559,4176908,502.3076432574942,2.9914103283322513e-111
560,4195865,502.3076432574942,2.9914103283322513e-111
561,140641,502.3076432574942,2.9914103283322513e-111
562,140966,502.3076432574942,2.9914103283322513e-111
563,4232697,502.3076432574942,2.9914103283322513e-111
564,73754,502.3076432574942,2.9914103283322513e-111
565,138384,502.3076432574942,2.9914103283322513e-111
566,256722,502.3076432574942,2.9914103283322513e-111
567,4140164,502.3076432574942,2.9914103283322513e-111
568,4166125,502.3076432574942,2.9914103283322513e-111
569,78832,502.3076432574942,2.9914103283322513e-111
570,438485,502.3076432574942,2.9914103283322513e-111
571,4051141,502.3076432574942,2.9914103283322513e-111
572,4042728,502.3076432574942,2.9914103283322513e-111
573,4168700,502.3076432574942,2.9914103283322513e-111
574,135699,502.3076432574942,2.9914103283322513e-111
575,195906,502.3076432574942,2.9914103283322513e-111
576,201905,502.3076432574942,2.9914103283322513e-111
577,440530,502.3076432574942,2.9914103283322513e-111
578,440940,502.3076432574942,2.9914103283322513e-111
579,4145825,502.3076432574942,2.9914103283322513e-111
580,4308696,502.3076432574942,2.9914103283322513e-111
581,140168,502.3076432574942,2.9914103283322513e-111
582,4307925,502.3076432574942,2.9914103283322513e-111
583,24609,502.3076432574942,2.9914103283322513e-111
584,31821,502.3076432574942,2.9914103283322513e-111
585,441561,502.3076432574942,2.9914103283322513e-111
586,442980,502.3076432574942,2.9914103283322513e-111
587,443284,502.3076432574942,2.9914103283322513e-111
588,4057381,502.3076432574942,2.9914103283322513e-111
589,40482683,502.3076432574942,2.9914103283322513e-111
590,198075,502.3076432574942,2.9914103283322513e-111
591,378001,502.3076432574942,2.9914103283322513e-111
592,443785,502.3076432574942,2.9914103283322513e-111
593,4079749,502.3076432574942,2.9914103283322513e-111
594,37018196,502.3076432574942,2.9914103283322513e-111
595,434169,502.3076432574942,2.9914103283322513e-111
596,78273,502.3076432574942,2.9914103283322513e-111
597,4183031,502.3076432574942,2.9914103283322513e-111
598,196360,502.3076432574942,2.9914103283322513e-111
599,433813,502.3076432574942,2.9914103283322513e-111
600,79833,502.3076432574942,2.9914103283322513e-111
601,320744,502.3076432574942,2.9914103283322513e-111
602,381292,502.3076432574942,2.9914103283322513e-111
603,440129,502.3076432574942,2.9914103283322513e-111
604,440371,502.3076432574942,2.9914103283322513e-111
605,4105088,502.3076432574942,2.9914103283322513e-111
606,4148897,502.3076432574942,2.9914103283322513e-111
607,45766207,502.3076432574942,2.9914103283322513e-111
608,139902,502.3076432574942,2.9914103283322513e-111
609,443257,502.3076432574942,2.9914103283322513e-111
610,45770891,502.3076432574942,2.9914103283322513e-111
611,46270491,502.3076432574942,2.9914103283322513e-111
612,29735,502.3076432574942,2.9914103283322513e-111
613,80186,502.3076432574942,2.9914103283322513e-111
614,439907,502.3076432574942,2.9914103283322513e-111
615,4096682,502.3076432574942,2.9914103283322513e-111
616,4194160,502.3076432574942,2.9914103283322513e-111
617,433735,502.3076432574942,2.9914103283322513e-111
618,435225,502.3076432574942,2.9914103283322513e-111
619,4141360,502.3076432574942,2.9914103283322513e-111
620,4166844,502.3076432574942,2.9914103283322513e-111
621,40479192,502.3076432574942,2.9914103283322513e-111
622,4068847,502.3076432574942,2.9914103283322513e-111
623,141941,502.3076432574942,2.9914103283322513e-111
624,4067313,502.3076432574942,2.9914103283322513e-111
625,4069320,502.3076432574942,2.9914103283322513e-111
626,199866,502.3076432574942,2.9914103283322513e-111
627,4288544,502.3076432574942,2.9914103283322513e-111
628,194175,502.3076432574942,2.9914103283322513e-111
629,4306292,502.3076432574942,2.9914103283322513e-111
630,377844,502.3076432574942,2.9914103283322513e-111
631,75860,502.3076432574942,2.9914103283322513e-111
632,317009,502.3076432574942,2.9914103283322513e-111
633,4062387,502.3076432574942,2.9914103283322513e-111
634,442165,502.3076432574942,2.9914103283322513e-111
635,376115,502.3076432574942,2.9914103283322513e-111
636,37016130,502.3076432574942,2.9914103283322513e-111
637,36713170,502.3076432574942,2.9914103283322513e-111
638,141253,502.3076432574942,2.9914103283322513e-111
639,4059290,502.3076432574942,2.9914103283322513e-111
640,4207505,502.3076432574942,2.9914103283322513e-111
641,195834,502.3076432574942,2.9914103283322513e-111
642,319041,502.3076432574942,2.9914103283322513e-111
643,43020938,502.3076432574942,2.9914103283322513e-111
644,200051,502.3076432574942,2.9914103283322513e-111
645,4208264,502.3076432574942,2.9914103283322513e-111
646,4147829,502.3076432574942,2.9914103283322513e-111
647,437663,502.3076432574942,2.9914103283322513e-111
648,314962,502.3076432574942,2.9914103283322513e-111
649,4298026,502.3076432574942,2.9914103283322513e-111
650,36712806,502.3076432574942,2.9914103283322513e-111
651,37017432,502.3076432574942,2.9914103283322513e-111
652,139850,502.3076432574942,2.9914103283322513e-111
653,4002818,502.3076432574942,2.9914103283322513e-111
654,36712779,502.3076432574942,2.9914103283322513e-111
655,195862,502.3076432574942,2.9914103283322513e-111
656,4000983,502.3076432574942,2.9914103283322513e-111
657,40481632,502.3076432574942,2.9914103283322513e-111
658,439005,502.3076432574942,2.9914103283322513e-111
659,40483292,502.3076432574942,2.9914103283322513e-111
660,762296,502.3076432574942,2.9914103283322513e-111
661,43530652,502.3076432574942,2.9914103283322513e-111
662,137809,502.3076432574942,2.9914103283322513e-111
663,441515,502.3076432574942,2.9914103283322513e-111
664,26662,502.3076432574942,2.9914103283322513e-111
665,381001,502.3076432574942,2.9914103283322513e-111
666,135287,502.3076432574942,2.9914103283322513e-111
667,381444,502.3076432574942,2.9914103283322513e-111
668,432851,502.3076432574942,2.9914103283322513e-111
669,4216397,502.3076432574942,2.9914103283322513e-111
670,200452,502.3076432574942,2.9914103283322513e-111
671,132706,502.3076432574942,2.9914103283322513e-111
672,434500,502.3076432574942,2.9914103283322513e-111
673,442104,502.3076432574942,2.9914103283322513e-111
674,3655118,502.3076432574942,2.9914103283322513e-111
675,4119146,502.3076432574942,2.9914103283322513e-111
676,4238518,502.3076432574942,2.9914103283322513e-111
677,45768812,502.3076432574942,2.9914103283322513e-111
678,4049623,502.3076432574942,2.9914103283322513e-111
679,37396808,502.3076432574942,2.9914103283322513e-111
680,75650,502.3076432574942,2.9914103283322513e-111
681,140362,502.3076432574942,2.9914103283322513e-111
682,432588,502.3076432574942,2.9914103283322513e-111
683,45757363,502.3076432574942,2.9914103283322513e-111
684,77162,502.3076432574942,2.9914103283322513e-111
685,374313,502.3076432574942,2.9914103283322513e-111
686,3655355,502.3076432574942,2.9914103283322513e-111
687,4065364,502.3076432574942,2.9914103283322513e-111
688,4221679,502.3076432574942,2.9914103283322513e-111
689,4330878,502.3076432574942,2.9914103283322513e-111
690,23034,502.3076432574942,2.9914103283322513e-111
691,315276,502.3076432574942,2.9914103283322513e-111
692,197607,502.3076432574942,2.9914103283322513e-111
693,77079,502.3076432574942,2.9914103283322513e-111
694,36717036,502.3076432574942,2.9914103283322513e-111
695,379019,502.3076432574942,2.9914103283322513e-111
696,380378,502.3076432574942,2.9914103283322513e-111
697,435243,502.3076432574942,2.9914103283322513e-111
698,4166902,502.3076432574942,2.9914103283322513e-111
699,372912,502.3076432574942,2.9914103283322513e-111
700,437385,502.3076432574942,2.9914103283322513e-111
701,443558,502.3076432574942,2.9914103283322513e-111
702,43530691,502.3076432574942,2.9914103283322513e-111
703,4173943,502.3076432574942,2.9914103283322513e-111
704,43530685,502.3076432574942,2.9914103283322513e-111
705,37118660,502.3076432574942,2.9914103283322513e-111
706,40482444,502.3076432574942,2.9914103283322513e-111
707,440814,502.3076432574942,2.9914103283322513e-111
708,4041285,502.3076432574942,2.9914103283322513e-111
709,4171919,502.3076432574942,2.9914103283322513e-111
710,37206607,502.3076432574942,2.9914103283322513e-111
711,380097,502.3076432574942,2.9914103283322513e-111
712,436062,502.3076432574942,2.9914103283322513e-111
713,437530,502.3076432574942,2.9914103283322513e-111
714,4290822,502.3076432574942,2.9914103283322513e-111
715,36712860,502.3076432574942,2.9914103283322513e-111
716,377889,502.3076432574942,2.9914103283322513e-111
717,4103749,502.3076432574942,2.9914103283322513e-111
718,4258293,502.3076432574942,2.9914103283322513e-111
719,4216644,502.3076432574942,2.9914103283322513e-111
720,31884,502.3076432574942,2.9914103283322513e-111
721,4115173,502.3076432574942,2.9914103283322513e-111
722,4285898,502.3076432574942,2.9914103283322513e-111
723,438749,502.3076432574942,2.9914103283322513e-111
724,441701,502.3076432574942,2.9914103283322513e-111
725,4056717,502.3076432574942,2.9914103283322513e-111
726,45768963,502.3076432574942,2.9914103283322513e-111
727,436785,502.3076432574942,2.9914103283322513e-111
728,4152347,502.3076432574942,2.9914103283322513e-111
729,372887,502.3076432574942,2.9914103283322513e-111
730,4003171,502.3076432574942,2.9914103283322513e-111
731,4275359,502.3076432574942,2.9914103283322513e-111
732,4313365,502.3076432574942,2.9914103283322513e-111
733,75941,502.3076432574942,2.9914103283322513e-111
734,132797,502.3076432574942,2.9914103283322513e-111
735,134681,502.3076432574942,2.9914103283322513e-111
736,255919,502.3076432574942,2.9914103283322513e-111
737,4000609,502.3076432574942,2.9914103283322513e-111
738,4031164,502.3076432574942,2.9914103283322513e-111
739,373503,502.3076432574942,2.9914103283322513e-111
740,434327,502.3076432574942,2.9914103283322513e-111
741,377821,502.3076432574942,2.9914103283322513e-111
742,31610,502.3076432574942,2.9914103283322513e-111
743,201061,502.3076432574942,2.9914103283322513e-111
744,435463,502.3076432574942,2.9914103283322513e-111
745,442752,502.3076432574942,2.9914103283322513e-111
746,133834,502.3076432574942,2.9914103283322513e-111
747,195083,502.3076432574942,2.9914103283322513e-111
748,4066382,502.3076432574942,2.9914103283322513e-111
749,42538119,502.3076432574942,2.9914103283322513e-111
750,432303,502.3076432574942,2.9914103283322513e-111
751,435521,502.3076432574942,2.9914103283322513e-111
752,136368,502.3076432574942,2.9914103283322513e-111
753,432695,502.3076432574942,2.9914103283322513e-111
754,439658,502.3076432574942,2.9914103283322513e-111
755,444094,502.3076432574942,2.9914103283322513e-111
756,4014295,502.3076432574942,2.9914103283322513e-111
757,4239938,502.3076432574942,2.9914103283322513e-111
758,45757092,502.3076432574942,2.9914103283322513e-111
759,80813,502.3076432574942,2.9914103283322513e-111
760,141825,502.3076432574942,2.9914103283322513e-111
761,80242,502.3076432574942,2.9914103283322513e-111
762,318169,502.3076432574942,2.9914103283322513e-111
763,40483134,502.3076432574942,2.9914103283322513e-111
764,201618,502.3076432574942,2.9914103283322513e-111
765,4155034,502.3076432574942,2.9914103283322513e-111
766,381549,502.3076432574942,2.9914103283322513e-111
767,194990,502.3076432574942,2.9914103283322513e-111
768,198678,502.3076432574942,2.9914103283322513e-111
769,258482,502.3076432574942,2.9914103283322513e-111
770,435553,502.3076432574942,2.9914103283322513e-111
771,4276173,502.3076432574942,2.9914103283322513e-111
772,434056,502.3076432574942,2.9914103283322513e-111
773,4302537,502.3076432574942,2.9914103283322513e-111
774,198520,502.3076432574942,2.9914103283322513e-111
775,436948,502.3076432574942,2.9914103283322513e-111
776,438878,502.3076432574942,2.9914103283322513e-111
777,4068482,502.3076432574942,2.9914103283322513e-111
778,443919,502.3076432574942,2.9914103283322513e-111
779,37109301,502.3076432574942,2.9914103283322513e-111
780,78771,502.3076432574942,2.9914103283322513e-111
781,762212,502.3076432574942,2.9914103283322513e-111
782,4268911,502.3076432574942,2.9914103283322513e-111
783,433909,502.3076432574942,2.9914103283322513e-111
784,77234,502.3076432574942,2.9914103283322513e-111
785,4299829,502.3076432574942,2.9914103283322513e-111
786,43021778,502.3076432574942,2.9914103283322513e-111
787,4317977,502.3076432574942,2.9914103283322513e-111
788,200485,502.3076432574942,2.9914103283322513e-111
789,373764,502.3076432574942,2.9914103283322513e-111
790,4012113,502.3076432574942,2.9914103283322513e-111
791,4024561,502.3076432574942,2.9914103283322513e-111
792,4080762,502.3076432574942,2.9914103283322513e-111
793,4101881,502.3076432574942,2.9914103283322513e-111
794,4169095,502.3076432574942,2.9914103283322513e-111
795,4300092,502.3076432574942,2.9914103283322513e-111
796,4345680,502.3076432574942,2.9914103283322513e-111
797,45773181,502.3076432574942,2.9914103283322513e-111
798,255848,502.3076432574942,2.9914103283322513e-111
799,443587,502.3076432574942,2.9914103283322513e-111
800,4009585,502.3076432574942,2.9914103283322513e-111
801,4009619,502.3076432574942,2.9914103283322513e-111
802,4322024,502.3076432574942,2.9914103283322513e-111
803,40479576,502.3076432574942,2.9914103283322513e-111
804,4092743,502.3076432574942,2.9914103283322513e-111
805,4093672,502.3076432574942,2.9914103283322513e-111
806,79936,502.3076432574942,2.9914103283322513e-111
807,4219643,502.3076432574942,2.9914103283322513e-111
808,27918,502.3076432574942,2.9914103283322513e-111
809,4057513,502.3076432574942,2.9914103283322513e-111
810,435792,502.3076432574942,2.9914103283322513e-111
811,134441,502.3076432574942,2.9914103283322513e-111
812,4115027,502.3076432574942,2.9914103283322513e-111
813,4347178,502.3076432574942,2.9914103283322513e-111
814,438134,502.3076432574942,2.9914103283322513e-111
815,201045,502.3076432574942,2.9914103283322513e-111
816,201690,502.3076432574942,2.9914103283322513e-111
817,436665,502.3076432574942,2.9914103283322513e-111
818,4092879,502.3076432574942,2.9914103283322513e-111
819,4097159,502.3076432574942,2.9914103283322513e-111
820,4254542,502.3076432574942,2.9914103283322513e-111
821,42537748,502.3076432574942,2.9914103283322513e-111
822,46273238,502.3076432574942,2.9914103283322513e-111
823,76786,502.3076432574942,2.9914103283322513e-111
824,376984,502.3076432574942,2.9914103283322513e-111
825,381859,502.3076432574942,2.9914103283322513e-111
826,444375,502.3076432574942,2.9914103283322513e-111
827,439937,502.3076432574942,2.9914103283322513e-111
828,4031763,502.3076432574942,2.9914103283322513e-111
829,4167097,502.3076432574942,2.9914103283322513e-111
830,44783972,502.3076432574942,2.9914103283322513e-111
831,759852,502.3076432574942,2.9914103283322513e-111
832,376686,502.3076432574942,2.9914103283322513e-111
833,759853,502.3076432574942,2.9914103283322513e-111
834,4154088,502.3076432574942,2.9914103283322513e-111
835,36712821,502.3076432574942,2.9914103283322513e-111
836,374367,502.3076432574942,2.9914103283322513e-111
837,375671,502.3076432574942,2.9914103283322513e-111
838,441334,502.3076432574942,2.9914103283322513e-111
839,375545,502.3076432574942,2.9914103283322513e-111
840,4152350,502.3076432574942,2.9914103283322513e-111
841,4009573,502.3076432574942,2.9914103283322513e-111
842,432738,502.3076432574942,2.9914103283322513e-111
843,4168686,502.3076432574942,2.9914103283322513e-111
844,135526,502.3076432574942,2.9914103283322513e-111
845,261687,502.3076432574942,2.9914103283322513e-111
846,314059,502.3076432574942,2.9914103283322513e-111
847,78162,502.3076432574942,2.9914103283322513e-111
848,435516,502.3076432574942,2.9914103283322513e-111
849,376966,502.3076432574942,2.9914103283322513e-111
850,4320803,502.3076432574942,2.9914103283322513e-111
851,4322316,502.3076432574942,2.9914103283322513e-111
852,4311629,502.3076432574942,2.9914103283322513e-111
853,434219,502.3076432574942,2.9914103283322513e-111
854,46270082,502.3076432574942,2.9914103283322513e-111
855,4002956,502.3076432574942,2.9914103283322513e-111
856,37116538,502.3076432574942,2.9914103283322513e-111
857,195007,502.3076432574942,2.9914103283322513e-111
858,133810,502.3076432574942,2.9914103283322513e-111
859,42537741,502.3076432574942,2.9914103283322513e-111
860,440424,502.3076432574942,2.9914103283322513e-111
861,441202,502.3076432574942,2.9914103283322513e-111
862,442149,502.3076432574942,2.9914103283322513e-111
863,439407,502.3076432574942,2.9914103283322513e-111
864,316126,502.3076432574942,2.9914103283322513e-111
865,4067069,502.3076432574942,2.9914103283322513e-111
866,315078,502.3076432574942,2.9914103283322513e-111
867,376707,502.3076432574942,2.9914103283322513e-111
868,434348,502.3076432574942,2.9914103283322513e-111
869,434926,502.3076432574942,2.9914103283322513e-111
870,194984,502.3076432574942,2.9914103283322513e-111
871,197988,502.3076432574942,2.9914103283322513e-111
872,312934,502.3076432574942,2.9914103283322513e-111
873,436392,502.3076432574942,2.9914103283322513e-111
874,195581,502.3076432574942,2.9914103283322513e-111
875,4248728,502.3076432574942,2.9914103283322513e-111
876,443563,502.3076432574942,2.9914103283322513e-111
877,4229440,502.3076432574942,2.9914103283322513e-111
878,43530656,502.3076432574942,2.9914103283322513e-111
879,380702,502.3076432574942,2.9914103283322513e-111
880,4204199,502.3076432574942,2.9914103283322513e-111
881,435081,502.3076432574942,2.9914103283322513e-111
882,197672,502.3076432574942,2.9914103283322513e-111
883,375393,502.3076432574942,2.9914103283322513e-111
884,432795,502.3076432574942,2.9914103283322513e-111
885,435829,502.3076432574942,2.9914103283322513e-111
886,443580,502.3076432574942,2.9914103283322513e-111
887,4245143,502.3076432574942,2.9914103283322513e-111
888,43021258,502.3076432574942,2.9914103283322513e-111
889,43531003,502.3076432574942,2.9914103283322513e-111
890,4113008,502.3076432574942,2.9914103283322513e-111
891,321318,502.3076432574942,2.9914103283322513e-111
892,195321,502.3076432574942,2.9914103283322513e-111
893,438383,502.3076432574942,2.9914103283322513e-111
894,4168222,502.3076432574942,2.9914103283322513e-111
895,439840,502.3076432574942,2.9914103283322513e-111
896,442108,502.3076432574942,2.9914103283322513e-111
897,74132,502.3076432574942,2.9914103283322513e-111
898,4310821,502.3076432574942,2.9914103283322513e-111
899,4148231,502.3076432574942,2.9914103283322513e-111
900,196569,502.3076432574942,2.9914103283322513e-111
901,4150125,502.3076432574942,2.9914103283322513e-111
902,192568,502.3076432574942,2.9914103283322513e-111
903,4246451,502.3076432574942,2.9914103283322513e-111
904,4084966,502.3076432574942,2.9914103283322513e-111
905,195603,502.3076432574942,2.9914103283322513e-111
906,0,502.3076432574942,2.9914103283322513e-111
907,441408,502.3076432574942,2.9914103283322513e-111
908,4303233,502.3076432574942,2.9914103283322513e-111
909,437498,502.3076432574942,2.9914103283322513e-111
910,4038838,502.3076432574942,2.9914103283322513e-111
911,27674,502.3076432574942,2.9914103283322513e-111
912,4031113,502.3076432574942,2.9914103283322513e-111
913,4151263,502.3076432574942,2.9914103283322513e-111
914,4188155,502.3076432574942,2.9914103283322513e-111
915,439080,502.3076432574942,2.9914103283322513e-111
916,373474,502.3076432574942,2.9914103283322513e-111
917,4329707,502.3076432574942,2.9914103283322513e-111
918,255348,502.3076432574942,2.9914103283322513e-111
919,4009606,502.3076432574942,2.9914103283322513e-111
920,435418,502.3076432574942,2.9914103283322513e-111
921,44782759,502.3076432574942,2.9914103283322513e-111
922,40487064,502.3076432574942,2.9914103283322513e-111
923,373499,502.3076432574942,2.9914103283322513e-111
924,44783028,502.3076432574942,2.9914103283322513e-111
925,194992,502.3076432574942,2.9914103283322513e-111
926,77066,502.3076432574942,2.9914103283322513e-111
927,132344,502.3076432574942,2.9914103283322513e-111
928,314658,502.3076432574942,2.9914103283322513e-111
929,200171,502.3076432574942,2.9914103283322513e-111
930,318566,502.3076432574942,2.9914103283322513e-111
931,321887,502.3076432574942,2.9914103283322513e-111
932,4035611,502.3076432574942,2.9914103283322513e-111
933,4168217,502.3076432574942,2.9914103283322513e-111
934,43021779,502.3076432574942,2.9914103283322513e-111
935,45771045,502.3076432574942,2.9914103283322513e-111
936,40481325,502.3076432574942,2.9914103283322513e-111
937,194993,502.3076432574942,2.9914103283322513e-111
938,4152351,502.3076432574942,2.9914103283322513e-111
939,36687157,502.3076432574942,2.9914103283322513e-111
940,434814,502.3076432574942,2.9914103283322513e-111
941,440409,502.3076432574942,2.9914103283322513e-111
942,4195813,502.3076432574942,2.9914103283322513e-111
943,380111,502.3076432574942,2.9914103283322513e-111
944,443733,502.3076432574942,2.9914103283322513e-111
945,40481089,502.3076432574942,2.9914103283322513e-111
946,4168689,502.3076432574942,2.9914103283322513e-111
947,40479260,502.3076432574942,2.9914103283322513e-111
948,438422,502.3076432574942,2.9914103283322513e-111
949,37110250,502.3076432574942,2.9914103283322513e-111
950,4100662,502.3076432574942,2.9914103283322513e-111
951,380731,502.3076432574942,2.9914103283322513e-111
952,444211,502.3076432574942,2.9914103283322513e-111
953,316998,502.3076432574942,2.9914103283322513e-111
954,443358,502.3076432574942,2.9914103283322513e-111
955,443593,502.3076432574942,2.9914103283322513e-111
956,4336384,502.3076432574942,2.9914103283322513e-111
957,197916,502.3076432574942,2.9914103283322513e-111
958,4130023,502.3076432574942,2.9914103283322513e-111
959,4015216,502.3076432574942,2.9914103283322513e-111
960,42873169,502.3076432574942,2.9914103283322513e-111
961,381035,502.3076432574942,2.9914103283322513e-111
962,436799,502.3076432574942,2.9914103283322513e-111
963,437116,502.3076432574942,2.9914103283322513e-111
964,4061735,502.3076432574942,2.9914103283322513e-111
965,4134176,502.3076432574942,2.9914103283322513e-111
966,138346,502.3076432574942,2.9914103283322513e-111
967,375265,502.3076432574942,2.9914103283322513e-111
968,4009457,502.3076432574942,2.9914103283322513e-111
969,46269757,502.3076432574942,2.9914103283322513e-111
970,4275423,502.3076432574942,2.9914103283322513e-111
971,375281,502.3076432574942,2.9914103283322513e-111
972,4025325,502.3076432574942,2.9914103283322513e-111
973,4177651,502.3076432574942,2.9914103283322513e-111
974,4329041,502.3076432574942,2.9914103283322513e-111
975,374919,502.3076432574942,2.9914103283322513e-111
976,79072,502.3076432574942,2.9914103283322513e-111
977,4146209,502.3076432574942,2.9914103283322513e-111
978,4194652,502.3076432574942,2.9914103283322513e-111
979,4031840,502.3076432574942,2.9914103283322513e-111
980,376422,502.3076432574942,2.9914103283322513e-111
981,4168213,502.3076432574942,2.9914103283322513e-111
982,4092538,502.3076432574942,2.9914103283322513e-111
983,137977,502.3076432574942,2.9914103283322513e-111
984,197494,502.3076432574942,2.9914103283322513e-111
985,4151985,502.3076432574942,2.9914103283322513e-111
986,434170,502.3076432574942,2.9914103283322513e-111
987,194997,502.3076432574942,2.9914103283322513e-111
988,319844,502.3076432574942,2.9914103283322513e-111
989,376125,502.3076432574942,2.9914103283322513e-111
990,4180628,502.3076432574942,2.9914103283322513e-111
991,4245252,502.3076432574942,2.9914103283322513e-111
992,4288310,502.3076432574942,2.9914103283322513e-111
993,193518,502.3076432574942,2.9914103283322513e-111
994,194686,502.3076432574942,2.9914103283322513e-111
995,197500,502.3076432574942,2.9914103283322513e-111
996,4098458,502.3076432574942,2.9914103283322513e-111
997,79917,502.3076432574942,2.9914103283322513e-111
998,436353,502.3076432574942,2.9914103283322513e-111
999,45757591,502.3076432574942,2.9914103283322513e-111
1000,319034,502.3076432574942,2.9914103283322513e-111
1001,312622,502.3076432574942,2.9914103283322513e-111
1002,4049417,502.3076432574942,2.9914103283322513e-111
1003,4164346,502.3076432574942,2.9914103283322513e-111
1004,197023,502.3076432574942,2.9914103283322513e-111
1005,4111412,502.3076432574942,2.9914103283322513e-111
1006,4111566,502.3076432574942,2.9914103283322513e-111
1007,4125590,502.3076432574942,2.9914103283322513e-111
1008,437677,502.3076432574942,2.9914103283322513e-111
1009,440408,502.3076432574942,2.9914103283322513e-111
1010,4133224,502.3076432574942,2.9914103283322513e-111
1011,372888,502.3076432574942,2.9914103283322513e-111
1012,40481180,502.3076432574942,2.9914103283322513e-111
1013,432585,502.3076432574942,2.9914103283322513e-111
1014,434860,502.3076432574942,2.9914103283322513e-111
1015,438398,502.3076432574942,2.9914103283322513e-111
1016,4098292,502.3076432574942,2.9914103283322513e-111
1017,4137430,502.3076432574942,2.9914103283322513e-111
1018,4155040,502.3076432574942,2.9914103283322513e-111
1019,37396146,502.3076432574942,2.9914103283322513e-111
1020,45757468,502.3076432574942,2.9914103283322513e-111
1021,137989,502.3076432574942,2.9914103283322513e-111
1022,4137468,502.3076432574942,2.9914103283322513e-111
1023,140842,502.3076432574942,2.9914103283322513e-111
1024,4031019,502.3076432574942,2.9914103283322513e-111
1025,4289526,502.3076432574942,2.9914103283322513e-111
1026,37018854,502.3076432574942,2.9914103283322513e-111
1027,4048485,502.3076432574942,2.9914103283322513e-111
1028,4146763,502.3076432574942,2.9914103283322513e-111
1029,4184002,502.3076432574942,2.9914103283322513e-111
1030,4308802,502.3076432574942,2.9914103283322513e-111
1031,198101,502.3076432574942,2.9914103283322513e-111
1032,372328,502.3076432574942,2.9914103283322513e-111
1033,4000982,502.3076432574942,2.9914103283322513e-111
1034,4260535,502.3076432574942,2.9914103283322513e-111
1035,36713107,502.3076432574942,2.9914103283322513e-111
1036,46269900,502.3076432574942,2.9914103283322513e-111
1037,4311159,502.3076432574942,2.9914103283322513e-111
1038,441259,502.3076432574942,2.9914103283322513e-111
1039,45770830,502.3076432574942,2.9914103283322513e-111
1040,433225,502.3076432574942,2.9914103283322513e-111
1041,443612,502.3076432574942,2.9914103283322513e-111
1042,45757650,502.3076432574942,2.9914103283322513e-111
1043,437390,502.3076432574942,2.9914103283322513e-111
1044,440674,502.3076432574942,2.9914103283322513e-111
1045,443403,502.3076432574942,2.9914103283322513e-111
1046,36717114,502.3076432574942,2.9914103283322513e-111
1047,36716978,502.3076432574942,2.9914103283322513e-111
1048,4055987,502.3076432574942,2.9914103283322513e-111
1049,435459,502.3076432574942,2.9914103283322513e-111
1050,4093673,502.3076432574942,2.9914103283322513e-111
1051,4108235,502.3076432574942,2.9914103283322513e-111
1052,4201745,502.3076432574942,2.9914103283322513e-111
1053,4339214,502.3076432574942,2.9914103283322513e-111
1054,4131963,502.3076432574942,2.9914103283322513e-111
1055,81106,502.3076432574942,2.9914103283322513e-111
1056,137351,502.3076432574942,2.9914103283322513e-111
1057,433524,502.3076432574942,2.9914103283322513e-111
1058,443454,502.3076432574942,2.9914103283322513e-111
1059,4177206,502.3076432574942,2.9914103283322513e-111
1060,315286,502.3076432574942,2.9914103283322513e-111
1061,43531578,502.3076432574942,2.9914103283322513e-111
1062,378161,502.3076432574942,2.9914103283322513e-111
1063,4138149,502.3076432574942,2.9914103283322513e-111
1064,77129,502.3076432574942,2.9914103283322513e-111
1065,133141,502.3076432574942,2.9914103283322513e-111
1066,4117116,502.3076432574942,2.9914103283322513e-111
1067,36717183,502.3076432574942,2.9914103283322513e-111
1068,435517,502.3076432574942,2.9914103283322513e-111
1069,4032787,502.3076432574942,2.9914103283322513e-111
1070,45769207,502.3076432574942,2.9914103283322513e-111
1071,195585,502.3076432574942,2.9914103283322513e-111
1072,198402,502.3076432574942,2.9914103283322513e-111
1073,4108943,502.3076432574942,2.9914103283322513e-111
1074,78272,502.3076432574942,2.9914103283322513e-111
1075,375519,502.3076432574942,2.9914103283322513e-111
1076,442775,502.3076432574942,2.9914103283322513e-111
1077,443344,502.3076432574942,2.9914103283322513e-111
1078,46269816,502.3076432574942,2.9914103283322513e-111
1079,434063,502.3076432574942,2.9914103283322513e-111
1080,75004,502.3076432574942,2.9914103283322513e-111
1081,195771,502.3076432574942,2.9914103283322513e-111
1082,4291454,502.3076432574942,2.9914103283322513e-111
1083,43022059,502.3076432574942,2.9914103283322513e-111
1084,43530742,502.3076432574942,2.9914103283322513e-111
1085,80504,502.3076432574942,2.9914103283322513e-111
1086,194684,502.3076432574942,2.9914103283322513e-111
1087,195575,502.3076432574942,2.9914103283322513e-111
1088,379812,502.3076432574942,2.9914103283322513e-111
1089,433471,502.3076432574942,2.9914103283322513e-111
1090,443784,502.3076432574942,2.9914103283322513e-111
1091,4101747,502.3076432574942,2.9914103283322513e-111
1092,37118667,502.3076432574942,2.9914103283322513e-111
1093,321882,502.3076432574942,2.9914103283322513e-111
1094,198100,502.3076432574942,2.9914103283322513e-111
1095,254443,502.3076432574942,2.9914103283322513e-111
1096,437541,502.3076432574942,2.9914103283322513e-111
1097,444445,502.3076432574942,2.9914103283322513e-111
1098,73001,502.3076432574942,2.9914103283322513e-111
1099,194081,502.3076432574942,2.9914103283322513e-111
1100,197676,502.3076432574942,2.9914103283322513e-111
1101,762216,502.3076432574942,2.9914103283322513e-111
1102,4069652,502.3076432574942,2.9914103283322513e-111
1103,4141028,502.3076432574942,2.9914103283322513e-111
1104,438409,502.3076432574942,2.9914103283322513e-111
1105,195599,502.3076432574942,2.9914103283322513e-111
1106,4232337,502.3076432574942,2.9914103283322513e-111
1107,4332246,502.3076432574942,2.9914103283322513e-111
1108,256723,502.3076432574942,2.9914103283322513e-111
1109,439727,502.3076432574942,2.9914103283322513e-111
1110,376965,502.3076432574942,2.9914103283322513e-111
1111,132781,502.3076432574942,2.9914103283322513e-111
1112,253321,502.3076432574942,2.9914103283322513e-111
1113,261326,502.3076432574942,2.9914103283322513e-111
1114,320299,502.3076432574942,2.9914103283322513e-111
1115,436145,502.3076432574942,2.9914103283322513e-111
1116,436222,502.3076432574942,2.9914103283322513e-111
1117,443575,502.3076432574942,2.9914103283322513e-111
1118,4103703,502.3076432574942,2.9914103283322513e-111
1119,4111921,502.3076432574942,2.9914103283322513e-111
1120,40480602,502.3076432574942,2.9914103283322513e-111
1121,40481042,502.3076432574942,2.9914103283322513e-111
1122,40481043,502.3076432574942,2.9914103283322513e-111
1123,43530637,502.3076432574942,2.9914103283322513e-111
1124,44782733,502.3076432574942,2.9914103283322513e-111
1125,432545,502.3076432574942,2.9914103283322513e-111
1126,438531,502.3076432574942,2.9914103283322513e-111
1127,201916,502.3076432574942,2.9914103283322513e-111
1128,4180849,502.3076432574942,2.9914103283322513e-111
1129,46286594,502.3076432574942,2.9914103283322513e-111
1130,4157456,502.3076432574942,2.9914103283322513e-111
1131,432791,502.3076432574942,2.9914103283322513e-111
1132,434000,502.3076432574942,2.9914103283322513e-111
1133,4110948,502.3076432574942,2.9914103283322513e-111
1134,40483171,502.3076432574942,2.9914103283322513e-111
1135,46273539,502.3076432574942,2.9914103283322513e-111
1136,42537304,502.3076432574942,2.9914103283322513e-111
1137,374923,502.3076432574942,2.9914103283322513e-111
1138,4160055,502.3076432574942,2.9914103283322513e-111
1139,133147,502.3076432574942,2.9914103283322513e-111
1140,139766,502.3076432574942,2.9914103283322513e-111
1141,377910,502.3076432574942,2.9914103283322513e-111
1142,435224,502.3076432574942,2.9914103283322513e-111
1143,439981,502.3076432574942,2.9914103283322513e-111
1144,4064028,502.3076432574942,2.9914103283322513e-111
1145,4149851,502.3076432574942,2.9914103283322513e-111
1146,4226022,502.3076432574942,2.9914103283322513e-111
1147,4297668,502.3076432574942,2.9914103283322513e-111
1148,372924,502.3076432574942,2.9914103283322513e-111
1149,36714994,502.3076432574942,2.9914103283322513e-111
1150,4197476,502.3076432574942,2.9914103283322513e-111
1151,36684613,502.3076432574942,2.9914103283322513e-111
1152,372424,502.3076432574942,2.9914103283322513e-111
1153,317248,502.3076432574942,2.9914103283322513e-111
1154,377091,502.3076432574942,2.9914103283322513e-111
1155,4138617,502.3076432574942,2.9914103283322513e-111
1156,4286497,502.3076432574942,2.9914103283322513e-111
1157,314379,502.3076432574942,2.9914103283322513e-111
1158,372929,502.3076432574942,2.9914103283322513e-111
1159,314487,502.3076432574942,2.9914103283322513e-111
1160,4103418,502.3076432574942,2.9914103283322513e-111
1161,4168212,502.3076432574942,2.9914103283322513e-111
1162,443601,502.3076432574942,2.9914103283322513e-111
1163,36712983,502.3076432574942,2.9914103283322513e-111
1164,315085,502.3076432574942,2.9914103283322513e-111
1165,4152592,502.3076432574942,2.9914103283322513e-111
1166,4165998,502.3076432574942,2.9914103283322513e-111
1167,196157,502.3076432574942,2.9914103283322513e-111
1168,196456,502.3076432574942,2.9914103283322513e-111
1169,4173734,502.3076432574942,2.9914103283322513e-111
1170,36713111,502.3076432574942,2.9914103283322513e-111
1171,45757639,502.3076432574942,2.9914103283322513e-111
1172,45768965,502.3076432574942,2.9914103283322513e-111
1173,4152384,502.3076432574942,2.9914103283322513e-111
1174,4298740,502.3076432574942,2.9914103283322513e-111
1175,201265,502.3076432574942,2.9914103283322513e-111
1176,318443,502.3076432574942,2.9914103283322513e-111
1177,4018962,502.3076432574942,2.9914103283322513e-111
1178,195590,502.3076432574942,2.9914103283322513e-111
1179,4341635,502.3076432574942,2.9914103283322513e-111
1180,197675,502.3076432574942,2.9914103283322513e-111
1181,4117404,502.3076432574942,2.9914103283322513e-111
1182,4244662,502.3076432574942,2.9914103283322513e-111
1183,36687192,502.3076432574942,2.9914103283322513e-111
1184,433633,502.3076432574942,2.9914103283322513e-111
1185,376981,502.3076432574942,2.9914103283322513e-111
1186,74728,502.3076432574942,2.9914103283322513e-111
1187,75911,502.3076432574942,2.9914103283322513e-111
1188,4136228,502.3076432574942,2.9914103283322513e-111
1189,4153359,502.3076432574942,2.9914103283322513e-111
1190,315558,502.3076432574942,2.9914103283322513e-111
1191,432582,502.3076432574942,2.9914103283322513e-111
1192,435790,502.3076432574942,2.9914103283322513e-111
1193,379832,502.3076432574942,2.9914103283322513e-111
1194,4299417,502.3076432574942,2.9914103283322513e-111
1195,4194894,502.3076432574942,2.9914103283322513e-111
1196,257683,502.3076432574942,2.9914103283322513e-111
1197,439392,502.3076432574942,2.9914103283322513e-111
1198,46272242,502.3076432574942,2.9914103283322513e-111
1199,37116845,502.3076432574942,2.9914103283322513e-111
1200,4057826,502.3076432574942,2.9914103283322513e-111
1201,4056770,502.3076432574942,2.9914103283322513e-111
1202,4009187,502.3076432574942,2.9914103283322513e-111
1203,4195231,502.3076432574942,2.9914103283322513e-111
1204,435783,502.3076432574942,2.9914103283322513e-111
1205,198371,502.3076432574942,2.9914103283322513e-111
1206,435788,502.3076432574942,2.9914103283322513e-111
1207,37018875,502.3076432574942,2.9914103283322513e-111
1208,437461,502.3076432574942,2.9914103283322513e-111
1209,4119460,502.3076432574942,2.9914103283322513e-111
1210,4052646,502.3076432574942,2.9914103283322513e-111
1211,443524,502.3076432574942,2.9914103283322513e-111
1212,4102501,502.3076432574942,2.9914103283322513e-111
1213,76503,502.3076432574942,2.9914103283322513e-111
1214,4185356,502.3076432574942,2.9914103283322513e-111
1215,4261842,502.3076432574942,2.9914103283322513e-111
1216,317305,502.3076432574942,2.9914103283322513e-111
1217,4195694,502.3076432574942,2.9914103283322513e-111
1218,37208308,502.3076432574942,2.9914103283322513e-111
1219,40481896,502.3076432574942,2.9914103283322513e-111
1220,77076,502.3076432574942,2.9914103283322513e-111
1221,437708,502.3076432574942,2.9914103283322513e-111
1222,4102183,502.3076432574942,2.9914103283322513e-111
1223,4056580,502.3076432574942,2.9914103283322513e-111
1224,762213,502.3076432574942,2.9914103283322513e-111
1225,36715916,502.3076432574942,2.9914103283322513e-111
1226,40482507,502.3076432574942,2.9914103283322513e-111
1227,45757736,502.3076432574942,2.9914103283322513e-111
1228,132853,502.3076432574942,2.9914103283322513e-111
1229,4082311,502.3076432574942,2.9914103283322513e-111
1230,4155033,502.3076432574942,2.9914103283322513e-111
1231,42536696,502.3076432574942,2.9914103283322513e-111
1232,201820,502.3076432574942,2.9914103283322513e-111
1233,42873170,502.3076432574942,2.9914103283322513e-111
1234,137858,502.3076432574942,2.9914103283322513e-111
1235,4053828,502.3076432574942,2.9914103283322513e-111
1236,4083820,502.3076432574942,2.9914103283322513e-111
1237,40481319,502.3076432574942,2.9914103283322513e-111
1238,45757320,502.3076432574942,2.9914103283322513e-111
1239,195588,502.3076432574942,2.9914103283322513e-111
1240,315296,502.3076432574942,2.9914103283322513e-111
1241,4112521,502.3076432574942,2.9914103283322513e-111
1242,434610,502.3076432574942,2.9914103283322513e-111
1243,4168701,502.3076432574942,2.9914103283322513e-111
1244,141104,502.3076432574942,2.9914103283322513e-111
1245,440360,502.3076432574942,2.9914103283322513e-111
1246,4032799,502.3076432574942,2.9914103283322513e-111
1247,36712982,502.3076432574942,2.9914103283322513e-111
1248,46269750,502.3076432574942,2.9914103283322513e-111
1249,373852,502.3076432574942,2.9914103283322513e-111
1250,438156,502.3076432574942,2.9914103283322513e-111
1251,441025,502.3076432574942,2.9914103283322513e-111
1252,4038038,502.3076432574942,2.9914103283322513e-111
1253,4245842,502.3076432574942,2.9914103283322513e-111
1254,138056,502.3076432574942,2.9914103283322513e-111
1255,253549,502.3076432574942,2.9914103283322513e-111
1256,4320824,502.3076432574942,2.9914103283322513e-111
1257,74125,502.3076432574942,2.9914103283322513e-111
1258,4347174,502.3076432574942,2.9914103283322513e-111
1259,4193620,502.3076432574942,2.9914103283322513e-111
1260,44782421,502.3076432574942,2.9914103283322513e-111
1261,4339010,502.3076432574942,2.9914103283322513e-111
1262,140273,502.3076432574942,2.9914103283322513e-111
1263,200765,502.3076432574942,2.9914103283322513e-111
1264,44783016,502.3076432574942,2.9914103283322513e-111
1265,201211,502.3076432574942,2.9914103283322513e-111
1266,254061,502.3076432574942,2.9914103283322513e-111
1267,438252,502.3076432574942,2.9914103283322513e-111
1268,4053604,502.3076432574942,2.9914103283322513e-111
1269,4162993,502.3076432574942,2.9914103283322513e-111
1270,762207,502.3076432574942,2.9914103283322513e-111
1271,4112752,502.3076432574942,2.9914103283322513e-111
1272,45763761,502.3076432574942,2.9914103283322513e-111
1273,31602,502.3076432574942,2.9914103283322513e-111
1274,40481354,502.3076432574942,2.9914103283322513e-111
1275,4044391,502.3076432574942,2.9914103283322513e-111
1276,36717006,502.3076432574942,2.9914103283322513e-111
1277,432301,502.3076432574942,2.9914103283322513e-111
1278,4175154,502.3076432574942,2.9914103283322513e-111
1279,192450,502.3076432574942,2.9914103283322513e-111
1280,376229,502.3076432574942,2.9914103283322513e-111
1281,255841,502.3076432574942,2.9914103283322513e-111
1282,439935,502.3076432574942,2.9914103283322513e-111
1283,4098302,502.3076432574942,2.9914103283322513e-111
1284,4317548,502.3076432574942,2.9914103283322513e-111
1285,376647,502.3076432574942,2.9914103283322513e-111
1286,4312698,502.3076432574942,2.9914103283322513e-111
1287,36715918,502.3076432574942,2.9914103283322513e-111
1288,40484102,502.3076432574942,2.9914103283322513e-111
1289,78786,502.3076432574942,2.9914103283322513e-111
1290,192359,502.3076432574942,2.9914103283322513e-111
1291,193782,502.3076432574942,2.9914103283322513e-111
1292,4243940,502.3076432574942,2.9914103283322513e-111
1293,4104431,502.3076432574942,2.9914103283322513e-111
1294,4264766,502.3076432574942,2.9914103283322513e-111
1295,45763846,502.3076432574942,2.9914103283322513e-111
1296,4309257,502.3076432574942,2.9914103283322513e-111
1297,4319151,502.3076432574942,2.9914103283322513e-111
1298,4353709,502.3076432574942,2.9914103283322513e-111
1299,43531027,502.3076432574942,2.9914103283322513e-111
1300,437521,502.3076432574942,2.9914103283322513e-111
1301,45768908,502.3076432574942,2.9914103283322513e-111
1302,374013,502.3076432574942,2.9914103283322513e-111
1303,136516,502.3076432574942,2.9914103283322513e-111
1304,4233811,502.3076432574942,2.9914103283322513e-111
1305,37396726,502.3076432574942,2.9914103283322513e-111
1306,44782732,502.3076432574942,2.9914103283322513e-111
1307,4148260,502.3076432574942,2.9914103283322513e-111
1308,77955,502.3076432574942,2.9914103283322513e-111
1309,4174994,502.3076432574942,2.9914103283322513e-111
1310,4305080,502.3076432574942,2.9914103283322513e-111
1311,201614,502.3076432574942,2.9914103283322513e-111
1312,433163,502.3076432574942,2.9914103283322513e-111
1313,4127117,502.3076432574942,2.9914103283322513e-111
1314,40482638,502.3076432574942,2.9914103283322513e-111
1315,4270887,502.3076432574942,2.9914103283322513e-111
1316,432263,502.3076432574942,2.9914103283322513e-111
1317,436238,502.3076432574942,2.9914103283322513e-111
1318,198464,502.3076432574942,2.9914103283322513e-111
1319,4290728,502.3076432574942,2.9914103283322513e-111
1320,4246581,502.3076432574942,2.9914103283322513e-111
1321,435082,502.3076432574942,2.9914103283322513e-111
1322,4064161,502.3076432574942,2.9914103283322513e-111
1323,436033,502.3076432574942,2.9914103283322513e-111
1324,4087756,502.3076432574942,2.9914103283322513e-111
1325,4010763,502.3076432574942,2.9914103283322513e-111
1326,40480453,502.3076432574942,2.9914103283322513e-111
1327,4331284,502.3076432574942,2.9914103283322513e-111
1328,80767,502.3076432574942,2.9914103283322513e-111
1329,4344386,502.3076432574942,2.9914103283322513e-111
1330,193020,502.3076432574942,2.9914103283322513e-111
1331,196158,502.3076432574942,2.9914103283322513e-111
1332,4181965,502.3076432574942,2.9914103283322513e-111
1333,4226021,502.3076432574942,2.9914103283322513e-111
1334,4300110,502.3076432574942,2.9914103283322513e-111
1335,43530690,502.3076432574942,2.9914103283322513e-111
1336,4056577,502.3076432574942,2.9914103283322513e-111
1337,443800,502.3076432574942,2.9914103283322513e-111
1338,4060424,502.3076432574942,2.9914103283322513e-111
1339,4063306,502.3076432574942,2.9914103283322513e-111
1340,4307820,502.3076432574942,2.9914103283322513e-111
1341,45757153,502.3076432574942,2.9914103283322513e-111
1342,4264617,502.3076432574942,2.9914103283322513e-111
1343,4261072,502.3076432574942,2.9914103283322513e-111
1344,434588,502.3076432574942,2.9914103283322513e-111
1345,4000964,502.3076432574942,2.9914103283322513e-111
1346,444411,502.3076432574942,2.9914103283322513e-111
1347,197610,502.3076432574942,2.9914103283322513e-111
1348,436101,502.3076432574942,2.9914103283322513e-111
1349,80045,502.3076432574942,2.9914103283322513e-111
1350,4152931,502.3076432574942,2.9914103283322513e-111
1351,4178810,502.3076432574942,2.9914103283322513e-111
1352,37018293,502.3076432574942,2.9914103283322513e-111
1353,4022073,502.3076432574942,2.9914103283322513e-111
1354,4098604,502.3076432574942,2.9914103283322513e-111
1355,36712754,502.3076432574942,2.9914103283322513e-111
1356,45771398,502.3076432574942,2.9914103283322513e-111
1357,4289309,502.3076432574942,2.9914103283322513e-111
1358,4187218,502.3076432574942,2.9914103283322513e-111
1359,37109843,502.3076432574942,2.9914103283322513e-111
1360,440329,502.3076432574942,2.9914103283322513e-111
1361,45757804,502.3076432574942,2.9914103283322513e-111
1362,45757072,502.3076432574942,2.9914103283322513e-111
1363,36712753,502.3076432574942,2.9914103283322513e-111
1364,4241530,502.3076432574942,2.9914103283322513e-111
1365,314665,502.3076432574942,2.9914103283322513e-111
1366,4067872,502.3076432574942,2.9914103283322513e-111
1367,4117393,502.3076432574942,2.9914103283322513e-111
1368,4135083,502.3076432574942,2.9914103283322513e-111
1369,4292547,502.3076432574942,2.9914103283322513e-111
1370,45769350,502.3076432574942,2.9914103283322513e-111
1371,4331508,502.3076432574942,2.9914103283322513e-111
1372,36676837,502.3076432574942,2.9914103283322513e-111
1373,372891,502.3076432574942,2.9914103283322513e-111
1374,435269,502.3076432574942,2.9914103283322513e-111
1375,436658,502.3076432574942,2.9914103283322513e-111
1376,46273487,502.3076432574942,2.9914103283322513e-111
1377,4149904,502.3076432574942,2.9914103283322513e-111
1378,381028,502.3076432574942,2.9914103283322513e-111
1379,378160,502.3076432574942,2.9914103283322513e-111
1380,379031,502.3076432574942,2.9914103283322513e-111
1381,37207956,502.3076432574942,2.9914103283322513e-111
1382,440638,502.3076432574942,2.9914103283322513e-111
1383,441172,502.3076432574942,2.9914103283322513e-111
1384,4138403,502.3076432574942,2.9914103283322513e-111
1385,381295,502.3076432574942,2.9914103283322513e-111
1386,4219823,502.3076432574942,2.9914103283322513e-111
1387,4280571,502.3076432574942,2.9914103283322513e-111
1388,381033,502.3076432574942,2.9914103283322513e-111
1389,4209974,502.3076432574942,2.9914103283322513e-111
1390,432296,502.3076432574942,2.9914103283322513e-111
1391,444189,502.3076432574942,2.9914103283322513e-111
1392,4059015,502.3076432574942,2.9914103283322513e-111
1393,377575,502.3076432574942,2.9914103283322513e-111
1394,4006294,502.3076432574942,2.9914103283322513e-111
1395,40482301,502.3076432574942,2.9914103283322513e-111
1396,40489908,502.3076432574942,2.9914103283322513e-111
1397,43530687,502.3076432574942,2.9914103283322513e-111
1398,374801,502.3076432574942,2.9914103283322513e-111
1399,81893,502.3076432574942,2.9914103283322513e-111
1400,253790,502.3076432574942,2.9914103283322513e-111
1401,4051140,502.3076432574942,2.9914103283322513e-111
1402,4134178,502.3076432574942,2.9914103283322513e-111
1403,40326053,502.3076432574942,2.9914103283322513e-111
1404,40482662,502.3076432574942,2.9914103283322513e-111
1405,378439,502.3076432574942,2.9914103283322513e-111
1406,4119189,502.3076432574942,2.9914103283322513e-111
1407,197444,502.3076432574942,2.9914103283322513e-111
1408,375800,502.3076432574942,2.9914103283322513e-111
1409,4317258,502.3076432574942,2.9914103283322513e-111
1410,75865,502.3076432574942,2.9914103283322513e-111
1411,140020,502.3076432574942,2.9914103283322513e-111
1412,45763778,502.3076432574942,2.9914103283322513e-111
1413,436075,502.3076432574942,2.9914103283322513e-111
1414,4134172,502.3076432574942,2.9914103283322513e-111
1415,195124,502.3076432574942,2.9914103283322513e-111
1416,764598,502.3076432574942,2.9914103283322513e-111
1417,376124,502.3076432574942,2.9914103283322513e-111
1418,199065,502.3076432574942,2.9914103283322513e-111
1419,4161682,502.3076432574942,2.9914103283322513e-111
1420,438788,502.3076432574942,2.9914103283322513e-111
1421,374384,502.3076432574942,2.9914103283322513e-111
1422,138387,502.3076432574942,2.9914103283322513e-111
1423,315361,502.3076432574942,2.9914103283322513e-111
1424,43021974,502.3076432574942,2.9914103283322513e-111
1425,198985,502.3076432574942,2.9914103283322513e-111
1426,376690,502.3076432574942,2.9914103283322513e-111
1427,46273652,502.3076432574942,2.9914103283322513e-111
1428,200343,502.3076432574942,2.9914103283322513e-111
1429,4028253,502.3076432574942,2.9914103283322513e-111
1430,35624756,502.3076432574942,2.9914103283322513e-111
1431,37311319,502.3076432574942,2.9914103283322513e-111
1432,44808984,502.3076432574942,2.9914103283322513e-111
1433,444131,502.3076432574942,2.9914103283322513e-111
1434,45766654,502.3076432574942,2.9914103283322513e-111
1435,381031,502.3076432574942,2.9914103283322513e-111
1436,46270371,502.3076432574942,2.9914103283322513e-111
1437,196463,502.3076432574942,2.9914103283322513e-111
1438,4110192,502.3076432574942,2.9914103283322513e-111
1439,40480603,502.3076432574942,2.9914103283322513e-111
1440,45769876,502.3076432574942,2.9914103283322513e-111
1441,4115169,502.3076432574942,2.9914103283322513e-111
1442,45757656,502.3076432574942,2.9914103283322513e-111
1443,4138760,502.3076432574942,2.9914103283322513e-111
1444,4152933,502.3076432574942,2.9914103283322513e-111
1445,4311499,502.3076432574942,2.9914103283322513e-111
1446,257628,502.3076432574942,2.9914103283322513e-111
1447,4066824,502.3076432574942,2.9914103283322513e-111
1448,759860,502.3076432574942,2.9914103283322513e-111
1449,381570,502.3076432574942,2.9914103283322513e-111
1450,4247238,502.3076432574942,2.9914103283322513e-111
1451,4298028,502.3076432574942,2.9914103283322513e-111
1452,192680,502.3076432574942,2.9914103283322513e-111
1453,439674,502.3076432574942,2.9914103283322513e-111
1454,4156806,502.3076432574942,2.9914103283322513e-111
1455,434944,502.3076432574942,2.9914103283322513e-111
1456,435809,502.3076432574942,2.9914103283322513e-111
1457,441582,502.3076432574942,2.9914103283322513e-111
1458,4009890,502.3076432574942,2.9914103283322513e-111
1459,320746,502.3076432574942,2.9914103283322513e-111
1460,444410,502.3076432574942,2.9914103283322513e-111
1461,133294,502.3076432574942,2.9914103283322513e-111
1462,4308394,502.3076432574942,2.9914103283322513e-111
1463,316084,502.3076432574942,2.9914103283322513e-111
1464,4067764,502.3076432574942,2.9914103283322513e-111
1465,439254,502.3076432574942,2.9914103283322513e-111
1466,192854,502.3076432574942,2.9914103283322513e-111
1467,200757,502.3076432574942,2.9914103283322513e-111
1468,440320,502.3076432574942,2.9914103283322513e-111
1469,442019,502.3076432574942,2.9914103283322513e-111
1470,4169954,502.3076432574942,2.9914103283322513e-111
1471,37119138,502.3076432574942,2.9914103283322513e-111
1472,4158911,502.3076432574942,2.9914103283322513e-111
1473,444202,502.3076432574942,2.9914103283322513e-111
1474,4328079,502.3076432574942,2.9914103283322513e-111
1475,81660,502.3076432574942,2.9914103283322513e-111
1476,372325,502.3076432574942,2.9914103283322513e-111
1477,374357,502.3076432574942,2.9914103283322513e-111
1478,440404,502.3076432574942,2.9914103283322513e-111
1479,4078384,502.3076432574942,2.9914103283322513e-111
1480,37208028,502.3076432574942,2.9914103283322513e-111
1481,37310244,502.3076432574942,2.9914103283322513e-111
1482,37310245,502.3076432574942,2.9914103283322513e-111
1483,4241908,502.3076432574942,2.9914103283322513e-111
1484,138102,502.3076432574942,2.9914103283322513e-111
1485,4160328,502.3076432574942,2.9914103283322513e-111
1486,444457,502.3076432574942,2.9914103283322513e-111
1487,376395,502.3076432574942,2.9914103283322513e-111
1488,132835,502.3076432574942,2.9914103283322513e-111
1489,4152163,502.3076432574942,2.9914103283322513e-111
1490,4174385,502.3076432574942,2.9914103283322513e-111
1491,193522,502.3076432574942,2.9914103283322513e-111
1492,260430,502.3076432574942,2.9914103283322513e-111
1493,4012455,502.3076432574942,2.9914103283322513e-111
1494,441628,502.3076432574942,2.9914103283322513e-111
1495,201254,502.3076432574942,2.9914103283322513e-111
1496,37016348,502.3076432574942,2.9914103283322513e-111
1497,435644,502.3076432574942,2.9914103283322513e-111
1498,4289914,502.3076432574942,2.9914103283322513e-111
1499,4133610,502.3076432574942,2.9914103283322513e-111
1500,134057,502.3076432574942,2.9914103283322513e-111
1501,40484908,502.3076432574942,2.9914103283322513e-111
1502,44783760,502.3076432574942,2.9914103283322513e-111
1503,256633,502.3076432574942,2.9914103283322513e-111
1504,4274969,502.3076432574942,2.9914103283322513e-111
1505,40482237,502.3076432574942,2.9914103283322513e-111
1506,45767658,502.3076432574942,2.9914103283322513e-111
1507,4216972,502.3076432574942,2.9914103283322513e-111
1508,81175,502.3076432574942,2.9914103283322513e-111
1509,199856,502.3076432574942,2.9914103283322513e-111
1510,376106,502.3076432574942,2.9914103283322513e-111
1511,436421,502.3076432574942,2.9914103283322513e-111
1512,43531681,502.3076432574942,2.9914103283322513e-111
1513,42709840,502.3076432574942,2.9914103283322513e-111
1514,433527,502.3076432574942,2.9914103283322513e-111
1515,4033319,502.3076432574942,2.9914103283322513e-111
1516,4195436,502.3076432574942,2.9914103283322513e-111
1517,24970,502.3076432574942,2.9914103283322513e-111
1518,4171912,502.3076432574942,2.9914103283322513e-111
1519,312940,502.3076432574942,2.9914103283322513e-111
1520,4142899,502.3076432574942,2.9914103283322513e-111
1521,4222001,502.3076432574942,2.9914103283322513e-111
1522,37208029,502.3076432574942,2.9914103283322513e-111
1523,40305987,502.3076432574942,2.9914103283322513e-111
1524,134668,502.3076432574942,2.9914103283322513e-111
1525,4028387,502.3076432574942,2.9914103283322513e-111
1526,4329560,502.3076432574942,2.9914103283322513e-111
1527,43530719,502.3076432574942,2.9914103283322513e-111
1528,4109685,502.3076432574942,2.9914103283322513e-111
1529,75091,502.3076432574942,2.9914103283322513e-111
1530,444115,502.3076432574942,2.9914103283322513e-111
1531,4058066,502.3076432574942,2.9914103283322513e-111
1532,4176755,502.3076432574942,2.9914103283322513e-111
1533,36684693,502.3076432574942,2.9914103283322513e-111
1534,74130,502.3076432574942,2.9914103283322513e-111
1535,372627,502.3076432574942,2.9914103283322513e-111
1536,380038,502.3076432574942,2.9914103283322513e-111
1537,44784631,502.3076432574942,2.9914103283322513e-111
1538,46269825,502.3076432574942,2.9914103283322513e-111
1539,136057,502.3076432574942,2.9914103283322513e-111
1540,4226991,502.3076432574942,2.9914103283322513e-111
1541,4243587,502.3076432574942,2.9914103283322513e-111
1542,137275,502.3076432574942,2.9914103283322513e-111
1543,194913,502.3076432574942,2.9914103283322513e-111
1544,374649,502.3076432574942,2.9914103283322513e-111
1545,4153380,502.3076432574942,2.9914103283322513e-111
1546,25844,502.3076432574942,2.9914103283322513e-111
1547,4167102,502.3076432574942,2.9914103283322513e-111
1548,375801,502.3076432574942,2.9914103283322513e-111
1549,4160859,502.3076432574942,2.9914103283322513e-111
1550,4234997,502.3076432574942,2.9914103283322513e-111
1551,440696,502.3076432574942,2.9914103283322513e-111
1552,73153,502.3076432574942,2.9914103283322513e-111
1553,46272380,502.3076432574942,2.9914103283322513e-111
1554,317895,502.3076432574942,2.9914103283322513e-111
1555,443614,502.3076432574942,2.9914103283322513e-111
1556,442023,502.3076432574942,2.9914103283322513e-111
1557,4242574,502.3076432574942,2.9914103283322513e-111
1558,40480179,502.3076432574942,2.9914103283322513e-111
1559,436246,502.3076432574942,2.9914103283322513e-111
1560,438141,502.3076432574942,2.9914103283322513e-111
1561,4151842,502.3076432574942,2.9914103283322513e-111
1562,46273178,502.3076432574942,2.9914103283322513e-111
1563,45766941,502.3076432574942,2.9914103283322513e-111
1564,30978,502.3076432574942,2.9914103283322513e-111
1565,440087,502.3076432574942,2.9914103283322513e-111
1566,254058,502.3076432574942,2.9914103283322513e-111
1567,438021,502.3076432574942,2.9914103283322513e-111
1568,440853,502.3076432574942,2.9914103283322513e-111
1569,4035425,502.3076432574942,2.9914103283322513e-111
1570,4193638,502.3076432574942,2.9914103283322513e-111
1571,193519,502.3076432574942,2.9914103283322513e-111
1572,4056718,502.3076432574942,2.9914103283322513e-111
1573,75347,502.3076432574942,2.9914103283322513e-111
1574,80497,502.3076432574942,2.9914103283322513e-111
1575,132703,502.3076432574942,2.9914103283322513e-111
1576,443795,502.3076432574942,2.9914103283322513e-111
1577,4146239,502.3076432574942,2.9914103283322513e-111
1578,36685924,502.3076432574942,2.9914103283322513e-111
1579,437247,502.3076432574942,2.9914103283322513e-111
1580,4232181,502.3076432574942,2.9914103283322513e-111
1581,192606,502.3076432574942,2.9914103283322513e-111
1582,192901,502.3076432574942,2.9914103283322513e-111
1583,440546,502.3076432574942,2.9914103283322513e-111
1584,201688,502.3076432574942,2.9914103283322513e-111
1585,45769867,502.3076432574942,2.9914103283322513e-111
1586,433196,502.3076432574942,2.9914103283322513e-111
1587,45763828,502.3076432574942,2.9914103283322513e-111
1588,377287,502.3076432574942,2.9914103283322513e-111
1589,432621,502.3076432574942,2.9914103283322513e-111
1590,30968,502.3076432574942,2.9914103283322513e-111
1591,44782747,502.3076432574942,2.9914103283322513e-111
1592,201621,502.3076432574942,2.9914103283322513e-111
1593,4125005,502.3076432574942,2.9914103283322513e-111
1594,438430,502.3076432574942,2.9914103283322513e-111
1595,4169905,502.3076432574942,2.9914103283322513e-111
1596,4179823,502.3076432574942,2.9914103283322513e-111
1597,441830,502.3076432574942,2.9914103283322513e-111
1598,4025938,502.3076432574942,2.9914103283322513e-111
1599,4086220,502.3076432574942,2.9914103283322513e-111
1600,4106504,502.3076432574942,2.9914103283322513e-111
1601,136834,502.3076432574942,2.9914103283322513e-111
1602,261600,502.3076432574942,2.9914103283322513e-111
1603,46273719,502.3076432574942,2.9914103283322513e-111
1604,78505,502.3076432574942,2.9914103283322513e-111
1605,4085586,502.3076432574942,2.9914103283322513e-111
1606,194475,502.3076432574942,2.9914103283322513e-111
1607,432632,502.3076432574942,2.9914103283322513e-111
1608,40483262,502.3076432574942,2.9914103283322513e-111
1609,4008576,502.3076432574942,2.9914103283322513e-111
1610,4340799,502.3076432574942,2.9914103283322513e-111
1611,4335891,502.3076432574942,2.9914103283322513e-111
1612,4177944,502.3076432574942,2.9914103283322513e-111
1613,37207926,502.3076432574942,2.9914103283322513e-111
1614,4187244,502.3076432574942,2.9914103283322513e-111
1615,4338669,502.3076432574942,2.9914103283322513e-111
1616,441818,502.3076432574942,2.9914103283322513e-111
1617,46273403,502.3076432574942,2.9914103283322513e-111
1618,135473,502.3076432574942,2.9914103283322513e-111
1619,4317284,502.3076432574942,2.9914103283322513e-111
1620,4177862,502.3076432574942,2.9914103283322513e-111
1621,36713108,502.3076432574942,2.9914103283322513e-111
1622,372914,502.3076432574942,2.9914103283322513e-111
1623,375285,502.3076432574942,2.9914103283322513e-111
1624,73571,502.3076432574942,2.9914103283322513e-111
1625,436522,502.3076432574942,2.9914103283322513e-111
1626,133228,502.3076432574942,2.9914103283322513e-111
1627,435569,502.3076432574942,2.9914103283322513e-111
1628,4111710,502.3076432574942,2.9914103283322513e-111
1629,4177851,502.3076432574942,2.9914103283322513e-111
1630,4227449,502.3076432574942,2.9914103283322513e-111
1631,201519,502.3076432574942,2.9914103283322513e-111
1632,320739,502.3076432574942,2.9914103283322513e-111
1633,36712986,502.3076432574942,2.9914103283322513e-111
1634,36717267,502.3076432574942,2.9914103283322513e-111
1635,75039,502.3076432574942,2.9914103283322513e-111
1636,4142195,502.3076432574942,2.9914103283322513e-111
1637,4305841,502.3076432574942,2.9914103283322513e-111
1638,4301699,502.3076432574942,2.9914103283322513e-111
1639,193520,502.3076432574942,2.9914103283322513e-111
1640,194847,502.3076432574942,2.9914103283322513e-111
1641,438155,502.3076432574942,2.9914103283322513e-111
1642,140173,502.3076432574942,2.9914103283322513e-111
1643,44782743,502.3076432574942,2.9914103283322513e-111
1644,439751,502.3076432574942,2.9914103283322513e-111
1645,30753,502.3076432574942,2.9914103283322513e-111
1646,4320944,502.3076432574942,2.9914103283322513e-111
1647,37310243,502.3076432574942,2.9914103283322513e-111
1648,443793,502.3076432574942,2.9914103283322513e-111
1649,37017081,502.3076432574942,2.9914103283322513e-111
1650,79903,502.3076432574942,2.9914103283322513e-111
1651,4008220,502.3076432574942,2.9914103283322513e-111
1652,4344519,502.3076432574942,2.9914103283322513e-111
1653,36715747,502.3076432574942,2.9914103283322513e-111
1654,80809,502.3076432574942,2.9914103283322513e-111
1655,77639,502.3076432574942,2.9914103283322513e-111
1656,434462,502.3076432574942,2.9914103283322513e-111
1657,4145159,502.3076432574942,2.9914103283322513e-111
1658,4167085,502.3076432574942,2.9914103283322513e-111
1659,4077081,502.3076432574942,2.9914103283322513e-111
1660,4066472,502.3076432574942,2.9914103283322513e-111
1661,762206,502.3076432574942,2.9914103283322513e-111
1662,4170137,502.3076432574942,2.9914103283322513e-111
1663,4112020,502.3076432574942,2.9914103283322513e-111
1664,4108814,502.3076432574942,2.9914103283322513e-111
1665,133438,502.3076432574942,2.9914103283322513e-111
1666,4155029,502.3076432574942,2.9914103283322513e-111
1667,4151527,502.3076432574942,2.9914103283322513e-111
1668,4085893,502.3076432574942,2.9914103283322513e-111
1669,377574,502.3076432574942,2.9914103283322513e-111
1670,4048393,502.3076432574942,2.9914103283322513e-111
1671,4211657,502.3076432574942,2.9914103283322513e-111
1672,43531622,502.3076432574942,2.9914103283322513e-111
1673,374022,502.3076432574942,2.9914103283322513e-111
1674,442287,502.3076432574942,2.9914103283322513e-111
1675,444044,502.3076432574942,2.9914103283322513e-111
1676,376699,502.3076432574942,2.9914103283322513e-111
1677,440690,502.3076432574942,2.9914103283322513e-111
1678,253815,502.3076432574942,2.9914103283322513e-111
1679,4317278,502.3076432574942,2.9914103283322513e-111
1680,432508,502.3076432574942,2.9914103283322513e-111
1681,198446,502.3076432574942,2.9914103283322513e-111
1682,4170620,502.3076432574942,2.9914103283322513e-111
1683,443615,502.3076432574942,2.9914103283322513e-111
1684,4030035,502.3076432574942,2.9914103283322513e-111
1685,4304484,502.3076432574942,2.9914103283322513e-111
1686,313236,502.3076432574942,2.9914103283322513e-111
1687,138525,502.3076432574942,2.9914103283322513e-111
1688,4096313,502.3076432574942,2.9914103283322513e-111
1689,4013643,502.3076432574942,2.9914103283322513e-111
1690,37017431,502.3076432574942,2.9914103283322513e-111
1691,4225273,502.3076432574942,2.9914103283322513e-111
1692,4222415,502.3076432574942,2.9914103283322513e-111
1693,80183,502.3076432574942,2.9914103283322513e-111
1694,4043731,502.3076432574942,2.9914103283322513e-111
1695,4053589,502.3076432574942,2.9914103283322513e-111
1696,433681,502.3076432574942,2.9914103283322513e-111
1697,4166144,502.3076432574942,2.9914103283322513e-111
1698,4298317,502.3076432574942,2.9914103283322513e-111
1699,4170633,502.3076432574942,2.9914103283322513e-111
1700,434449,502.3076432574942,2.9914103283322513e-111
1701,4204991,502.3076432574942,2.9914103283322513e-111
1702,75344,502.3076432574942,2.9914103283322513e-111
1703,321109,502.3076432574942,2.9914103283322513e-111
1704,81723,502.3076432574942,2.9914103283322513e-111
1705,4054063,502.3076432574942,2.9914103283322513e-111
1706,378142,502.3076432574942,2.9914103283322513e-111
1707,45763750,502.3076432574942,2.9914103283322513e-111
1708,198822,502.3076432574942,2.9914103283322513e-111
1709,4205002,502.3076432574942,2.9914103283322513e-111
1710,75426,502.3076432574942,2.9914103283322513e-111
1711,36674773,502.3076432574942,2.9914103283322513e-111
1712,36674774,502.3076432574942,2.9914103283322513e-111
1713,375806,502.3076432574942,2.9914103283322513e-111
1714,432436,502.3076432574942,2.9914103283322513e-111
1715,437295,502.3076432574942,2.9914103283322513e-111
1716,40481919,502.3076432574942,2.9914103283322513e-111
1717,44782719,502.3076432574942,2.9914103283322513e-111
1718,133711,502.3076432574942,2.9914103283322513e-111
1719,4115170,502.3076432574942,2.9914103283322513e-111
1720,4341763,502.3076432574942,2.9914103283322513e-111
1721,313761,502.3076432574942,2.9914103283322513e-111
1722,4224940,502.3076432574942,2.9914103283322513e-111
1723,40489374,502.3076432574942,2.9914103283322513e-111
1724,377830,502.3076432574942,2.9914103283322513e-111
1725,37396333,502.3076432574942,2.9914103283322513e-111
1726,72995,502.3076432574942,2.9914103283322513e-111
1727,134118,502.3076432574942,2.9914103283322513e-111
1728,43022062,502.3076432574942,2.9914103283322513e-111
1729,45772786,502.3076432574942,2.9914103283322513e-111
1730,195769,502.3076432574942,2.9914103283322513e-111
1731,437954,502.3076432574942,2.9914103283322513e-111
1732,4268895,502.3076432574942,2.9914103283322513e-111
1733,4067311,502.3076432574942,2.9914103283322513e-111
1734,4252872,502.3076432574942,2.9914103283322513e-111
1735,4239381,502.3076432574942,2.9914103283322513e-111
1736,4194207,502.3076432574942,2.9914103283322513e-111
1737,377853,502.3076432574942,2.9914103283322513e-111
1738,318448,502.3076432574942,2.9914103283322513e-111
1739,198964,502.3076432574942,2.9914103283322513e-111
1740,4138414,502.3076432574942,2.9914103283322513e-111
1741,320651,502.3076432574942,2.9914103283322513e-111
1742,261255,502.3076432574942,2.9914103283322513e-111
1743,373487,502.3076432574942,2.9914103283322513e-111
1744,4030977,502.3076432574942,2.9914103283322513e-111
1745,4055361,502.3076432574942,2.9914103283322513e-111
1746,4140438,502.3076432574942,2.9914103283322513e-111
1747,197378,502.3076432574942,2.9914103283322513e-111
1748,199075,502.3076432574942,2.9914103283322513e-111
1749,374954,502.3076432574942,2.9914103283322513e-111
1750,441848,502.3076432574942,2.9914103283322513e-111
1751,4090207,502.3076432574942,2.9914103283322513e-111
1752,4096856,502.3076432574942,2.9914103283322513e-111
1753,4058350,502.3076432574942,2.9914103283322513e-111
1754,198571,502.3076432574942,2.9914103283322513e-111
1755,313219,502.3076432574942,2.9914103283322513e-111
1756,317002,502.3076432574942,2.9914103283322513e-111
1757,138858,502.3076432574942,2.9914103283322513e-111
1758,435011,502.3076432574942,2.9914103283322513e-111
1759,4091464,502.3076432574942,2.9914103283322513e-111
1760,4108950,502.3076432574942,2.9914103283322513e-111
1761,37016338,502.3076432574942,2.9914103283322513e-111
1762,318773,502.3076432574942,2.9914103283322513e-111
1763,4250169,502.3076432574942,2.9914103283322513e-111
1764,81144,502.3076432574942,2.9914103283322513e-111
1765,4098611,502.3076432574942,2.9914103283322513e-111
1766,46270426,502.3076432574942,2.9914103283322513e-111
1767,37016342,502.3076432574942,2.9914103283322513e-111
1768,4041510,502.3076432574942,2.9914103283322513e-111
1769,4116233,502.3076432574942,2.9914103283322513e-111
1770,4306923,502.3076432574942,2.9914103283322513e-111
1771,196821,502.3076432574942,2.9914103283322513e-111
1772,200445,502.3076432574942,2.9914103283322513e-111
1773,4112852,502.3076432574942,2.9914103283322513e-111
1774,192676,502.3076432574942,2.9914103283322513e-111
1775,4339013,502.3076432574942,2.9914103283322513e-111
1776,194683,502.3076432574942,2.9914103283322513e-111
1777,435786,502.3076432574942,2.9914103283322513e-111
1778,4291025,502.3076432574942,2.9914103283322513e-111
1779,439794,502.3076432574942,2.9914103283322513e-111
1780,4002498,502.3076432574942,2.9914103283322513e-111
1781,78200,502.3076432574942,2.9914103283322513e-111
1782,440956,502.3076432574942,2.9914103283322513e-111
1783,35624757,502.3076432574942,2.9914103283322513e-111
1784,195498,502.3076432574942,2.9914103283322513e-111
1785,36684823,502.3076432574942,2.9914103283322513e-111
1786,4308074,502.3076432574942,2.9914103283322513e-111
1787,375077,502.3076432574942,2.9914103283322513e-111
1788,374043,502.3076432574942,2.9914103283322513e-111
1789,377291,502.3076432574942,2.9914103283322513e-111
1790,765692,502.3076432574942,2.9914103283322513e-111
1791,40480435,502.3076432574942,2.9914103283322513e-111
1792,4117686,502.3076432574942,2.9914103283322513e-111
1793,4009184,502.3076432574942,2.9914103283322513e-111
1794,4066147,502.3076432574942,2.9914103283322513e-111
1795,134661,502.3076432574942,2.9914103283322513e-111
1796,432899,502.3076432574942,2.9914103283322513e-111
1797,441417,502.3076432574942,2.9914103283322513e-111
1798,4051605,502.3076432574942,2.9914103283322513e-111
1799,42537251,502.3076432574942,2.9914103283322513e-111
1800,141650,502.3076432574942,2.9914103283322513e-111
1801,372896,502.3076432574942,2.9914103283322513e-111
1802,201341,502.3076432574942,2.9914103283322513e-111
1803,439154,502.3076432574942,2.9914103283322513e-111
1804,4059258,502.3076432574942,2.9914103283322513e-111
1805,77644,502.3076432574942,2.9914103283322513e-111
1806,40481302,502.3076432574942,2.9914103283322513e-111
1807,4031109,502.3076432574942,2.9914103283322513e-111
1808,4031111,502.3076432574942,2.9914103283322513e-111
1809,436110,502.3076432574942,2.9914103283322513e-111
1810,4313767,502.3076432574942,2.9914103283322513e-111
1811,376971,502.3076432574942,2.9914103283322513e-111
1812,4015365,502.3076432574942,2.9914103283322513e-111
1813,4054064,502.3076432574942,2.9914103283322513e-111
1814,257905,502.3076432574942,2.9914103283322513e-111
1815,4279913,502.3076432574942,2.9914103283322513e-111
1816,4015988,502.3076432574942,2.9914103283322513e-111
1817,4339489,502.3076432574942,2.9914103283322513e-111
1818,4125650,502.3076432574942,2.9914103283322513e-111
1819,4284682,502.3076432574942,2.9914103283322513e-111
1820,44782715,502.3076432574942,2.9914103283322513e-111
1821,432837,502.3076432574942,2.9914103283322513e-111
1822,4042836,502.3076432574942,2.9914103283322513e-111
1823,440321,502.3076432574942,2.9914103283322513e-111
1824,139841,502.3076432574942,2.9914103283322513e-111
1825,4339092,502.3076432574942,2.9914103283322513e-111
1826,77734,502.3076432574942,2.9914103283322513e-111
1827,4094548,502.3076432574942,2.9914103283322513e-111
1828,4251304,502.3076432574942,2.9914103283322513e-111
1829,4148906,502.3076432574942,2.9914103283322513e-111
1830,439035,502.3076432574942,2.9914103283322513e-111
1831,440631,502.3076432574942,2.9914103283322513e-111
1832,78581,502.3076432574942,2.9914103283322513e-111
1833,141663,502.3076432574942,2.9914103283322513e-111
1834,4225874,502.3076432574942,2.9914103283322513e-111
1835,433450,502.3076432574942,2.9914103283322513e-111
1836,373212,502.3076432574942,2.9914103283322513e-111
1837,4307956,502.3076432574942,2.9914103283322513e-111
1838,380720,502.3076432574942,2.9914103283322513e-111
1839,4255401,502.3076432574942,2.9914103283322513e-111
1840,378764,502.3076432574942,2.9914103283322513e-111
1841,372646,502.3076432574942,2.9914103283322513e-111
1842,375824,502.3076432574942,2.9914103283322513e-111
1843,197236,502.3076432574942,2.9914103283322513e-111
1844,378135,502.3076432574942,2.9914103283322513e-111
1845,435784,502.3076432574942,2.9914103283322513e-111
1846,436231,502.3076432574942,2.9914103283322513e-111
1847,4173780,502.3076432574942,2.9914103283322513e-111
1848,4213271,502.3076432574942,2.9914103283322513e-111
1849,4218884,502.3076432574942,2.9914103283322513e-111
1850,36717115,502.3076432574942,2.9914103283322513e-111
1851,37017436,502.3076432574942,2.9914103283322513e-111
1852,46273207,502.3076432574942,2.9914103283322513e-111
1853,4106678,502.3076432574942,2.9914103283322513e-111
1854,197324,502.3076432574942,2.9914103283322513e-111
1855,439081,502.3076432574942,2.9914103283322513e-111
1856,4063919,502.3076432574942,2.9914103283322513e-111
1857,4000167,502.3076432574942,2.9914103283322513e-111
1858,4132130,502.3076432574942,2.9914103283322513e-111
1859,201612,502.3076432574942,2.9914103283322513e-111
1860,434910,502.3076432574942,2.9914103283322513e-111
1861,4280354,502.3076432574942,2.9914103283322513e-111
1862,40440777,502.3076432574942,2.9914103283322513e-111
1863,3656982,502.3076432574942,2.9914103283322513e-111
1864,4317982,502.3076432574942,2.9914103283322513e-111
1865,196433,502.3076432574942,2.9914103283322513e-111
1866,197917,502.3076432574942,2.9914103283322513e-111
1867,40484532,502.3076432574942,2.9914103283322513e-111
1868,4124693,502.3076432574942,2.9914103283322513e-111
1869,316437,502.3076432574942,2.9914103283322513e-111
1870,374914,502.3076432574942,2.9914103283322513e-111
1871,4033848,502.3076432574942,2.9914103283322513e-111
1872,45769461,502.3076432574942,2.9914103283322513e-111
1873,45757559,502.3076432574942,2.9914103283322513e-111
1874,759859,502.3076432574942,2.9914103283322513e-111
1875,373193,502.3076432574942,2.9914103283322513e-111
1876,46270163,502.3076432574942,2.9914103283322513e-111
1877,4134443,502.3076432574942,2.9914103283322513e-111
1878,4270932,502.3076432574942,2.9914103283322513e-111
1879,4141190,502.3076432574942,2.9914103283322513e-111
1880,4300557,502.3076432574942,2.9914103283322513e-111
1881,4134603,502.3076432574942,2.9914103283322513e-111
1882,46269706,502.3076432574942,2.9914103283322513e-111
1883,4038530,502.3076432574942,2.9914103283322513e-111
1884,381281,502.3076432574942,2.9914103283322513e-111
1885,4182683,502.3076432574942,2.9914103283322513e-111
1886,377558,502.3076432574942,2.9914103283322513e-111
1887,381296,502.3076432574942,2.9914103283322513e-111
1888,320073,502.3076432574942,2.9914103283322513e-111
1889,22350,502.3076432574942,2.9914103283322513e-111
1890,4134455,502.3076432574942,2.9914103283322513e-111
1891,4150489,502.3076432574942,2.9914103283322513e-111
1892,4153890,502.3076432574942,2.9914103283322513e-111
1893,135208,502.3076432574942,2.9914103283322513e-111
1894,192836,502.3076432574942,2.9914103283322513e-111
1895,192953,502.3076432574942,2.9914103283322513e-111
1896,440649,502.3076432574942,2.9914103283322513e-111
1897,4265749,502.3076432574942,2.9914103283322513e-111
1898,192242,502.3076432574942,2.9914103283322513e-111
1899,374341,502.3076432574942,2.9914103283322513e-111
1900,442268,502.3076432574942,2.9914103283322513e-111
1901,374643,502.3076432574942,2.9914103283322513e-111
1902,437273,502.3076432574942,2.9914103283322513e-111
1903,197921,502.3076432574942,2.9914103283322513e-111
1904,444191,502.3076432574942,2.9914103283322513e-111
1905,4034633,502.3076432574942,2.9914103283322513e-111
1906,4053590,502.3076432574942,2.9914103283322513e-111
1907,4115844,502.3076432574942,2.9914103283322513e-111
1908,4138150,502.3076432574942,2.9914103283322513e-111
1909,4138156,502.3076432574942,2.9914103283322513e-111
1910,197239,502.3076432574942,2.9914103283322513e-111
1911,438262,502.3076432574942,2.9914103283322513e-111
1912,376423,502.3076432574942,2.9914103283322513e-111
1913,381301,502.3076432574942,2.9914103283322513e-111
1914,4067987,502.3076432574942,2.9914103283322513e-111
1915,4069654,502.3076432574942,2.9914103283322513e-111
1916,317003,502.3076432574942,2.9914103283322513e-111
1917,432881,502.3076432574942,2.9914103283322513e-111
1918,4320332,502.3076432574942,2.9914103283322513e-111
1919,441906,502.3076432574942,2.9914103283322513e-111
1920,46270383,502.3076432574942,2.9914103283322513e-111
1921,4091513,502.3076432574942,2.9914103283322513e-111
1922,4108234,502.3076432574942,2.9914103283322513e-111
1923,197981,502.3076432574942,2.9914103283322513e-111
1924,4155910,502.3076432574942,2.9914103283322513e-111
1925,46270564,502.3076432574942,2.9914103283322513e-111
1926,45763813,502.3076432574942,2.9914103283322513e-111
1927,4295624,502.3076432574942,2.9914103283322513e-111
1928,36685161,502.3076432574942,2.9914103283322513e-111
1929,4044404,502.3076432574942,2.9914103283322513e-111
1930,4269569,502.3076432574942,2.9914103283322513e-111
1931,4291304,502.3076432574942,2.9914103283322513e-111
1932,195240,502.3076432574942,2.9914103283322513e-111
1933,45767040,502.3076432574942,2.9914103283322513e-111
1934,4094329,502.3076432574942,2.9914103283322513e-111
1935,4167106,502.3076432574942,2.9914103283322513e-111
1936,40493038,502.3076432574942,2.9914103283322513e-111
1937,44782447,502.3076432574942,2.9914103283322513e-111
1938,46269752,502.3076432574942,2.9914103283322513e-111
1939,43022069,502.3076432574942,2.9914103283322513e-111
1940,436251,502.3076432574942,2.9914103283322513e-111
1941,4246661,502.3076432574942,2.9914103283322513e-111
1942,4111416,502.3076432574942,2.9914103283322513e-111
1943,432869,502.3076432574942,2.9914103283322513e-111
1944,194407,502.3076432574942,2.9914103283322513e-111
1945,4143024,502.3076432574942,2.9914103283322513e-111
1946,4192851,502.3076432574942,2.9914103283322513e-111
1947,4089512,502.3076432574942,2.9914103283322513e-111
1948,434911,502.3076432574942,2.9914103283322513e-111
1949,435434,502.3076432574942,2.9914103283322513e-111
1950,4150043,502.3076432574942,2.9914103283322513e-111
1951,4152376,502.3076432574942,2.9914103283322513e-111
1952,4002497,502.3076432574942,2.9914103283322513e-111
1953,4216670,502.3076432574942,2.9914103283322513e-111
1954,134603,502.3076432574942,2.9914103283322513e-111
1955,140666,502.3076432574942,2.9914103283322513e-111
1956,40487059,502.3076432574942,2.9914103283322513e-111
1957,43531616,502.3076432574942,2.9914103283322513e-111
1958,44783856,502.3076432574942,2.9914103283322513e-111
1959,4053599,502.3076432574942,2.9914103283322513e-111
1960,4053600,502.3076432574942,2.9914103283322513e-111
1961,3661864,502.3076432574942,2.9914103283322513e-111
1962,43530625,502.3076432574942,2.9914103283322513e-111
1963,45763845,502.3076432574942,2.9914103283322513e-111
1964,432612,502.3076432574942,2.9914103283322513e-111
1965,40277917,502.3076432574942,2.9914103283322513e-111
1966,258375,502.3076432574942,2.9914103283322513e-111
1967,4141640,502.3076432574942,2.9914103283322513e-111
1968,4009186,502.3076432574942,2.9914103283322513e-111
1969,46269754,502.3076432574942,2.9914103283322513e-111
1970,434337,502.3076432574942,2.9914103283322513e-111
1971,78804,502.3076432574942,2.9914103283322513e-111
1972,43021250,502.3076432574942,2.9914103283322513e-111
1973,4112302,502.3076432574942,2.9914103283322513e-111
1974,319826,502.3076432574942,2.9914103283322513e-111
1975,36713112,502.3076432574942,2.9914103283322513e-111
1976,4242957,502.3076432574942,2.9914103283322513e-111
1977,140708,502.3076432574942,2.9914103283322513e-111
1978,258180,502.3076432574942,2.9914103283322513e-111
1979,35622934,502.3076432574942,2.9914103283322513e-111
1980,136934,502.3076432574942,2.9914103283322513e-111
1981,138455,502.3076432574942,2.9914103283322513e-111
1982,432845,502.3076432574942,2.9914103283322513e-111
1983,440751,502.3076432574942,2.9914103283322513e-111
1984,40481385,502.3076432574942,2.9914103283322513e-111
1985,138717,502.3076432574942,2.9914103283322513e-111
1986,196151,502.3076432574942,2.9914103283322513e-111
1987,200761,502.3076432574942,2.9914103283322513e-111
1988,4080368,502.3076432574942,2.9914103283322513e-111
1989,4310238,502.3076432574942,2.9914103283322513e-111
1990,257315,502.3076432574942,2.9914103283322513e-111
1991,4110056,502.3076432574942,2.9914103283322513e-111
1992,4170145,502.3076432574942,2.9914103283322513e-111
1993,4225324,502.3076432574942,2.9914103283322513e-111
1994,261889,502.3076432574942,2.9914103283322513e-111
1995,434675,502.3076432574942,2.9914103283322513e-111
1996,4201388,502.3076432574942,2.9914103283322513e-111
1997,378256,502.3076432574942,2.9914103283322513e-111
1998,381014,502.3076432574942,2.9914103283322513e-111
1999,437528,502.3076432574942,2.9914103283322513e-111
2000,374948,502.3076432574942,2.9914103283322513e-111
2001,4032594,502.3076432574942,2.9914103283322513e-111
2002,4260520,502.3076432574942,2.9914103283322513e-111
2003,133713,502.3076432574942,2.9914103283322513e-111
2004,4110484,502.3076432574942,2.9914103283322513e-111
2005,37311110,502.3076432574942,2.9914103283322513e-111
2006,136496,502.3076432574942,2.9914103283322513e-111
2007,314171,502.3076432574942,2.9914103283322513e-111
2008,4110189,502.3076432574942,2.9914103283322513e-111
2009,4196636,502.3076432574942,2.9914103283322513e-111
2010,316999,502.3076432574942,2.9914103283322513e-111
2011,375249,502.3076432574942,2.9914103283322513e-111
2012,134452,502.3076432574942,2.9914103283322513e-111
2013,43530744,502.3076432574942,2.9914103283322513e-111
2014,137077,502.3076432574942,2.9914103283322513e-111
2015,37016768,502.3076432574942,2.9914103283322513e-111
2016,4113837,502.3076432574942,2.9914103283322513e-111
2017,40479615,502.3076432574942,2.9914103283322513e-111
2018,4221495,502.3076432574942,2.9914103283322513e-111
2019,75406,502.3076432574942,2.9914103283322513e-111
2020,4013526,502.3076432574942,2.9914103283322513e-111
2021,4013597,502.3076432574942,2.9914103283322513e-111
2022,4109067,502.3076432574942,2.9914103283322513e-111
2023,435835,502.3076432574942,2.9914103283322513e-111
2024,261116,502.3076432574942,2.9914103283322513e-111
2025,439155,502.3076432574942,2.9914103283322513e-111
2026,4055700,502.3076432574942,2.9914103283322513e-111
2027,375815,502.3076432574942,2.9914103283322513e-111
2028,376116,502.3076432574942,2.9914103283322513e-111
2029,438116,502.3076432574942,2.9914103283322513e-111
2030,4106682,502.3076432574942,2.9914103283322513e-111
2031,374053,502.3076432574942,2.9914103283322513e-111
2032,439162,502.3076432574942,2.9914103283322513e-111
2033,4212887,502.3076432574942,2.9914103283322513e-111
2034,4096343,502.3076432574942,2.9914103283322513e-111
2035,134461,502.3076432574942,2.9914103283322513e-111
2036,196620,502.3076432574942,2.9914103283322513e-111
2037,377297,502.3076432574942,2.9914103283322513e-111
2038,437202,502.3076432574942,2.9914103283322513e-111
2039,4284982,502.3076432574942,2.9914103283322513e-111
2040,37117206,502.3076432574942,2.9914103283322513e-111
2041,196236,502.3076432574942,2.9914103283322513e-111
2042,377877,502.3076432574942,2.9914103283322513e-111
2043,442105,502.3076432574942,2.9914103283322513e-111
2044,79061,502.3076432574942,2.9914103283322513e-111
2045,764599,502.3076432574942,2.9914103283322513e-111
2046,4304798,502.3076432574942,2.9914103283322513e-111
2047,141232,502.3076432574942,2.9914103283322513e-111
2048,195306,502.3076432574942,2.9914103283322513e-111
2049,4241223,502.3076432574942,2.9914103283322513e-111
2050,4242814,502.3076432574942,2.9914103283322513e-111
2051,132393,502.3076432574942,2.9914103283322513e-111
2052,376112,502.3076432574942,2.9914103283322513e-111
2053,435950,502.3076432574942,2.9914103283322513e-111
2054,441976,502.3076432574942,2.9914103283322513e-111
2055,45757305,502.3076432574942,2.9914103283322513e-111
2056,45766889,502.3076432574942,2.9914103283322513e-111
2057,441269,502.3076432574942,2.9914103283322513e-111
2058,4163735,502.3076432574942,2.9914103283322513e-111
2059,29056,502.3076432574942,2.9914103283322513e-111
2060,76240,502.3076432574942,2.9914103283322513e-111
2061,77702,502.3076432574942,2.9914103283322513e-111
2062,46273990,502.3076432574942,2.9914103283322513e-111
2063,4094742,502.3076432574942,2.9914103283322513e-111
2064,137345,502.3076432574942,2.9914103283322513e-111
2065,4001282,502.3076432574942,2.9914103283322513e-111
2066,4201390,502.3076432574942,2.9914103283322513e-111
2067,4300704,502.3076432574942,2.9914103283322513e-111
2068,4058370,502.3076432574942,2.9914103283322513e-111
2069,439014,502.3076432574942,2.9914103283322513e-111
2070,4130027,502.3076432574942,2.9914103283322513e-111
2071,4106357,502.3076432574942,2.9914103283322513e-111
2072,432798,502.3076432574942,2.9914103283322513e-111
2073,436539,502.3076432574942,2.9914103283322513e-111
2074,26441,502.3076432574942,2.9914103283322513e-111
2075,134765,502.3076432574942,2.9914103283322513e-111
2076,433701,502.3076432574942,2.9914103283322513e-111
2077,437894,502.3076432574942,2.9914103283322513e-111
2078,4111709,502.3076432574942,2.9914103283322513e-111
2079,4136557,502.3076432574942,2.9914103283322513e-111
2080,4155764,502.3076432574942,2.9914103283322513e-111
2081,4326828,502.3076432574942,2.9914103283322513e-111
2082,45766765,502.3076432574942,2.9914103283322513e-111
2083,444078,502.3076432574942,2.9914103283322513e-111
2084,4113129,502.3076432574942,2.9914103283322513e-111
2085,200618,502.3076432574942,2.9914103283322513e-111
2086,443535,502.3076432574942,2.9914103283322513e-111
2087,4189235,502.3076432574942,2.9914103283322513e-111
2088,376412,502.3076432574942,2.9914103283322513e-111
2089,74816,502.3076432574942,2.9914103283322513e-111
2090,433976,502.3076432574942,2.9914103283322513e-111
2091,4093223,502.3076432574942,2.9914103283322513e-111
2092,432910,502.3076432574942,2.9914103283322513e-111
2093,435506,502.3076432574942,2.9914103283322513e-111
2094,4055618,502.3076432574942,2.9914103283322513e-111
2095,435787,502.3076432574942,2.9914103283322513e-111
2096,4053585,502.3076432574942,2.9914103283322513e-111
2097,4317409,502.3076432574942,2.9914103283322513e-111
2098,200773,502.3076432574942,2.9914103283322513e-111
2099,4236312,502.3076432574942,2.9914103283322513e-111
2100,375527,502.3076432574942,2.9914103283322513e-111
2101,4050853,502.3076432574942,2.9914103283322513e-111
2102,4054546,502.3076432574942,2.9914103283322513e-111
2103,4295727,502.3076432574942,2.9914103283322513e-111
2104,46273522,502.3076432574942,2.9914103283322513e-111
2105,435726,502.3076432574942,2.9914103283322513e-111
2106,4016131,502.3076432574942,2.9914103283322513e-111
2107,4037495,502.3076432574942,2.9914103283322513e-111
2108,4150042,502.3076432574942,2.9914103283322513e-111
2109,4320635,502.3076432574942,2.9914103283322513e-111
2110,40491961,502.3076432574942,2.9914103283322513e-111
2111,42537043,502.3076432574942,2.9914103283322513e-111
2112,4266864,502.3076432574942,2.9914103283322513e-111
2113,31057,502.3076432574942,2.9914103283322513e-111
2114,80269,502.3076432574942,2.9914103283322513e-111
2115,195591,502.3076432574942,2.9914103283322513e-111
2116,443200,502.3076432574942,2.9914103283322513e-111
2117,4106681,502.3076432574942,2.9914103283322513e-111
2118,4191650,502.3076432574942,2.9914103283322513e-111
2119,374221,502.3076432574942,2.9914103283322513e-111
2120,4055604,502.3076432574942,2.9914103283322513e-111
2121,44783376,502.3076432574942,2.9914103283322513e-111
2122,74855,502.3076432574942,2.9914103283322513e-111
2123,438778,502.3076432574942,2.9914103283322513e-111
2124,4338896,502.3076432574942,2.9914103283322513e-111
2125,42539502,502.3076432574942,2.9914103283322513e-111
2126,4153258,502.3076432574942,2.9914103283322513e-111
2127,4071874,502.3076432574942,2.9914103283322513e-111
2128,376114,502.3076432574942,2.9914103283322513e-111
2129,45763584,502.3076432574942,2.9914103283322513e-111
2130,372903,502.3076432574942,2.9914103283322513e-111
2131,196734,502.3076432574942,2.9914103283322513e-111
2132,138519,502.3076432574942,2.9914103283322513e-111
2133,4012231,502.3076432574942,2.9914103283322513e-111
2134,193528,502.3076432574942,2.9914103283322513e-111
2135,380728,502.3076432574942,2.9914103283322513e-111
2136,437504,502.3076432574942,2.9914103283322513e-111
2137,40487528,502.3076432574942,2.9914103283322513e-111
2138,4117712,502.3076432574942,2.9914103283322513e-111
2139,4232324,502.3076432574942,2.9914103283322513e-111
2140,4294416,502.3076432574942,2.9914103283322513e-111
2141,374655,502.3076432574942,2.9914103283322513e-111
2142,377573,502.3076432574942,2.9914103283322513e-111
2143,4234788,502.3076432574942,2.9914103283322513e-111
2144,381252,502.3076432574942,2.9914103283322513e-111
2145,433516,502.3076432574942,2.9914103283322513e-111
2146,441215,502.3076432574942,2.9914103283322513e-111
2147,4134309,502.3076432574942,2.9914103283322513e-111
2148,4008710,502.3076432574942,2.9914103283322513e-111
2149,373785,502.3076432574942,2.9914103283322513e-111
2150,759931,502.3076432574942,2.9914103283322513e-111
2151,200527,502.3076432574942,2.9914103283322513e-111
2152,4279681,502.3076432574942,2.9914103283322513e-111
2153,4231580,502.3076432574942,2.9914103283322513e-111
2154,4068617,502.3076432574942,2.9914103283322513e-111
2155,75051,502.3076432574942,2.9914103283322513e-111
2156,26711,502.3076432574942,2.9914103283322513e-111
2157,140586,502.3076432574942,2.9914103283322513e-111
2158,443412,502.3076432574942,2.9914103283322513e-111
2159,37312520,502.3076432574942,2.9914103283322513e-111
2160,436940,502.3076432574942,2.9914103283322513e-111
2161,44784454,502.3076432574942,2.9914103283322513e-111
2162,140803,502.3076432574942,2.9914103283322513e-111
2163,40480500,502.3076432574942,2.9914103283322513e-111
2164,4090039,502.3076432574942,2.9914103283322513e-111
2165,4175786,502.3076432574942,2.9914103283322513e-111
2166,434015,502.3076432574942,2.9914103283322513e-111
2167,80800,502.3076432574942,2.9914103283322513e-111
2168,4261810,502.3076432574942,2.9914103283322513e-111
2169,376973,502.3076432574942,2.9914103283322513e-111
2170,42539051,502.3076432574942,2.9914103283322513e-111
2171,4313657,502.3076432574942,2.9914103283322513e-111
2172,4214610,502.3076432574942,2.9914103283322513e-111
2173,4134318,502.3076432574942,2.9914103283322513e-111
2174,380394,502.3076432574942,2.9914103283322513e-111
2175,441264,502.3076432574942,2.9914103283322513e-111
2176,4213373,502.3076432574942,2.9914103283322513e-111
2177,435093,502.3076432574942,2.9914103283322513e-111
2178,443609,502.3076432574942,2.9914103283322513e-111
2179,438367,502.3076432574942,2.9914103283322513e-111
2180,441553,502.3076432574942,2.9914103283322513e-111
2181,73574,502.3076432574942,2.9914103283322513e-111
2182,192667,502.3076432574942,2.9914103283322513e-111
2183,4299418,502.3076432574942,2.9914103283322513e-111
2184,434633,502.3076432574942,2.9914103283322513e-111
2185,442770,502.3076432574942,2.9914103283322513e-111
2186,4085898,502.3076432574942,2.9914103283322513e-111
2187,40480160,502.3076432574942,2.9914103283322513e-111
2188,80819,502.3076432574942,2.9914103283322513e-111
2189,42538169,502.3076432574942,2.9914103283322513e-111
2190,43531563,502.3076432574942,2.9914103283322513e-111
2191,4002359,502.3076432574942,2.9914103283322513e-111
2192,4154632,502.3076432574942,2.9914103283322513e-111
2193,443283,502.3076432574942,2.9914103283322513e-111
2194,43531721,502.3076432574942,2.9914103283322513e-111
2195,196726,502.3076432574942,2.9914103283322513e-111
2196,437064,502.3076432574942,2.9914103283322513e-111
2197,4035436,502.3076432574942,2.9914103283322513e-111
2198,253796,502.3076432574942,2.9914103283322513e-111
2199,260754,502.3076432574942,2.9914103283322513e-111
2200,4119786,502.3076432574942,2.9914103283322513e-111
2201,436397,502.3076432574942,2.9914103283322513e-111
2202,4201565,502.3076432574942,2.9914103283322513e-111
2203,201066,502.3076432574942,2.9914103283322513e-111
2204,434502,502.3076432574942,2.9914103283322513e-111
2205,4058821,502.3076432574942,2.9914103283322513e-111
2206,4198381,502.3076432574942,2.9914103283322513e-111
2207,31509,502.3076432574942,2.9914103283322513e-111
2208,36712827,502.3076432574942,2.9914103283322513e-111
2209,436681,502.3076432574942,2.9914103283322513e-111
2210,36712846,502.3076432574942,2.9914103283322513e-111
2211,45773176,502.3076432574942,2.9914103283322513e-111
2212,4114222,502.3076432574942,2.9914103283322513e-111
2213,4010963,502.3076432574942,2.9914103283322513e-111
2214,37208030,502.3076432574942,2.9914103283322513e-111
2215,373203,502.3076432574942,2.9914103283322513e-111
2216,4264234,502.3076432574942,2.9914103283322513e-111
2217,198401,502.3076432574942,2.9914103283322513e-111
2218,442012,502.3076432574942,2.9914103283322513e-111
2219,4345578,502.3076432574942,2.9914103283322513e-111
2220,4134552,502.3076432574942,2.9914103283322513e-111
2221,192759,502.3076432574942,2.9914103283322513e-111
2222,4118007,502.3076432574942,2.9914103283322513e-111
2223,78097,502.3076432574942,2.9914103283322513e-111
2224,434875,502.3076432574942,2.9914103283322513e-111
2225,77030,502.3076432574942,2.9914103283322513e-111
2226,4083556,502.3076432574942,2.9914103283322513e-111
2227,134442,502.3076432574942,2.9914103283322513e-111
2228,136530,502.3076432574942,2.9914103283322513e-111
2229,73300,502.3076432574942,2.9914103283322513e-111
2230,437703,502.3076432574942,2.9914103283322513e-111
2231,4195677,502.3076432574942,2.9914103283322513e-111
2232,4307254,502.3076432574942,2.9914103283322513e-111
2233,195847,502.3076432574942,2.9914103283322513e-111
2234,4055716,502.3076432574942,2.9914103283322513e-111
2235,4164092,502.3076432574942,2.9914103283322513e-111
2236,4227210,502.3076432574942,2.9914103283322513e-111
2237,133283,502.3076432574942,2.9914103283322513e-111
2238,135032,502.3076432574942,2.9914103283322513e-111
2239,139899,502.3076432574942,2.9914103283322513e-111
2240,314659,502.3076432574942,2.9914103283322513e-111
2241,434004,502.3076432574942,2.9914103283322513e-111
2242,434943,502.3076432574942,2.9914103283322513e-111
2243,443611,502.3076432574942,2.9914103283322513e-111
2244,81239,502.3076432574942,2.9914103283322513e-111
2245,198683,502.3076432574942,2.9914103283322513e-111
2246,435484,502.3076432574942,2.9914103283322513e-111
2247,440072,502.3076432574942,2.9914103283322513e-111
2248,4030186,502.3076432574942,2.9914103283322513e-111
2249,4117689,502.3076432574942,2.9914103283322513e-111
2250,4344612,502.3076432574942,2.9914103283322513e-111
2251,4171569,502.3076432574942,2.9914103283322513e-111
2252,4244078,502.3076432574942,2.9914103283322513e-111
2253,438699,502.3076432574942,2.9914103283322513e-111
2254,318776,502.3076432574942,2.9914103283322513e-111
2255,138713,502.3076432574942,2.9914103283322513e-111
2256,444199,502.3076432574942,2.9914103283322513e-111
2257,44784621,502.3076432574942,2.9914103283322513e-111
2258,4262562,502.3076432574942,2.9914103283322513e-111
2259,192956,502.3076432574942,2.9914103283322513e-111
2260,197603,502.3076432574942,2.9914103283322513e-111
2261,444122,502.3076432574942,2.9914103283322513e-111
2262,4197477,502.3076432574942,2.9914103283322513e-111
2263,72709,502.3076432574942,2.9914103283322513e-111
2264,4018628,502.3076432574942,2.9914103283322513e-111
2265,376337,502.3076432574942,2.9914103283322513e-111
2266,4134454,502.3076432574942,2.9914103283322513e-111
2267,196359,502.3076432574942,2.9914103283322513e-111
2268,4009329,502.3076432574942,2.9914103283322513e-111
2269,435940,502.3076432574942,2.9914103283322513e-111
2270,4207539,502.3076432574942,2.9914103283322513e-111
2271,437448,502.3076432574942,2.9914103283322513e-111
2272,36717169,502.3076432574942,2.9914103283322513e-111
2273,44783205,502.3076432574942,2.9914103283322513e-111
2274,4050690,502.3076432574942,2.9914103283322513e-111
2275,133956,502.3076432574942,2.9914103283322513e-111
2276,434008,502.3076432574942,2.9914103283322513e-111
2277,76725,502.3076432574942,2.9914103283322513e-111
2278,200169,502.3076432574942,2.9914103283322513e-111
2279,4025663,502.3076432574942,2.9914103283322513e-111
2280,759930,502.3076432574942,2.9914103283322513e-111
2281,438879,502.3076432574942,2.9914103283322513e-111
2282,4008709,502.3076432574942,2.9914103283322513e-111
2283,4198141,502.3076432574942,2.9914103283322513e-111
2284,433195,502.3076432574942,2.9914103283322513e-111
2285,40484541,502.3076432574942,2.9914103283322513e-111
2286,80249,502.3076432574942,2.9914103283322513e-111
2287,441788,502.3076432574942,2.9914103283322513e-111
2288,4056478,502.3076432574942,2.9914103283322513e-111
2289,45757308,502.3076432574942,2.9914103283322513e-111
2290,3662401,502.3076432574942,2.9914103283322513e-111
2291,43020424,502.3076432574942,2.9914103283322513e-111
2292,40479625,502.3076432574942,2.9914103283322513e-111
2293,46272492,502.3076432574942,2.9914103283322513e-111
2294,4050089,502.3076432574942,2.9914103283322513e-111
2295,137785,502.3076432574942,2.9914103283322513e-111
2296,443327,502.3076432574942,2.9914103283322513e-111
2297,443236,502.3076432574942,2.9914103283322513e-111
2298,4198042,502.3076432574942,2.9914103283322513e-111
2299,4199600,502.3076432574942,2.9914103283322513e-111
2300,43020910,502.3076432574942,2.9914103283322513e-111
2301,45757298,502.3076432574942,2.9914103283322513e-111
2302,4110914,502.3076432574942,2.9914103283322513e-111
2303,438005,502.3076432574942,2.9914103283322513e-111
2304,4307774,502.3076432574942,2.9914103283322513e-111
2305,37203984,502.3076432574942,2.9914103283322513e-111
2306,35622958,502.3076432574942,2.9914103283322513e-111
2307,373766,502.3076432574942,2.9914103283322513e-111
2308,434007,502.3076432574942,2.9914103283322513e-111
2309,4164639,502.3076432574942,2.9914103283322513e-111
2310,45769352,502.3076432574942,2.9914103283322513e-111
2311,4319447,502.3076432574942,2.9914103283322513e-111
2312,36716624,502.3076432574942,2.9914103283322513e-111
2313,440548,502.3076432574942,2.9914103283322513e-111
2314,4296728,502.3076432574942,2.9914103283322513e-111
2315,4302555,502.3076432574942,2.9914103283322513e-111
2316,316428,502.3076432574942,2.9914103283322513e-111
2317,37208024,502.3076432574942,2.9914103283322513e-111
2318,4059257,502.3076432574942,2.9914103283322513e-111
2319,4087475,502.3076432574942,2.9914103283322513e-111
2320,201518,502.3076432574942,2.9914103283322513e-111
2321,381591,502.3076432574942,2.9914103283322513e-111
2322,4129408,502.3076432574942,2.9914103283322513e-111
2323,4243161,502.3076432574942,2.9914103283322513e-111
2324,192963,502.3076432574942,2.9914103283322513e-111
2325,37208046,502.3076432574942,2.9914103283322513e-111
2326,435993,502.3076432574942,2.9914103283322513e-111
2327,4052509,502.3076432574942,2.9914103283322513e-111
2328,79127,502.3076432574942,2.9914103283322513e-111
2329,4114624,502.3076432574942,2.9914103283322513e-111
2330,4130017,502.3076432574942,2.9914103283322513e-111
2331,196469,502.3076432574942,2.9914103283322513e-111
2332,314383,502.3076432574942,2.9914103283322513e-111
2333,4061074,502.3076432574942,2.9914103283322513e-111
2334,4288676,502.3076432574942,2.9914103283322513e-111
2335,433992,502.3076432574942,2.9914103283322513e-111
2336,4138284,502.3076432574942,2.9914103283322513e-111
2337,81426,502.3076432574942,2.9914103283322513e-111
2338,4055993,502.3076432574942,2.9914103283322513e-111
2339,141056,502.3076432574942,2.9914103283322513e-111
2340,444243,502.3076432574942,2.9914103283322513e-111
2341,40482807,502.3076432574942,2.9914103283322513e-111
2342,134304,502.3076432574942,2.9914103283322513e-111
2343,4220238,502.3076432574942,2.9914103283322513e-111
2344,36716270,502.3076432574942,2.9914103283322513e-111
2345,441283,502.3076432574942,2.9914103283322513e-111
2346,45770886,502.3076432574942,2.9914103283322513e-111
2347,437584,502.3076432574942,2.9914103283322513e-111
2348,441969,502.3076432574942,2.9914103283322513e-111
2349,40491439,502.3076432574942,2.9914103283322513e-111
2350,4029776,502.3076432574942,2.9914103283322513e-111
2351,46273239,502.3076432574942,2.9914103283322513e-111
2352,4117713,502.3076432574942,2.9914103283322513e-111
2353,435642,502.3076432574942,2.9914103283322513e-111
2354,436923,502.3076432574942,2.9914103283322513e-111
2355,45773210,502.3076432574942,2.9914103283322513e-111
2356,197039,502.3076432574942,2.9914103283322513e-111
2357,4308835,502.3076432574942,2.9914103283322513e-111
2358,35624825,502.3076432574942,2.9914103283322513e-111
2359,4130372,502.3076432574942,2.9914103283322513e-111
2360,440058,502.3076432574942,2.9914103283322513e-111
2361,24818,502.3076432574942,2.9914103283322513e-111
2362,194831,502.3076432574942,2.9914103283322513e-111
2363,434819,502.3076432574942,2.9914103283322513e-111
2364,436088,502.3076432574942,2.9914103283322513e-111
2365,40481975,502.3076432574942,2.9914103283322513e-111
2366,380102,502.3076432574942,2.9914103283322513e-111
2367,4335883,502.3076432574942,2.9914103283322513e-111
2368,134305,502.3076432574942,2.9914103283322513e-111
2369,137945,502.3076432574942,2.9914103283322513e-111
2370,434935,502.3076432574942,2.9914103283322513e-111
2371,4002792,502.3076432574942,2.9914103283322513e-111
2372,4095168,502.3076432574942,2.9914103283322513e-111
2373,73872,502.3076432574942,2.9914103283322513e-111
2374,40482865,502.3076432574942,2.9914103283322513e-111
2375,438476,502.3076432574942,2.9914103283322513e-111
2376,194393,502.3076432574942,2.9914103283322513e-111
2377,4188581,502.3076432574942,2.9914103283322513e-111
2378,260130,502.3076432574942,2.9914103283322513e-111
2379,4184423,502.3076432574942,2.9914103283322513e-111
2380,132932,502.3076432574942,2.9914103283322513e-111
2381,260134,502.3076432574942,2.9914103283322513e-111
2382,317585,502.3076432574942,2.9914103283322513e-111
2383,4134862,502.3076432574942,2.9914103283322513e-111
2384,4324765,502.3076432574942,2.9914103283322513e-111
2385,437262,502.3076432574942,2.9914103283322513e-111
2386,46273641,502.3076432574942,2.9914103283322513e-111
2387,73341,502.3076432574942,2.9914103283322513e-111
2388,4046338,502.3076432574942,2.9914103283322513e-111
2389,4281826,502.3076432574942,2.9914103283322513e-111
2390,195259,502.3076432574942,2.9914103283322513e-111
2391,377270,502.3076432574942,2.9914103283322513e-111
2392,4012934,502.3076432574942,2.9914103283322513e-111
2393,44782819,502.3076432574942,2.9914103283322513e-111
2394,4003185,502.3076432574942,2.9914103283322513e-111
2395,4028373,502.3076432574942,2.9914103283322513e-111
2396,436076,502.3076432574942,2.9914103283322513e-111
2397,195589,502.3076432574942,2.9914103283322513e-111
2398,201901,502.3076432574942,2.9914103283322513e-111
2399,434547,502.3076432574942,2.9914103283322513e-111
2400,440276,502.3076432574942,2.9914103283322513e-111
2401,443900,502.3076432574942,2.9914103283322513e-111
2402,4340954,502.3076432574942,2.9914103283322513e-111
2403,134718,502.3076432574942,2.9914103283322513e-111
2404,4323193,502.3076432574942,2.9914103283322513e-111
2405,440396,502.3076432574942,2.9914103283322513e-111
2406,37109050,502.3076432574942,2.9914103283322513e-111
2407,4224968,502.3076432574942,2.9914103283322513e-111
2408,4216708,502.3076432574942,2.9914103283322513e-111
2409,318096,502.3076432574942,2.9914103283322513e-111
2410,4246450,502.3076432574942,2.9914103283322513e-111
2411,81696,502.3076432574942,2.9914103283322513e-111
2412,37109310,502.3076432574942,2.9914103283322513e-111
2413,45763763,502.3076432574942,2.9914103283322513e-111
2414,373179,502.3076432574942,2.9914103283322513e-111
2415,437544,502.3076432574942,2.9914103283322513e-111
2416,4292519,502.3076432574942,2.9914103283322513e-111
2417,436975,502.3076432574942,2.9914103283322513e-111
2418,4134605,502.3076432574942,2.9914103283322513e-111
2419,4101362,502.3076432574942,2.9914103283322513e-111
2420,197332,502.3076432574942,2.9914103283322513e-111
2421,42536547,502.3076432574942,2.9914103283322513e-111
2422,4312493,502.3076432574942,2.9914103283322513e-111
2423,4344387,502.3076432574942,2.9914103283322513e-111
2424,376578,502.3076432574942,2.9914103283322513e-111
2425,40489808,502.3076432574942,2.9914103283322513e-111
2426,4051747,502.3076432574942,2.9914103283322513e-111
2427,4070156,502.3076432574942,2.9914103283322513e-111
2428,132414,502.3076432574942,2.9914103283322513e-111
2429,438064,502.3076432574942,2.9914103283322513e-111
2430,4180167,502.3076432574942,2.9914103283322513e-111
2431,46270433,502.3076432574942,2.9914103283322513e-111
2432,201344,502.3076432574942,2.9914103283322513e-111
2433,440529,502.3076432574942,2.9914103283322513e-111
2434,4167105,502.3076432574942,2.9914103283322513e-111
2435,46269907,502.3076432574942,2.9914103283322513e-111
2436,46269733,502.3076432574942,2.9914103283322513e-111
2437,4243821,502.3076432574942,2.9914103283322513e-111
2438,37016191,502.3076432574942,2.9914103283322513e-111
2439,438150,502.3076432574942,2.9914103283322513e-111
2440,40493210,502.3076432574942,2.9914103283322513e-111
2441,438688,502.3076432574942,2.9914103283322513e-111
2442,137350,502.3076432574942,2.9914103283322513e-111
2443,435802,502.3076432574942,2.9914103283322513e-111
2444,4102954,502.3076432574942,2.9914103283322513e-111
2445,80232,502.3076432574942,2.9914103283322513e-111
2446,81707,502.3076432574942,2.9914103283322513e-111
2447,40482890,502.3076432574942,2.9914103283322513e-111
2448,762376,502.3076432574942,2.9914103283322513e-111
2449,197304,502.3076432574942,2.9914103283322513e-111
2450,43530851,502.3076432574942,2.9914103283322513e-111
2451,4112015,502.3076432574942,2.9914103283322513e-111
2452,138994,502.3076432574942,2.9914103283322513e-111
2453,4203555,502.3076432574942,2.9914103283322513e-111
2454,4207936,502.3076432574942,2.9914103283322513e-111
2455,441691,502.3076432574942,2.9914103283322513e-111
2456,433000,502.3076432574942,2.9914103283322513e-111
2457,436253,502.3076432574942,2.9914103283322513e-111
2458,379822,502.3076432574942,2.9914103283322513e-111
2459,136198,502.3076432574942,2.9914103283322513e-111
2460,4204781,502.3076432574942,2.9914103283322513e-111
2461,40481303,502.3076432574942,2.9914103283322513e-111
2462,200848,502.3076432574942,2.9914103283322513e-111
2463,195401,502.3076432574942,2.9914103283322513e-111
2464,4106355,502.3076432574942,2.9914103283322513e-111
2465,764597,502.3076432574942,2.9914103283322513e-111
2466,45757371,502.3076432574942,2.9914103283322513e-111
2467,137856,502.3076432574942,2.9914103283322513e-111
2468,4049477,502.3076432574942,2.9914103283322513e-111
2469,441521,502.3076432574942,2.9914103283322513e-111
2470,4340961,502.3076432574942,2.9914103283322513e-111
2471,443744,502.3076432574942,2.9914103283322513e-111
2472,4253210,502.3076432574942,2.9914103283322513e-111
2473,36712795,502.3076432574942,2.9914103283322513e-111
2474,435368,502.3076432574942,2.9914103283322513e-111
2475,4095592,502.3076432574942,2.9914103283322513e-111
2476,4243575,502.3076432574942,2.9914103283322513e-111
2477,316457,502.3076432574942,2.9914103283322513e-111
2478,46270366,502.3076432574942,2.9914103283322513e-111
2479,4338227,502.3076432574942,2.9914103283322513e-111
2480,37312529,502.3076432574942,2.9914103283322513e-111
2481,4164640,502.3076432574942,2.9914103283322513e-111
2482,321661,502.3076432574942,2.9914103283322513e-111
2483,4288241,502.3076432574942,2.9914103283322513e-111
2484,141216,502.3076432574942,2.9914103283322513e-111
2485,194996,502.3076432574942,2.9914103283322513e-111
2486,4150981,502.3076432574942,2.9914103283322513e-111
2487,45772128,502.3076432574942,2.9914103283322513e-111
2488,439248,502.3076432574942,2.9914103283322513e-111
2489,193863,502.3076432574942,2.9914103283322513e-111
2490,198483,502.3076432574942,2.9914103283322513e-111
2491,4164959,502.3076432574942,2.9914103283322513e-111
2492,372651,502.3076432574942,2.9914103283322513e-111
2493,4043738,502.3076432574942,2.9914103283322513e-111
2494,4172822,502.3076432574942,2.9914103283322513e-111
2495,441829,502.3076432574942,2.9914103283322513e-111
2496,372925,502.3076432574942,2.9914103283322513e-111
2497,441699,502.3076432574942,2.9914103283322513e-111
2498,4138299,502.3076432574942,2.9914103283322513e-111
2499,45767610,502.3076432574942,2.9914103283322513e-111
2500,4244639,502.3076432574942,2.9914103283322513e-111
2501,374950,502.3076432574942,2.9914103283322513e-111
2502,4155039,502.3076432574942,2.9914103283322513e-111
2503,37207961,502.3076432574942,2.9914103283322513e-111
2504,435508,502.3076432574942,2.9914103283322513e-111
2505,43530727,502.3076432574942,2.9914103283322513e-111
2506,377288,502.3076432574942,2.9914103283322513e-111
2507,139906,502.3076432574942,2.9914103283322513e-111
2508,4168839,502.3076432574942,2.9914103283322513e-111
2509,437843,502.3076432574942,2.9914103283322513e-111
2510,133444,502.3076432574942,2.9914103283322513e-111
2511,4081998,502.3076432574942,2.9914103283322513e-111
2512,4247842,502.3076432574942,2.9914103283322513e-111
2513,4194739,502.3076432574942,2.9914103283322513e-111
2514,24660,502.3076432574942,2.9914103283322513e-111
2515,4280498,502.3076432574942,2.9914103283322513e-111
2516,4059563,502.3076432574942,2.9914103283322513e-111
2517,40492392,502.3076432574942,2.9914103283322513e-111
2518,435279,502.3076432574942,2.9914103283322513e-111
2519,45757373,502.3076432574942,2.9914103283322513e-111
2520,81064,502.3076432574942,2.9914103283322513e-111
2521,253009,502.3076432574942,2.9914103283322513e-111
2522,78357,502.3076432574942,2.9914103283322513e-111
2523,200779,502.3076432574942,2.9914103283322513e-111
2524,36715574,502.3076432574942,2.9914103283322513e-111
2525,200447,502.3076432574942,2.9914103283322513e-111
2526,441267,502.3076432574942,2.9914103283322513e-111
2527,4029420,502.3076432574942,2.9914103283322513e-111
2528,4024127,502.3076432574942,2.9914103283322513e-111
2529,197318,502.3076432574942,2.9914103283322513e-111
2530,4001819,502.3076432574942,2.9914103283322513e-111
2531,4200967,502.3076432574942,2.9914103283322513e-111
2532,439093,502.3076432574942,2.9914103283322513e-111
2533,439253,502.3076432574942,2.9914103283322513e-111
2534,4338512,502.3076432574942,2.9914103283322513e-111
2535,4097996,502.3076432574942,2.9914103283322513e-111
2536,4184403,502.3076432574942,2.9914103283322513e-111
2537,443410,502.3076432574942,2.9914103283322513e-111
2538,4219836,502.3076432574942,2.9914103283322513e-111
2539,192732,502.3076432574942,2.9914103283322513e-111
2540,4001454,502.3076432574942,2.9914103283322513e-111
2541,72266,502.3076432574942,2.9914103283322513e-111
2542,4300243,502.3076432574942,2.9914103283322513e-111
2543,40481897,502.3076432574942,2.9914103283322513e-111
2544,45765623,502.3076432574942,2.9914103283322513e-111
2545,46269921,502.3076432574942,2.9914103283322513e-111
2546,4178396,502.3076432574942,2.9914103283322513e-111
2547,4135088,502.3076432574942,2.9914103283322513e-111
2548,46269791,502.3076432574942,2.9914103283322513e-111
2549,434374,502.3076432574942,2.9914103283322513e-111
2550,4220002,502.3076432574942,2.9914103283322513e-111
2551,319793,502.3076432574942,2.9914103283322513e-111
2552,4049367,502.3076432574942,2.9914103283322513e-111
2553,4232691,502.3076432574942,2.9914103283322513e-111
2554,432868,502.3076432574942,2.9914103283322513e-111
2555,438567,502.3076432574942,2.9914103283322513e-111
2556,4275889,502.3076432574942,2.9914103283322513e-111
2557,195977,502.3076432574942,2.9914103283322513e-111
2558,4182198,502.3076432574942,2.9914103283322513e-111
2559,77317,502.3076432574942,2.9914103283322513e-111
2560,435231,502.3076432574942,2.9914103283322513e-111
2561,4042835,502.3076432574942,2.9914103283322513e-111
2562,4069953,502.3076432574942,2.9914103283322513e-111
2563,37309664,502.3076432574942,2.9914103283322513e-111
2564,194491,502.3076432574942,2.9914103283322513e-111
2565,435228,502.3076432574942,2.9914103283322513e-111
2566,4218083,502.3076432574942,2.9914103283322513e-111
2567,36684646,502.3076432574942,2.9914103283322513e-111
2568,4171394,502.3076432574942,2.9914103283322513e-111
2569,4203556,502.3076432574942,2.9914103283322513e-111
2570,36715624,502.3076432574942,2.9914103283322513e-111
2571,317299,502.3076432574942,2.9914103283322513e-111
2572,4001670,502.3076432574942,2.9914103283322513e-111
2573,377286,502.3076432574942,2.9914103283322513e-111
2574,132342,502.3076432574942,2.9914103283322513e-111
2575,28461,502.3076432574942,2.9914103283322513e-111
2576,4062569,502.3076432574942,2.9914103283322513e-111
2577,4188598,502.3076432574942,2.9914103283322513e-111
2578,4209094,502.3076432574942,2.9914103283322513e-111
2579,4218813,502.3076432574942,2.9914103283322513e-111
2580,45757711,502.3076432574942,2.9914103283322513e-111
2581,4052824,502.3076432574942,2.9914103283322513e-111
2582,200461,502.3076432574942,2.9914103283322513e-111
2583,194871,502.3076432574942,2.9914103283322513e-111
2584,4188331,502.3076432574942,2.9914103283322513e-111
2585,443556,502.3076432574942,2.9914103283322513e-111
2586,135214,502.3076432574942,2.9914103283322513e-111
2587,196724,502.3076432574942,2.9914103283322513e-111
2588,140480,502.3076432574942,2.9914103283322513e-111
2589,437402,502.3076432574942,2.9914103283322513e-111
2590,4129393,502.3076432574942,2.9914103283322513e-111
2591,4162994,502.3076432574942,2.9914103283322513e-111
2592,4033802,502.3076432574942,2.9914103283322513e-111
2593,192683,502.3076432574942,2.9914103283322513e-111
2594,4101918,502.3076432574942,2.9914103283322513e-111
2595,4117883,502.3076432574942,2.9914103283322513e-111
2596,4216894,502.3076432574942,2.9914103283322513e-111
2597,198246,502.3076432574942,2.9914103283322513e-111
2598,4222138,502.3076432574942,2.9914103283322513e-111
2599,196369,502.3076432574942,2.9914103283322513e-111
2600,4291291,502.3076432574942,2.9914103283322513e-111
2601,192353,502.3076432574942,2.9914103283322513e-111
2602,133974,502.3076432574942,2.9914103283322513e-111
2603,37207927,502.3076432574942,2.9914103283322513e-111
2604,4027369,502.3076432574942,2.9914103283322513e-111
2605,440431,502.3076432574942,2.9914103283322513e-111
2606,4053320,502.3076432574942,2.9914103283322513e-111
2607,194755,502.3076432574942,2.9914103283322513e-111
2608,440812,502.3076432574942,2.9914103283322513e-111
2609,4338759,502.3076432574942,2.9914103283322513e-111
2610,46269755,502.3076432574942,2.9914103283322513e-111
2611,436805,502.3076432574942,2.9914103283322513e-111
2612,196061,502.3076432574942,2.9914103283322513e-111
2613,765174,502.3076432574942,2.9914103283322513e-111
2614,438460,502.3076432574942,2.9914103283322513e-111
2615,439103,502.3076432574942,2.9914103283322513e-111
2616,40491988,502.3076432574942,2.9914103283322513e-111
2617,80482,502.3076432574942,2.9914103283322513e-111
2618,437176,502.3076432574942,2.9914103283322513e-111
2619,4056457,502.3076432574942,2.9914103283322513e-111
2620,4346970,502.3076432574942,2.9914103283322513e-111
2621,46273162,502.3076432574942,2.9914103283322513e-111
2622,320835,502.3076432574942,2.9914103283322513e-111
2623,4179675,502.3076432574942,2.9914103283322513e-111
2624,4202383,502.3076432574942,2.9914103283322513e-111
2625,4245975,502.3076432574942,2.9914103283322513e-111
2626,432451,502.3076432574942,2.9914103283322513e-111
2627,195079,502.3076432574942,2.9914103283322513e-111
2628,438748,502.3076432574942,2.9914103283322513e-111
2629,77647,502.3076432574942,2.9914103283322513e-111
2630,380403,502.3076432574942,2.9914103283322513e-111
2631,46273649,502.3076432574942,2.9914103283322513e-111
2632,46270482,502.3076432574942,2.9914103283322513e-111
2633,441855,502.3076432574942,2.9914103283322513e-111
2634,4111711,502.3076432574942,2.9914103283322513e-111
2635,4263710,502.3076432574942,2.9914103283322513e-111
2636,4295336,502.3076432574942,2.9914103283322513e-111
2637,378741,502.3076432574942,2.9914103283322513e-111
2638,764594,502.3076432574942,2.9914103283322513e-111
2639,440647,502.3076432574942,2.9914103283322513e-111
2640,4160276,502.3076432574942,2.9914103283322513e-111
2641,45757770,502.3076432574942,2.9914103283322513e-111
2642,434614,502.3076432574942,2.9914103283322513e-111
2643,760895,502.3076432574942,2.9914103283322513e-111
2644,133853,502.3076432574942,2.9914103283322513e-111
2645,135340,502.3076432574942,2.9914103283322513e-111
2646,438452,502.3076432574942,2.9914103283322513e-111
2647,43021245,502.3076432574942,2.9914103283322513e-111
2648,436532,502.3076432574942,2.9914103283322513e-111
2649,437169,502.3076432574942,2.9914103283322513e-111
2650,78605,502.3076432574942,2.9914103283322513e-111
2651,4059416,502.3076432574942,2.9914103283322513e-111
2652,320425,502.3076432574942,2.9914103283322513e-111
2653,320752,502.3076432574942,2.9914103283322513e-111
2654,434289,502.3076432574942,2.9914103283322513e-111
2655,200959,502.3076432574942,2.9914103283322513e-111
2656,435227,502.3076432574942,2.9914103283322513e-111
2657,27587,502.3076432574942,2.9914103283322513e-111
2658,72487,502.3076432574942,2.9914103283322513e-111
2659,45757758,502.3076432574942,2.9914103283322513e-111
2660,78011,502.3076432574942,2.9914103283322513e-111
2661,439834,502.3076432574942,2.9914103283322513e-111
2662,436634,502.3076432574942,2.9914103283322513e-111
2663,4263360,502.3076432574942,2.9914103283322513e-111
2664,44784255,502.3076432574942,2.9914103283322513e-111
2665,45769438,502.3076432574942,2.9914103283322513e-111
2666,432933,502.3076432574942,2.9914103283322513e-111
2667,434657,502.3076432574942,2.9914103283322513e-111
2668,442190,502.3076432574942,2.9914103283322513e-111
2669,132943,502.3076432574942,2.9914103283322513e-111
2670,138176,502.3076432574942,2.9914103283322513e-111
2671,439235,502.3076432574942,2.9914103283322513e-111
2672,4080299,502.3076432574942,2.9914103283322513e-111
2673,25572,502.3076432574942,2.9914103283322513e-111
2674,4144895,502.3076432574942,2.9914103283322513e-111
2675,4056428,502.3076432574942,2.9914103283322513e-111
2676,374940,502.3076432574942,2.9914103283322513e-111
2677,4334248,502.3076432574942,2.9914103283322513e-111
2678,193138,502.3076432574942,2.9914103283322513e-111
2679,432586,502.3076432574942,2.9914103283322513e-111
2680,4069653,502.3076432574942,2.9914103283322513e-111
2681,35615135,502.3076432574942,2.9914103283322513e-111
2682,4085062,502.3076432574942,2.9914103283322513e-111
2683,135350,502.3076432574942,2.9914103283322513e-111
2684,439928,502.3076432574942,2.9914103283322513e-111
2685,4159742,502.3076432574942,2.9914103283322513e-111
2686,4100857,502.3076432574942,2.9914103283322513e-111
2687,4151446,502.3076432574942,2.9914103283322513e-111
2688,4315806,502.3076432574942,2.9914103283322513e-111
2689,4313828,502.3076432574942,2.9914103283322513e-111
2690,26823,502.3076432574942,2.9914103283322513e-111
2691,4317827,502.3076432574942,2.9914103283322513e-111
2692,4345587,502.3076432574942,2.9914103283322513e-111
2693,45767037,502.3076432574942,2.9914103283322513e-111
2694,4096201,502.3076432574942,2.9914103283322513e-111
2695,195596,502.3076432574942,2.9914103283322513e-111
2696,4243593,502.3076432574942,2.9914103283322513e-111
2697,40483342,502.3076432574942,2.9914103283322513e-111
2698,4340383,502.3076432574942,2.9914103283322513e-111
2699,36716659,502.3076432574942,2.9914103283322513e-111
2700,379801,502.3076432574942,2.9914103283322513e-111
2701,28457,502.3076432574942,2.9914103283322513e-111
2702,444367,502.3076432574942,2.9914103283322513e-111
2703,436787,502.3076432574942,2.9914103283322513e-111
2704,4002346,502.3076432574942,2.9914103283322513e-111
2705,36716700,502.3076432574942,2.9914103283322513e-111
2706,4192647,502.3076432574942,2.9914103283322513e-111
2707,44784251,502.3076432574942,2.9914103283322513e-111
2708,436389,502.3076432574942,2.9914103283322513e-111
2709,440387,502.3076432574942,2.9914103283322513e-111
2710,256622,502.3076432574942,2.9914103283322513e-111
2711,40482061,502.3076432574942,2.9914103283322513e-111
2712,40490888,502.3076432574942,2.9914103283322513e-111
2713,45763814,502.3076432574942,2.9914103283322513e-111
2714,77395,502.3076432574942,2.9914103283322513e-111
2715,4088051,502.3076432574942,2.9914103283322513e-111
2716,40480429,502.3076432574942,2.9914103283322513e-111
2717,45766898,502.3076432574942,2.9914103283322513e-111
2718,4081173,502.3076432574942,2.9914103283322513e-111
2719,4080146,502.3076432574942,2.9914103283322513e-111
2720,40486631,502.3076432574942,2.9914103283322513e-111
2721,193688,502.3076432574942,2.9914103283322513e-111
2722,193256,502.3076432574942,2.9914103283322513e-111
2723,4086243,502.3076432574942,2.9914103283322513e-111
2724,437082,502.3076432574942,2.9914103283322513e-111
2725,4327889,502.3076432574942,2.9914103283322513e-111
2726,379008,502.3076432574942,2.9914103283322513e-111
2727,200054,502.3076432574942,2.9914103283322513e-111
2728,35622759,502.3076432574942,2.9914103283322513e-111
2729,376063,502.3076432574942,2.9914103283322513e-111
2730,4316887,502.3076432574942,2.9914103283322513e-111
2731,440078,502.3076432574942,2.9914103283322513e-111
2732,75343,502.3076432574942,2.9914103283322513e-111
2733,434494,502.3076432574942,2.9914103283322513e-111
2734,4013453,502.3076432574942,2.9914103283322513e-111
2735,4147020,502.3076432574942,2.9914103283322513e-111
2736,36712807,502.3076432574942,2.9914103283322513e-111
2737,317376,502.3076432574942,2.9914103283322513e-111
2738,4316228,502.3076432574942,2.9914103283322513e-111
2739,374377,502.3076432574942,2.9914103283322513e-111
2740,4112826,502.3076432574942,2.9914103283322513e-111
2741,4201387,502.3076432574942,2.9914103283322513e-111
2742,40480944,502.3076432574942,2.9914103283322513e-111
2743,43530645,502.3076432574942,2.9914103283322513e-111
2744,4016122,502.3076432574942,2.9914103283322513e-111
2745,4086195,502.3076432574942,2.9914103283322513e-111
2746,4195873,502.3076432574942,2.9914103283322513e-111
2747,437489,502.3076432574942,2.9914103283322513e-111
2748,45763762,502.3076432574942,2.9914103283322513e-111
2749,4100815,502.3076432574942,2.9914103283322513e-111
2750,4002344,502.3076432574942,2.9914103283322513e-111
2751,441594,502.3076432574942,2.9914103283322513e-111
2752,28974,502.3076432574942,2.9914103283322513e-111
2753,437222,502.3076432574942,2.9914103283322513e-111
2754,4085553,502.3076432574942,2.9914103283322513e-111
2755,4228164,502.3076432574942,2.9914103283322513e-111
2756,372624,502.3076432574942,2.9914103283322513e-111
2757,432347,502.3076432574942,2.9914103283322513e-111
2758,132983,502.3076432574942,2.9914103283322513e-111
2759,4176946,502.3076432574942,2.9914103283322513e-111
2760,434164,502.3076432574942,2.9914103283322513e-111
2761,381569,502.3076432574942,2.9914103283322513e-111
2762,4106361,502.3076432574942,2.9914103283322513e-111
2763,381854,502.3076432574942,2.9914103283322513e-111
2764,440933,502.3076432574942,2.9914103283322513e-111
2765,4089777,502.3076432574942,2.9914103283322513e-111
2766,4272156,502.3076432574942,2.9914103283322513e-111
2767,438112,502.3076432574942,2.9914103283322513e-111
2768,374640,502.3076432574942,2.9914103283322513e-111
2769,35611566,502.3076432574942,2.9914103283322513e-111
2770,201824,502.3076432574942,2.9914103283322513e-111
2771,36715479,502.3076432574942,2.9914103283322513e-111
2772,372828,502.3076432574942,2.9914103283322513e-111
2773,4121803,502.3076432574942,2.9914103283322513e-111
2774,4054067,502.3076432574942,2.9914103283322513e-111
2775,4305303,502.3076432574942,2.9914103283322513e-111
2776,4322945,502.3076432574942,2.9914103283322513e-111
2777,45768480,502.3076432574942,2.9914103283322513e-111
2778,4308861,502.3076432574942,2.9914103283322513e-111
2779,45766241,502.3076432574942,2.9914103283322513e-111
2780,436897,502.3076432574942,2.9914103283322513e-111
2781,4056293,502.3076432574942,2.9914103283322513e-111
2782,4073658,502.3076432574942,2.9914103283322513e-111
2783,43530714,502.3076432574942,2.9914103283322513e-111
2784,440303,502.3076432574942,2.9914103283322513e-111
2785,4166126,502.3076432574942,2.9914103283322513e-111
2786,78474,502.3076432574942,2.9914103283322513e-111
2787,4144112,502.3076432574942,2.9914103283322513e-111
2788,4308391,502.3076432574942,2.9914103283322513e-111
2789,377294,502.3076432574942,2.9914103283322513e-111
2790,45757695,502.3076432574942,2.9914103283322513e-111
2791,439278,502.3076432574942,2.9914103283322513e-111
2792,4274575,502.3076432574942,2.9914103283322513e-111
2793,133726,502.3076432574942,2.9914103283322513e-111
2794,444453,502.3076432574942,2.9914103283322513e-111
2795,40480002,502.3076432574942,2.9914103283322513e-111
2796,4216139,502.3076432574942,2.9914103283322513e-111
2797,372907,502.3076432574942,2.9914103283322513e-111
2798,44782821,502.3076432574942,2.9914103283322513e-111
2799,4043346,502.3076432574942,2.9914103283322513e-111
2800,40482266,502.3076432574942,2.9914103283322513e-111
2801,199860,502.3076432574942,2.9914103283322513e-111
2802,37116510,502.3076432574942,2.9914103283322513e-111
2803,23986,502.3076432574942,2.9914103283322513e-111
2804,81336,502.3076432574942,2.9914103283322513e-111
2805,4051439,502.3076432574942,2.9914103283322513e-111
2806,4115161,502.3076432574942,2.9914103283322513e-111
2807,432941,502.3076432574942,2.9914103283322513e-111
2808,437233,502.3076432574942,2.9914103283322513e-111
2809,43021237,502.3076432574942,2.9914103283322513e-111
2810,4058349,502.3076432574942,2.9914103283322513e-111
2811,4055481,502.3076432574942,2.9914103283322513e-111
2812,37207924,502.3076432574942,2.9914103283322513e-111
2813,45757370,502.3076432574942,2.9914103283322513e-111
2814,135333,502.3076432574942,2.9914103283322513e-111
2815,200687,502.3076432574942,2.9914103283322513e-111
2816,4282857,502.3076432574942,2.9914103283322513e-111
2817,37016180,502.3076432574942,2.9914103283322513e-111
2818,437529,502.3076432574942,2.9914103283322513e-111
2819,192273,502.3076432574942,2.9914103283322513e-111
2820,4263898,502.3076432574942,2.9914103283322513e-111
2821,4334246,502.3076432574942,2.9914103283322513e-111
2822,434316,502.3076432574942,2.9914103283322513e-111
2823,4116759,502.3076432574942,2.9914103283322513e-111
2824,4160354,502.3076432574942,2.9914103283322513e-111
2825,196473,502.3076432574942,2.9914103283322513e-111
2826,4213266,502.3076432574942,2.9914103283322513e-111
2827,43531046,502.3076432574942,2.9914103283322513e-111
2828,438767,502.3076432574942,2.9914103283322513e-111
2829,4064036,502.3076432574942,2.9914103283322513e-111
2830,253954,502.3076432574942,2.9914103283322513e-111
2831,314664,502.3076432574942,2.9914103283322513e-111
2832,261808,502.3076432574942,2.9914103283322513e-111
2833,438691,502.3076432574942,2.9914103283322513e-111
2834,4347069,502.3076432574942,2.9914103283322513e-111
2835,4069935,502.3076432574942,2.9914103283322513e-111
2836,436695,502.3076432574942,2.9914103283322513e-111
2837,4340497,502.3076432574942,2.9914103283322513e-111
2838,4340964,502.3076432574942,2.9914103283322513e-111
2839,4043672,502.3076432574942,2.9914103283322513e-111
2840,4048684,502.3076432574942,2.9914103283322513e-111
2841,257293,502.3076432574942,2.9914103283322513e-111
2842,194418,502.3076432574942,2.9914103283322513e-111
2843,4052227,502.3076432574942,2.9914103283322513e-111
2844,4153517,502.3076432574942,2.9914103283322513e-111
2845,4213865,502.3076432574942,2.9914103283322513e-111
2846,40492482,502.3076432574942,2.9914103283322513e-111
2847,42537744,502.3076432574942,2.9914103283322513e-111
2848,4147660,502.3076432574942,2.9914103283322513e-111
2849,4091901,502.3076432574942,2.9914103283322513e-111
2850,436466,502.3076432574942,2.9914103283322513e-111
2851,42709954,502.3076432574942,2.9914103283322513e-111
2852,201900,502.3076432574942,2.9914103283322513e-111
2853,438555,502.3076432574942,2.9914103283322513e-111
2854,4058219,502.3076432574942,2.9914103283322513e-111
2855,37312519,502.3076432574942,2.9914103283322513e-111
2856,4055709,502.3076432574942,2.9914103283322513e-111
2857,4164345,502.3076432574942,2.9914103283322513e-111
2858,46270394,502.3076432574942,2.9914103283322513e-111
2859,134453,502.3076432574942,2.9914103283322513e-111
2860,4299408,502.3076432574942,2.9914103283322513e-111
2861,4186463,502.3076432574942,2.9914103283322513e-111
2862,320342,502.3076432574942,2.9914103283322513e-111
2863,23798,502.3076432574942,2.9914103283322513e-111
2864,4318656,502.3076432574942,2.9914103283322513e-111
2865,4260546,502.3076432574942,2.9914103283322513e-111
2866,380729,502.3076432574942,2.9914103283322513e-111
2867,4167328,502.3076432574942,2.9914103283322513e-111
2868,4243427,502.3076432574942,2.9914103283322513e-111
2869,434883,502.3076432574942,2.9914103283322513e-111
2870,35615055,502.3076432574942,2.9914103283322513e-111
2871,4290976,502.3076432574942,2.9914103283322513e-111
2872,80552,502.3076432574942,2.9914103283322513e-111
2873,4242816,502.3076432574942,2.9914103283322513e-111
2874,438068,502.3076432574942,2.9914103283322513e-111
2875,74052,502.3076432574942,2.9914103283322513e-111
2876,436701,502.3076432574942,2.9914103283322513e-111
2877,4131768,502.3076432574942,2.9914103283322513e-111
2878,375551,502.3076432574942,2.9914103283322513e-111
2879,436059,502.3076432574942,2.9914103283322513e-111
2880,4175616,502.3076432574942,2.9914103283322513e-111
2881,4335747,502.3076432574942,2.9914103283322513e-111
2882,40481757,502.3076432574942,2.9914103283322513e-111
2883,4336157,502.3076432574942,2.9914103283322513e-111
2884,134398,502.3076432574942,2.9914103283322513e-111
2885,197601,502.3076432574942,2.9914103283322513e-111
2886,22340,502.3076432574942,2.9914103283322513e-111
2887,74135,502.3076432574942,2.9914103283322513e-111
2888,4068241,502.3076432574942,2.9914103283322513e-111
2889,4106351,502.3076432574942,2.9914103283322513e-111
2890,433097,502.3076432574942,2.9914103283322513e-111
2891,200164,502.3076432574942,2.9914103283322513e-111
2892,46271902,502.3076432574942,2.9914103283322513e-111
2893,4307981,502.3076432574942,2.9914103283322513e-111
2894,37117095,502.3076432574942,2.9914103283322513e-111
2895,4013604,502.3076432574942,2.9914103283322513e-111
2896,4150485,502.3076432574942,2.9914103283322513e-111
2897,438730,502.3076432574942,2.9914103283322513e-111
2898,372897,502.3076432574942,2.9914103283322513e-111
2899,313792,502.3076432574942,2.9914103283322513e-111
2900,4334736,502.3076432574942,2.9914103283322513e-111
2901,80286,502.3076432574942,2.9914103283322513e-111
2902,4181744,502.3076432574942,2.9914103283322513e-111
2903,135858,502.3076432574942,2.9914103283322513e-111
2904,196738,502.3076432574942,2.9914103283322513e-111
2905,314965,502.3076432574942,2.9914103283322513e-111
2906,40488439,502.3076432574942,2.9914103283322513e-111
2907,4308716,502.3076432574942,2.9914103283322513e-111
2908,4079725,502.3076432574942,2.9914103283322513e-111
2909,4140828,502.3076432574942,2.9914103283322513e-111
2910,4166231,502.3076432574942,2.9914103283322513e-111
2911,440005,502.3076432574942,2.9914103283322513e-111
2912,75345,502.3076432574942,2.9914103283322513e-111
2913,260131,502.3076432574942,2.9914103283322513e-111
2914,4194891,502.3076432574942,2.9914103283322513e-111
2915,73338,502.3076432574942,2.9914103283322513e-111
2916,75311,502.3076432574942,2.9914103283322513e-111
2917,45763766,502.3076432574942,2.9914103283322513e-111
2918,133384,502.3076432574942,2.9914103283322513e-111
2919,4300203,502.3076432574942,2.9914103283322513e-111
2920,195197,502.3076432574942,2.9914103283322513e-111
2921,437501,502.3076432574942,2.9914103283322513e-111
2922,4003029,502.3076432574942,2.9914103283322513e-111
2923,434176,502.3076432574942,2.9914103283322513e-111
2924,195300,502.3076432574942,2.9914103283322513e-111
2925,81250,502.3076432574942,2.9914103283322513e-111
2926,378157,502.3076432574942,2.9914103283322513e-111
2927,438837,502.3076432574942,2.9914103283322513e-111
2928,439013,502.3076432574942,2.9914103283322513e-111
2929,4077428,502.3076432574942,2.9914103283322513e-111
2930,444238,502.3076432574942,2.9914103283322513e-111
2931,436741,502.3076432574942,2.9914103283322513e-111
2932,141474,502.3076432574942,2.9914103283322513e-111
2933,4111099,502.3076432574942,2.9914103283322513e-111
2934,197150,502.3076432574942,2.9914103283322513e-111
2935,440710,502.3076432574942,2.9914103283322513e-111
2936,4106358,502.3076432574942,2.9914103283322513e-111
2937,441851,502.3076432574942,2.9914103283322513e-111
2938,4001116,502.3076432574942,2.9914103283322513e-111
2939,4070679,502.3076432574942,2.9914103283322513e-111
2940,374009,502.3076432574942,2.9914103283322513e-111
2941,4323418,502.3076432574942,2.9914103283322513e-111
2942,380393,502.3076432574942,2.9914103283322513e-111
2943,4273693,502.3076432574942,2.9914103283322513e-111
2944,4252861,502.3076432574942,2.9914103283322513e-111
2945,443419,502.3076432574942,2.9914103283322513e-111
2946,4062231,502.3076432574942,2.9914103283322513e-111
2947,4269221,502.3076432574942,2.9914103283322513e-111
2948,133794,502.3076432574942,2.9914103283322513e-111
2949,4108680,502.3076432574942,2.9914103283322513e-111
2950,4068628,502.3076432574942,2.9914103283322513e-111
2951,4147466,502.3076432574942,2.9914103283322513e-111
2952,441838,502.3076432574942,2.9914103283322513e-111
2953,441545,502.3076432574942,2.9914103283322513e-111
2954,79240,502.3076432574942,2.9914103283322513e-111
2955,4175440,502.3076432574942,2.9914103283322513e-111
2956,373995,502.3076432574942,2.9914103283322513e-111
2957,4340386,502.3076432574942,2.9914103283322513e-111
2958,40321716,502.3076432574942,2.9914103283322513e-111
2959,40482293,502.3076432574942,2.9914103283322513e-111
2960,80241,502.3076432574942,2.9914103283322513e-111
2961,4040385,502.3076432574942,2.9914103283322513e-111
2962,3656064,502.3076432574942,2.9914103283322513e-111
2963,4246395,502.3076432574942,2.9914103283322513e-111
2964,432833,502.3076432574942,2.9914103283322513e-111
2965,23653,502.3076432574942,2.9914103283322513e-111
2966,4152814,502.3076432574942,2.9914103283322513e-111
2967,134404,502.3076432574942,2.9914103283322513e-111
2968,4112334,502.3076432574942,2.9914103283322513e-111
2969,45757701,502.3076432574942,2.9914103283322513e-111
2970,375819,502.3076432574942,2.9914103283322513e-111
2971,4179873,502.3076432574942,2.9914103283322513e-111
2972,4263879,502.3076432574942,2.9914103283322513e-111
2973,764524,502.3076432574942,2.9914103283322513e-111
2974,4222174,502.3076432574942,2.9914103283322513e-111
2975,4241033,502.3076432574942,2.9914103283322513e-111
2976,312723,502.3076432574942,2.9914103283322513e-111
2977,80509,502.3076432574942,2.9914103283322513e-111
2978,35624447,502.3076432574942,2.9914103283322513e-111
2979,45772671,502.3076432574942,2.9914103283322513e-111
2980,4127089,502.3076432574942,2.9914103283322513e-111
2981,75620,502.3076432574942,2.9914103283322513e-111
2982,4266637,502.3076432574942,2.9914103283322513e-111
2983,45766819,502.3076432574942,2.9914103283322513e-111
2984,381581,502.3076432574942,2.9914103283322513e-111
2985,441781,502.3076432574942,2.9914103283322513e-111
2986,138790,502.3076432574942,2.9914103283322513e-111
2987,36713165,502.3076432574942,2.9914103283322513e-111
2988,381009,502.3076432574942,2.9914103283322513e-111
2989,36684711,502.3076432574942,2.9914103283322513e-111
2990,442141,502.3076432574942,2.9914103283322513e-111
2991,75385,502.3076432574942,2.9914103283322513e-111
2992,4013160,502.3076432574942,2.9914103283322513e-111
2993,4205383,502.3076432574942,2.9914103283322513e-111
2994,42539474,502.3076432574942,2.9914103283322513e-111
2995,4273250,502.3076432574942,2.9914103283322513e-111
2996,73923,502.3076432574942,2.9914103283322513e-111
2997,434183,502.3076432574942,2.9914103283322513e-111
2998,381574,502.3076432574942,2.9914103283322513e-111
2999,4329445,502.3076432574942,2.9914103283322513e-111
3000,374931,502.3076432574942,2.9914103283322513e-111
3001,4006107,502.3076432574942,2.9914103283322513e-111
3002,439256,502.3076432574942,2.9914103283322513e-111
3003,4083833,502.3076432574942,2.9914103283322513e-111
3004,4150985,502.3076432574942,2.9914103283322513e-111
3005,138502,502.3076432574942,2.9914103283322513e-111
3006,4134120,502.3076432574942,2.9914103283322513e-111
3007,4246724,502.3076432574942,2.9914103283322513e-111
3008,4129405,502.3076432574942,2.9914103283322513e-111
3009,4170462,502.3076432574942,2.9914103283322513e-111
3010,4154415,502.3076432574942,2.9914103283322513e-111
3011,257583,502.3076432574942,2.9914103283322513e-111
3012,4009752,502.3076432574942,2.9914103283322513e-111
3013,438168,502.3076432574942,2.9914103283322513e-111
3014,443177,502.3076432574942,2.9914103283322513e-111
3015,378743,502.3076432574942,2.9914103283322513e-111
3016,44782718,502.3076432574942,2.9914103283322513e-111
3017,36712794,502.3076432574942,2.9914103283322513e-111
3018,441555,502.3076432574942,2.9914103283322513e-111
3019,439842,502.3076432574942,2.9914103283322513e-111
3020,36685228,502.3076432574942,2.9914103283322513e-111
3021,193598,502.3076432574942,2.9914103283322513e-111
3022,375256,502.3076432574942,2.9914103283322513e-111
3023,432590,502.3076432574942,2.9914103283322513e-111
3024,134870,502.3076432574942,2.9914103283322513e-111
3025,4117881,502.3076432574942,2.9914103283322513e-111
3026,4286676,502.3076432574942,2.9914103283322513e-111
3027,765053,502.3076432574942,2.9914103283322513e-111
3028,36712845,502.3076432574942,2.9914103283322513e-111
3029,45757785,502.3076432574942,2.9914103283322513e-111
3030,438178,502.3076432574942,2.9914103283322513e-111
3031,24612,502.3076432574942,2.9914103283322513e-111
3032,4062390,502.3076432574942,2.9914103283322513e-111
3033,42872407,502.3076432574942,2.9914103283322513e-111
3034,193242,502.3076432574942,2.9914103283322513e-111
3035,4030040,502.3076432574942,2.9914103283322513e-111
3036,4148486,502.3076432574942,2.9914103283322513e-111
3037,4164770,502.3076432574942,2.9914103283322513e-111
3038,443464,502.3076432574942,2.9914103283322513e-111
3039,4244418,502.3076432574942,2.9914103283322513e-111
3040,37205080,502.3076432574942,2.9914103283322513e-111
3041,201894,502.3076432574942,2.9914103283322513e-111
3042,438731,502.3076432574942,2.9914103283322513e-111
3043,4138412,502.3076432574942,2.9914103283322513e-111
3044,432640,502.3076432574942,2.9914103283322513e-111
3045,4319602,502.3076432574942,2.9914103283322513e-111
3046,4002140,502.3076432574942,2.9914103283322513e-111
3047,40650479,502.3076432574942,2.9914103283322513e-111
3048,133278,502.3076432574942,2.9914103283322513e-111
3049,4009436,502.3076432574942,2.9914103283322513e-111
3050,192885,502.3076432574942,2.9914103283322513e-111
3051,200775,502.3076432574942,2.9914103283322513e-111
3052,45757404,502.3076432574942,2.9914103283322513e-111
3053,438721,502.3076432574942,2.9914103283322513e-111
3054,132702,502.3076432574942,2.9914103283322513e-111
3055,4155797,502.3076432574942,2.9914103283322513e-111
3056,4051607,502.3076432574942,2.9914103283322513e-111
3057,443460,502.3076432574942,2.9914103283322513e-111
3058,4050692,502.3076432574942,2.9914103283322513e-111
3059,74322,502.3076432574942,2.9914103283322513e-111
3060,254669,502.3076432574942,2.9914103283322513e-111
3061,444264,502.3076432574942,2.9914103283322513e-111
3062,435374,502.3076432574942,2.9914103283322513e-111
3063,376712,502.3076432574942,2.9914103283322513e-111
3064,4201531,502.3076432574942,2.9914103283322513e-111
3065,378414,502.3076432574942,2.9914103283322513e-111
3066,4310400,502.3076432574942,2.9914103283322513e-111
3067,193155,502.3076432574942,2.9914103283322513e-111
3068,4133599,502.3076432574942,2.9914103283322513e-111
3069,441497,502.3076432574942,2.9914103283322513e-111
3070,4129404,502.3076432574942,2.9914103283322513e-111
3071,44782470,502.3076432574942,2.9914103283322513e-111
3072,4040640,502.3076432574942,2.9914103283322513e-111
3073,4055851,502.3076432574942,2.9914103283322513e-111
3074,4164151,502.3076432574942,2.9914103283322513e-111
3075,374360,502.3076432574942,2.9914103283322513e-111
3076,76565,502.3076432574942,2.9914103283322513e-111
3077,4231770,502.3076432574942,2.9914103283322513e-111
3078,438698,502.3076432574942,2.9914103283322513e-111
3079,437818,502.3076432574942,2.9914103283322513e-111
3080,45768449,502.3076432574942,2.9914103283322513e-111
3081,37207866,502.3076432574942,2.9914103283322513e-111
3082,134618,502.3076432574942,2.9914103283322513e-111
3083,77362,502.3076432574942,2.9914103283322513e-111
3084,4001171,502.3076432574942,2.9914103283322513e-111
3085,4323582,502.3076432574942,2.9914103283322513e-111
3086,198700,502.3076432574942,2.9914103283322513e-111
3087,4195892,502.3076432574942,2.9914103283322513e-111
3088,37208036,502.3076432574942,2.9914103283322513e-111
3089,36685929,502.3076432574942,2.9914103283322513e-111
3090,135893,502.3076432574942,2.9914103283322513e-111
3091,36712805,502.3076432574942,2.9914103283322513e-111
3092,43531561,502.3076432574942,2.9914103283322513e-111
3093,4131908,502.3076432574942,2.9914103283322513e-111
3094,432619,502.3076432574942,2.9914103283322513e-111
3095,4219865,502.3076432574942,2.9914103283322513e-111
3096,252758,502.3076432574942,2.9914103283322513e-111
3097,372479,502.3076432574942,2.9914103283322513e-111
3098,4165868,502.3076432574942,2.9914103283322513e-111
3099,4200649,502.3076432574942,2.9914103283322513e-111
3100,45757291,502.3076432574942,2.9914103283322513e-111
3101,200762,502.3076432574942,2.9914103283322513e-111
3102,4028998,502.3076432574942,2.9914103283322513e-111
3103,4006480,502.3076432574942,2.9914103283322513e-111
3104,36685157,502.3076432574942,2.9914103283322513e-111
3105,4146936,502.3076432574942,2.9914103283322513e-111
3106,4108644,502.3076432574942,2.9914103283322513e-111
3107,377659,502.3076432574942,2.9914103283322513e-111
3108,435753,502.3076432574942,2.9914103283322513e-111
3109,4161947,502.3076432574942,2.9914103283322513e-111
3110,4283381,502.3076432574942,2.9914103283322513e-111
3111,40491960,502.3076432574942,2.9914103283322513e-111
3112,4197154,502.3076432574942,2.9914103283322513e-111
3113,138388,502.3076432574942,2.9914103283322513e-111
3114,28396,502.3076432574942,2.9914103283322513e-111
3115,313006,502.3076432574942,2.9914103283322513e-111
3116,4098479,502.3076432574942,2.9914103283322513e-111
3117,4110937,502.3076432574942,2.9914103283322513e-111
3118,4269764,502.3076432574942,2.9914103283322513e-111
3119,40492251,502.3076432574942,2.9914103283322513e-111
3120,4261830,502.3076432574942,2.9914103283322513e-111
3121,37016114,502.3076432574942,2.9914103283322513e-111
3122,40486629,502.3076432574942,2.9914103283322513e-111
3123,192363,502.3076432574942,2.9914103283322513e-111
3124,440795,502.3076432574942,2.9914103283322513e-111
3125,4055484,502.3076432574942,2.9914103283322513e-111
3126,194079,502.3076432574942,2.9914103283322513e-111
3127,22492,502.3076432574942,2.9914103283322513e-111
3128,37208044,502.3076432574942,2.9914103283322513e-111
3129,37208309,502.3076432574942,2.9914103283322513e-111
3130,37207960,502.3076432574942,2.9914103283322513e-111
3131,440891,502.3076432574942,2.9914103283322513e-111
3132,4015656,502.3076432574942,2.9914103283322513e-111
3133,433556,502.3076432574942,2.9914103283322513e-111
3134,46269823,502.3076432574942,2.9914103283322513e-111
3135,140526,502.3076432574942,2.9914103283322513e-111
3136,4111565,502.3076432574942,2.9914103283322513e-111
3137,4197184,502.3076432574942,2.9914103283322513e-111
3138,443604,502.3076432574942,2.9914103283322513e-111
3139,26052,502.3076432574942,2.9914103283322513e-111
3140,74472,502.3076432574942,2.9914103283322513e-111
3141,377572,502.3076432574942,2.9914103283322513e-111
3142,4117722,502.3076432574942,2.9914103283322513e-111
3143,4119302,502.3076432574942,2.9914103283322513e-111
3144,378421,502.3076432574942,2.9914103283322513e-111
3145,443237,502.3076432574942,2.9914103283322513e-111
3146,37019054,502.3076432574942,2.9914103283322513e-111
3147,4147891,502.3076432574942,2.9914103283322513e-111
3148,45757504,502.3076432574942,2.9914103283322513e-111
3149,444224,502.3076432574942,2.9914103283322513e-111
3150,377556,502.3076432574942,2.9914103283322513e-111
3151,380109,502.3076432574942,2.9914103283322513e-111
3152,201792,502.3076432574942,2.9914103283322513e-111
3153,4117866,502.3076432574942,2.9914103283322513e-111
3154,4302770,502.3076432574942,2.9914103283322513e-111
3155,254068,502.3076432574942,2.9914103283322513e-111
3156,760152,502.3076432574942,2.9914103283322513e-111
3157,4323342,502.3076432574942,2.9914103283322513e-111
3158,764595,502.3076432574942,2.9914103283322513e-111
3159,4237140,502.3076432574942,2.9914103283322513e-111
3160,4190307,502.3076432574942,2.9914103283322513e-111
3161,438250,502.3076432574942,2.9914103283322513e-111
3162,4103741,502.3076432574942,2.9914103283322513e-111
3163,436339,502.3076432574942,2.9914103283322513e-111
3164,75043,502.3076432574942,2.9914103283322513e-111
3165,441155,502.3076432574942,2.9914103283322513e-111
3166,198988,502.3076432574942,2.9914103283322513e-111
3167,4165681,502.3076432574942,2.9914103283322513e-111
3168,315505,502.3076432574942,2.9914103283322513e-111
3169,4266662,502.3076432574942,2.9914103283322513e-111
3170,45757768,502.3076432574942,2.9914103283322513e-111
3171,315282,502.3076432574942,2.9914103283322513e-111
3172,375528,502.3076432574942,2.9914103283322513e-111
3173,195074,502.3076432574942,2.9914103283322513e-111
3174,76791,502.3076432574942,2.9914103283322513e-111
3175,381573,502.3076432574942,2.9914103283322513e-111
3176,443616,502.3076432574942,2.9914103283322513e-111
3177,434084,502.3076432574942,2.9914103283322513e-111
3178,379157,502.3076432574942,2.9914103283322513e-111
3179,440849,502.3076432574942,2.9914103283322513e-111
3180,4138294,502.3076432574942,2.9914103283322513e-111
3181,76914,502.3076432574942,2.9914103283322513e-111
3182,40490497,502.3076432574942,2.9914103283322513e-111
3183,4151524,502.3076432574942,2.9914103283322513e-111
3184,4113650,502.3076432574942,2.9914103283322513e-111
3185,192239,502.3076432574942,2.9914103283322513e-111
3186,436635,502.3076432574942,2.9914103283322513e-111
3187,4084429,502.3076432574942,2.9914103283322513e-111
3188,4080602,502.3076432574942,2.9914103283322513e-111
3189,40481861,502.3076432574942,2.9914103283322513e-111
3190,435543,502.3076432574942,2.9914103283322513e-111
3191,4231241,502.3076432574942,2.9914103283322513e-111
3192,201244,502.3076432574942,2.9914103283322513e-111
3193,372547,502.3076432574942,2.9914103283322513e-111
3194,4058977,502.3076432574942,2.9914103283322513e-111
3195,4160059,502.3076432574942,2.9914103283322513e-111
3196,4138962,502.3076432574942,2.9914103283322513e-111
3197,40479662,502.3076432574942,2.9914103283322513e-111
3198,436358,502.3076432574942,2.9914103283322513e-111
3199,37016367,502.3076432574942,2.9914103283322513e-111
3200,442560,502.3076432574942,2.9914103283322513e-111
3201,4051604,502.3076432574942,2.9914103283322513e-111
3202,439871,502.3076432574942,2.9914103283322513e-111
3203,4182370,502.3076432574942,2.9914103283322513e-111
3204,433491,502.3076432574942,2.9914103283322513e-111
3205,4265485,502.3076432574942,2.9914103283322513e-111
3206,193165,502.3076432574942,2.9914103283322513e-111
3207,436936,502.3076432574942,2.9914103283322513e-111
3208,4214076,502.3076432574942,2.9914103283322513e-111
3209,45770904,502.3076432574942,2.9914103283322513e-111
3210,4099651,502.3076432574942,2.9914103283322513e-111
3211,40488783,502.3076432574942,2.9914103283322513e-111
3212,4342875,502.3076432574942,2.9914103283322513e-111
3213,441171,502.3076432574942,2.9914103283322513e-111
3214,44783628,502.3076432574942,2.9914103283322513e-111
3215,4093145,502.3076432574942,2.9914103283322513e-111
3216,45757309,502.3076432574942,2.9914103283322513e-111
3217,4102334,502.3076432574942,2.9914103283322513e-111
3218,4066471,502.3076432574942,2.9914103283322513e-111
3219,76611,502.3076432574942,2.9914103283322513e-111
3220,4227902,502.3076432574942,2.9914103283322513e-111
3221,440735,502.3076432574942,2.9914103283322513e-111
3222,438827,502.3076432574942,2.9914103283322513e-111
3223,44784606,502.3076432574942,2.9914103283322513e-111
3224,441712,502.3076432574942,2.9914103283322513e-111
3225,37310608,502.3076432574942,2.9914103283322513e-111
3226,4049971,502.3076432574942,2.9914103283322513e-111
3227,436252,502.3076432574942,2.9914103283322513e-111
3228,437400,502.3076432574942,2.9914103283322513e-111
3229,375252,502.3076432574942,2.9914103283322513e-111
3230,4146738,502.3076432574942,2.9914103283322513e-111
3231,4173807,502.3076432574942,2.9914103283322513e-111
3232,4279139,502.3076432574942,2.9914103283322513e-111
3233,437847,502.3076432574942,2.9914103283322513e-111
3234,442600,502.3076432574942,2.9914103283322513e-111
3235,4128914,502.3076432574942,2.9914103283322513e-111
3236,138845,502.3076432574942,2.9914103283322513e-111
3237,4294300,502.3076432574942,2.9914103283322513e-111
3238,4238732,502.3076432574942,2.9914103283322513e-111
3239,37116613,502.3076432574942,2.9914103283322513e-111
3240,376425,502.3076432574942,2.9914103283322513e-111
3241,435371,502.3076432574942,2.9914103283322513e-111
3242,4003529,502.3076432574942,2.9914103283322513e-111
3243,36676836,502.3076432574942,2.9914103283322513e-111
3244,4151763,502.3076432574942,2.9914103283322513e-111
3245,77961,502.3076432574942,2.9914103283322513e-111
3246,37309626,502.3076432574942,2.9914103283322513e-111
3247,200349,502.3076432574942,2.9914103283322513e-111
3248,434592,502.3076432574942,2.9914103283322513e-111
3249,46273477,502.3076432574942,2.9914103283322513e-111
3250,4162441,502.3076432574942,2.9914103283322513e-111
3251,444437,502.3076432574942,2.9914103283322513e-111
3252,443709,502.3076432574942,2.9914103283322513e-111
3253,4202045,502.3076432574942,2.9914103283322513e-111
3254,4069943,502.3076432574942,2.9914103283322513e-111
3255,193252,502.3076432574942,2.9914103283322513e-111
3256,40479594,502.3076432574942,2.9914103283322513e-111
3257,372318,502.3076432574942,2.9914103283322513e-111
3258,74582,502.3076432574942,2.9914103283322513e-111
3259,377848,502.3076432574942,2.9914103283322513e-111
3260,4177069,502.3076432574942,2.9914103283322513e-111
3261,435565,502.3076432574942,2.9914103283322513e-111
3262,134757,502.3076432574942,2.9914103283322513e-111
3263,199991,502.3076432574942,2.9914103283322513e-111
3264,4133016,502.3076432574942,2.9914103283322513e-111
3265,46269847,502.3076432574942,2.9914103283322513e-111
3266,434153,502.3076432574942,2.9914103283322513e-111
3267,37209603,502.3076432574942,2.9914103283322513e-111
3268,4157454,502.3076432574942,2.9914103283322513e-111
3269,4237198,502.3076432574942,2.9914103283322513e-111
3270,432257,502.3076432574942,2.9914103283322513e-111
3271,78473,502.3076432574942,2.9914103283322513e-111
3272,4033864,502.3076432574942,2.9914103283322513e-111
3273,254320,502.3076432574942,2.9914103283322513e-111
3274,4147411,502.3076432574942,2.9914103283322513e-111
3275,4295956,502.3076432574942,2.9914103283322513e-111
3276,4328356,502.3076432574942,2.9914103283322513e-111
3277,4333677,502.3076432574942,2.9914103283322513e-111
3278,35610112,502.3076432574942,2.9914103283322513e-111
3279,375738,502.3076432574942,2.9914103283322513e-111
3280,376335,502.3076432574942,2.9914103283322513e-111
3281,435785,502.3076432574942,2.9914103283322513e-111
3282,4313846,502.3076432574942,2.9914103283322513e-111
3283,80141,502.3076432574942,2.9914103283322513e-111
3284,4046351,502.3076432574942,2.9914103283322513e-111
3285,374905,502.3076432574942,2.9914103283322513e-111
3286,36715749,502.3076432574942,2.9914103283322513e-111
3287,312336,502.3076432574942,2.9914103283322513e-111
3288,381297,502.3076432574942,2.9914103283322513e-111
3289,440448,502.3076432574942,2.9914103283322513e-111
3290,4146169,502.3076432574942,2.9914103283322513e-111
3291,381865,502.3076432574942,2.9914103283322513e-111
3292,4122179,502.3076432574942,2.9914103283322513e-111
3293,4199185,502.3076432574942,2.9914103283322513e-111
3294,4331953,502.3076432574942,2.9914103283322513e-111
3295,198249,502.3076432574942,2.9914103283322513e-111
3296,441974,502.3076432574942,2.9914103283322513e-111
3297,4174010,502.3076432574942,2.9914103283322513e-111
3298,4150511,502.3076432574942,2.9914103283322513e-111
3299,4058694,502.3076432574942,2.9914103283322513e-111
3300,4308393,502.3076432574942,2.9914103283322513e-111
3301,46269831,502.3076432574942,2.9914103283322513e-111
3302,441103,502.3076432574942,2.9914103283322513e-111
3303,432863,502.3076432574942,2.9914103283322513e-111
3304,4055201,502.3076432574942,2.9914103283322513e-111
3305,4034805,502.3076432574942,2.9914103283322513e-111
3306,3657662,502.3076432574942,2.9914103283322513e-111
3307,43530626,502.3076432574942,2.9914103283322513e-111
3308,320347,502.3076432574942,2.9914103283322513e-111
3309,40487616,502.3076432574942,2.9914103283322513e-111
3310,377283,502.3076432574942,2.9914103283322513e-111
3311,4054873,502.3076432574942,2.9914103283322513e-111
3312,4006305,502.3076432574942,2.9914103283322513e-111
3313,433329,502.3076432574942,2.9914103283322513e-111
3314,4326356,502.3076432574942,2.9914103283322513e-111
3315,45757649,502.3076432574942,2.9914103283322513e-111
3316,312927,502.3076432574942,2.9914103283322513e-111
3317,438090,502.3076432574942,2.9914103283322513e-111
3318,74809,502.3076432574942,2.9914103283322513e-111
3319,4181782,502.3076432574942,2.9914103283322513e-111
3320,4096196,502.3076432574942,2.9914103283322513e-111
3321,321315,502.3076432574942,2.9914103283322513e-111
3322,436366,502.3076432574942,2.9914103283322513e-111
3323,77067,502.3076432574942,2.9914103283322513e-111
3324,200060,502.3076432574942,2.9914103283322513e-111
3325,443582,502.3076432574942,2.9914103283322513e-111
3326,4274184,502.3076432574942,2.9914103283322513e-111
3327,4165091,502.3076432574942,2.9914103283322513e-111
3328,4008352,502.3076432574942,2.9914103283322513e-111
3329,432250,502.3076432574942,2.9914103283322513e-111
3330,437779,502.3076432574942,2.9914103283322513e-111
3331,132579,502.3076432574942,2.9914103283322513e-111
3332,36714116,502.3076432574942,2.9914103283322513e-111
3333,3655356,502.3076432574942,2.9914103283322513e-111
3334,433749,502.3076432574942,2.9914103283322513e-111
3335,4185607,502.3076432574942,2.9914103283322513e-111
3336,4180978,502.3076432574942,2.9914103283322513e-111
3337,380397,502.3076432574942,2.9914103283322513e-111
3338,36714559,502.3076432574942,2.9914103283322513e-111
3339,4267274,502.3076432574942,2.9914103283322513e-111
3340,45763589,502.3076432574942,2.9914103283322513e-111
3341,4134577,502.3076432574942,2.9914103283322513e-111
3342,4317826,502.3076432574942,2.9914103283322513e-111
3343,312938,502.3076432574942,2.9914103283322513e-111
3344,36716726,502.3076432574942,2.9914103283322513e-111
3345,4155077,502.3076432574942,2.9914103283322513e-111
3346,440359,502.3076432574942,2.9914103283322513e-111
3347,432719,502.3076432574942,2.9914103283322513e-111
3348,4110915,502.3076432574942,2.9914103283322513e-111
3349,318450,502.3076432574942,2.9914103283322513e-111
3350,46270166,502.3076432574942,2.9914103283322513e-111
3351,201257,502.3076432574942,2.9914103283322513e-111
3352,374036,502.3076432574942,2.9914103283322513e-111
3353,4049659,502.3076432574942,2.9914103283322513e-111
3354,44782744,502.3076432574942,2.9914103283322513e-111
3355,4151240,502.3076432574942,2.9914103283322513e-111
3356,4004623,502.3076432574942,2.9914103283322513e-111
3357,4012444,502.3076432574942,2.9914103283322513e-111
3358,4234127,502.3076432574942,2.9914103283322513e-111
3359,36687193,502.3076432574942,2.9914103283322513e-111
3360,434311,502.3076432574942,2.9914103283322513e-111
3361,42709752,502.3076432574942,2.9914103283322513e-111
3362,37209605,502.3076432574942,2.9914103283322513e-111
3363,197033,502.3076432574942,2.9914103283322513e-111
3364,4290615,502.3076432574942,2.9914103283322513e-111
3365,444084,502.3076432574942,2.9914103283322513e-111
3366,40486120,502.3076432574942,2.9914103283322513e-111
3367,436249,502.3076432574942,2.9914103283322513e-111
3368,380375,502.3076432574942,2.9914103283322513e-111
3369,4154164,502.3076432574942,2.9914103283322513e-111
3370,312902,502.3076432574942,2.9914103283322513e-111
3371,40480893,502.3076432574942,2.9914103283322513e-111
3372,37016179,502.3076432574942,2.9914103283322513e-111
3373,79145,502.3076432574942,2.9914103283322513e-111
3374,374952,502.3076432574942,2.9914103283322513e-111
3375,378423,502.3076432574942,2.9914103283322513e-111
3376,4158910,502.3076432574942,2.9914103283322513e-111
3377,40485405,502.3076432574942,2.9914103283322513e-111
3378,44782778,502.3076432574942,2.9914103283322513e-111
3379,72986,502.3076432574942,2.9914103283322513e-111
3380,75667,502.3076432574942,2.9914103283322513e-111
3381,4111717,502.3076432574942,2.9914103283322513e-111
3382,434272,502.3076432574942,2.9914103283322513e-111
3383,31609,502.3076432574942,2.9914103283322513e-111
3384,4061728,502.3076432574942,2.9914103283322513e-111
3385,43531560,502.3076432574942,2.9914103283322513e-111
3386,4048710,502.3076432574942,2.9914103283322513e-111
3387,4302686,502.3076432574942,2.9914103283322513e-111
3388,4266590,502.3076432574942,2.9914103283322513e-111
3389,312337,502.3076432574942,2.9914103283322513e-111
3390,80484,502.3076432574942,2.9914103283322513e-111
3391,199067,502.3076432574942,2.9914103283322513e-111
3392,4058841,502.3076432574942,2.9914103283322513e-111
3393,372313,502.3076432574942,2.9914103283322513e-111
3394,4235753,502.3076432574942,2.9914103283322513e-111
3395,4110023,502.3076432574942,2.9914103283322513e-111
3396,45771093,502.3076432574942,2.9914103283322513e-111
3397,4291649,502.3076432574942,2.9914103283322513e-111
3398,4118225,502.3076432574942,2.9914103283322513e-111
3399,43021205,502.3076432574942,2.9914103283322513e-111
3400,200528,502.3076432574942,2.9914103283322513e-111
3401,4273632,502.3076432574942,2.9914103283322513e-111
3402,37207919,502.3076432574942,2.9914103283322513e-111
3403,440068,502.3076432574942,2.9914103283322513e-111
3404,134324,502.3076432574942,2.9914103283322513e-111
3405,194403,502.3076432574942,2.9914103283322513e-111
3406,4151937,502.3076432574942,2.9914103283322513e-111
3407,4344258,502.3076432574942,2.9914103283322513e-111
3408,196152,502.3076432574942,2.9914103283322513e-111
3409,4304002,502.3076432574942,2.9914103283322513e-111
3410,4311484,502.3076432574942,2.9914103283322513e-111
3411,4147491,502.3076432574942,2.9914103283322513e-111
3412,380402,502.3076432574942,2.9914103283322513e-111
3413,46269824,502.3076432574942,2.9914103283322513e-111
3414,133285,502.3076432574942,2.9914103283322513e-111
3415,433709,502.3076432574942,2.9914103283322513e-111
3416,440668,502.3076432574942,2.9914103283322513e-111
3417,4106878,502.3076432574942,2.9914103283322513e-111
3418,373463,502.3076432574942,2.9914103283322513e-111
3419,4100858,502.3076432574942,2.9914103283322513e-111
3420,4048785,502.3076432574942,2.9914103283322513e-111
3421,45772065,502.3076432574942,2.9914103283322513e-111
3422,436642,502.3076432574942,2.9914103283322513e-111
3423,4050079,502.3076432574942,2.9914103283322513e-111
3424,443572,502.3076432574942,2.9914103283322513e-111
3425,4248716,502.3076432574942,2.9914103283322513e-111
3426,373175,502.3076432574942,2.9914103283322513e-111
3427,4162860,502.3076432574942,2.9914103283322513e-111
3428,4103289,502.3076432574942,2.9914103283322513e-111
3429,372894,502.3076432574942,2.9914103283322513e-111
3430,4210912,502.3076432574942,2.9914103283322513e-111
3431,381551,502.3076432574942,2.9914103283322513e-111
3432,4003833,502.3076432574942,2.9914103283322513e-111
3433,77631,502.3076432574942,2.9914103283322513e-111
3434,46270117,502.3076432574942,2.9914103283322513e-111
3435,197331,502.3076432574942,2.9914103283322513e-111
3436,4174977,502.3076432574942,2.9914103283322513e-111
3437,4206872,502.3076432574942,2.9914103283322513e-111
3438,40483220,502.3076432574942,2.9914103283322513e-111
3439,4115064,502.3076432574942,2.9914103283322513e-111
3440,320116,502.3076432574942,2.9914103283322513e-111
3441,4218552,502.3076432574942,2.9914103283322513e-111
3442,4024306,502.3076432574942,2.9914103283322513e-111
3443,4222876,502.3076432574942,2.9914103283322513e-111
3444,433031,502.3076432574942,2.9914103283322513e-111
3445,4008354,502.3076432574942,2.9914103283322513e-111
3446,4011654,502.3076432574942,2.9914103283322513e-111
3447,46269732,502.3076432574942,2.9914103283322513e-111
3448,4065997,502.3076432574942,2.9914103283322513e-111
3449,37208022,502.3076432574942,2.9914103283322513e-111
3450,4166058,502.3076432574942,2.9914103283322513e-111
3451,442264,502.3076432574942,2.9914103283322513e-111
3452,4172076,502.3076432574942,2.9914103283322513e-111
3453,4093531,502.3076432574942,2.9914103283322513e-111
3454,46270472,502.3076432574942,2.9914103283322513e-111
3455,381839,502.3076432574942,2.9914103283322513e-111
3456,4109883,502.3076432574942,2.9914103283322513e-111
3457,377280,502.3076432574942,2.9914103283322513e-111
3458,4177703,502.3076432574942,2.9914103283322513e-111
3459,4276801,502.3076432574942,2.9914103283322513e-111
3460,72578,502.3076432574942,2.9914103283322513e-111
3461,4012588,502.3076432574942,2.9914103283322513e-111
3462,4058637,502.3076432574942,2.9914103283322513e-111
3463,4094346,502.3076432574942,2.9914103283322513e-111
3464,196364,502.3076432574942,2.9914103283322513e-111
3465,377845,502.3076432574942,2.9914103283322513e-111
3466,4242733,502.3076432574942,2.9914103283322513e-111
3467,380110,502.3076432574942,2.9914103283322513e-111
3468,4079978,502.3076432574942,2.9914103283322513e-111
3469,256450,502.3076432574942,2.9914103283322513e-111
3470,312327,502.3076432574942,2.9914103283322513e-111
3471,377561,502.3076432574942,2.9914103283322513e-111
3472,4312685,502.3076432574942,2.9914103283322513e-111
3473,441415,502.3076432574942,2.9914103283322513e-111
3474,439140,502.3076432574942,2.9914103283322513e-111
3475,133169,502.3076432574942,2.9914103283322513e-111
3476,197654,502.3076432574942,2.9914103283322513e-111
3477,435149,502.3076432574942,2.9914103283322513e-111
3478,4043679,502.3076432574942,2.9914103283322513e-111
3479,4338534,502.3076432574942,2.9914103283322513e-111
3480,195480,502.3076432574942,2.9914103283322513e-111
3481,4085332,502.3076432574942,2.9914103283322513e-111
3482,260730,502.3076432574942,2.9914103283322513e-111
3483,376405,502.3076432574942,2.9914103283322513e-111
3484,374350,502.3076432574942,2.9914103283322513e-111
3485,140027,502.3076432574942,2.9914103283322513e-111
3486,4015350,502.3076432574942,2.9914103283322513e-111
3487,198492,502.3076432574942,2.9914103283322513e-111
3488,4248725,502.3076432574942,2.9914103283322513e-111
3489,4274955,502.3076432574942,2.9914103283322513e-111
3490,43530950,502.3076432574942,2.9914103283322513e-111
3491,4094683,502.3076432574942,2.9914103283322513e-111
3492,46273180,502.3076432574942,2.9914103283322513e-111
3493,4203598,502.3076432574942,2.9914103283322513e-111
3494,440032,502.3076432574942,2.9914103283322513e-111
3495,444096,502.3076432574942,2.9914103283322513e-111
3496,4046448,502.3076432574942,2.9914103283322513e-111
3497,46273390,502.3076432574942,2.9914103283322513e-111
3498,261324,502.3076432574942,2.9914103283322513e-111
3499,380093,502.3076432574942,2.9914103283322513e-111
3500,36715748,502.3076432574942,2.9914103283322513e-111
3501,4098740,502.3076432574942,2.9914103283322513e-111
3502,4344271,502.3076432574942,2.9914103283322513e-111
3503,441233,502.3076432574942,2.9914103283322513e-111
3504,254282,502.3076432574942,2.9914103283322513e-111
3505,139110,502.3076432574942,2.9914103283322513e-111
3506,37395564,502.3076432574942,2.9914103283322513e-111
3507,4110190,502.3076432574942,2.9914103283322513e-111
3508,4213731,502.3076432574942,2.9914103283322513e-111
3509,375274,502.3076432574942,2.9914103283322513e-111
3510,432594,502.3076432574942,2.9914103283322513e-111
3511,4164348,502.3076432574942,2.9914103283322513e-111
3512,43021857,502.3076432574942,2.9914103283322513e-111
3513,4093228,502.3076432574942,2.9914103283322513e-111
3514,75954,502.3076432574942,2.9914103283322513e-111
3515,312939,502.3076432574942,2.9914103283322513e-111
3516,4301617,502.3076432574942,2.9914103283322513e-111
3517,439411,502.3076432574942,2.9914103283322513e-111
3518,4251306,502.3076432574942,2.9914103283322513e-111
3519,4340493,502.3076432574942,2.9914103283322513e-111
3520,4120094,502.3076432574942,2.9914103283322513e-111
3521,381572,502.3076432574942,2.9914103283322513e-111
3522,43530674,502.3076432574942,2.9914103283322513e-111
3523,45757691,502.3076432574942,2.9914103283322513e-111
3524,374648,502.3076432574942,2.9914103283322513e-111
3525,40484571,502.3076432574942,2.9914103283322513e-111
3526,44782741,502.3076432574942,2.9914103283322513e-111
3527,44782762,502.3076432574942,2.9914103283322513e-111
3528,759835,502.3076432574942,2.9914103283322513e-111
3529,4136722,502.3076432574942,2.9914103283322513e-111
3530,439787,502.3076432574942,2.9914103283322513e-111
3531,198798,502.3076432574942,2.9914103283322513e-111
3532,36712784,502.3076432574942,2.9914103283322513e-111
3533,199863,502.3076432574942,2.9914103283322513e-111
3534,40481345,502.3076432574942,2.9914103283322513e-111
3535,4015991,502.3076432574942,2.9914103283322513e-111
3536,443447,502.3076432574942,2.9914103283322513e-111
3537,81937,502.3076432574942,2.9914103283322513e-111
3538,35626041,502.3076432574942,2.9914103283322513e-111
3539,45766921,502.3076432574942,2.9914103283322513e-111
3540,4253764,502.3076432574942,2.9914103283322513e-111
3541,80008,502.3076432574942,2.9914103283322513e-111
3542,444268,502.3076432574942,2.9914103283322513e-111
3543,439620,502.3076432574942,2.9914103283322513e-111
3544,40481816,502.3076432574942,2.9914103283322513e-111
3545,4296611,502.3076432574942,2.9914103283322513e-111
3546,195002,502.3076432574942,2.9914103283322513e-111
3547,438905,502.3076432574942,2.9914103283322513e-111
3548,4006163,502.3076432574942,2.9914103283322513e-111
3549,4333977,502.3076432574942,2.9914103283322513e-111
3550,198082,502.3076432574942,2.9914103283322513e-111
3551,313223,502.3076432574942,2.9914103283322513e-111
3552,443465,502.3076432574942,2.9914103283322513e-111
3553,433134,502.3076432574942,2.9914103283322513e-111
3554,4298809,502.3076432574942,2.9914103283322513e-111
3555,37208031,502.3076432574942,2.9914103283322513e-111
3556,193787,502.3076432574942,2.9914103283322513e-111
3557,37016108,502.3076432574942,2.9914103283322513e-111
3558,43530818,502.3076432574942,2.9914103283322513e-111
3559,46269753,502.3076432574942,2.9914103283322513e-111
3560,46269756,502.3076432574942,2.9914103283322513e-111
3561,440104,502.3076432574942,2.9914103283322513e-111
3562,433752,502.3076432574942,2.9914103283322513e-111
3563,4042550,502.3076432574942,2.9914103283322513e-111
3564,4047563,502.3076432574942,2.9914103283322513e-111
3565,42539121,502.3076432574942,2.9914103283322513e-111
3566,372322,502.3076432574942,2.9914103283322513e-111
3567,312349,502.3076432574942,2.9914103283322513e-111
3568,441289,502.3076432574942,2.9914103283322513e-111
3569,435537,502.3076432574942,2.9914103283322513e-111
3570,4067774,502.3076432574942,2.9914103283322513e-111
3571,4053598,502.3076432574942,2.9914103283322513e-111
3572,318522,502.3076432574942,2.9914103283322513e-111
3573,374957,502.3076432574942,2.9914103283322513e-111
3574,439025,502.3076432574942,2.9914103283322513e-111
3575,4135822,502.3076432574942,2.9914103283322513e-111
3576,4267417,502.3076432574942,2.9914103283322513e-111
3577,443247,502.3076432574942,2.9914103283322513e-111
3578,444114,502.3076432574942,2.9914103283322513e-111
3579,444417,502.3076432574942,2.9914103283322513e-111
3580,4060556,502.3076432574942,2.9914103283322513e-111
3581,4278669,502.3076432574942,2.9914103283322513e-111
3582,37208045,502.3076432574942,2.9914103283322513e-111
3583,40488954,502.3076432574942,2.9914103283322513e-111
3584,4154168,502.3076432574942,2.9914103283322513e-111
3585,440713,502.3076432574942,2.9914103283322513e-111
3586,4224167,502.3076432574942,2.9914103283322513e-111
3587,197036,502.3076432574942,2.9914103283322513e-111
3588,4052527,502.3076432574942,2.9914103283322513e-111
3589,4068969,502.3076432574942,2.9914103283322513e-111
3590,4102986,502.3076432574942,2.9914103283322513e-111
3591,40483317,502.3076432574942,2.9914103283322513e-111
3592,4001329,502.3076432574942,2.9914103283322513e-111
3593,4002357,502.3076432574942,2.9914103283322513e-111
3594,4184626,502.3076432574942,2.9914103283322513e-111
3595,140949,502.3076432574942,2.9914103283322513e-111
3596,46273631,502.3076432574942,2.9914103283322513e-111
3597,74127,502.3076432574942,2.9914103283322513e-111
3598,4178431,502.3076432574942,2.9914103283322513e-111
3599,4214530,502.3076432574942,2.9914103283322513e-111
3600,4025215,502.3076432574942,2.9914103283322513e-111
3601,316135,502.3076432574942,2.9914103283322513e-111
3602,4139537,502.3076432574942,2.9914103283322513e-111
3603,4210746,502.3076432574942,2.9914103283322513e-111
3604,4055994,502.3076432574942,2.9914103283322513e-111
3605,42537252,502.3076432574942,2.9914103283322513e-111
3606,434891,502.3076432574942,2.9914103283322513e-111
3607,438269,502.3076432574942,2.9914103283322513e-111
3608,4129420,502.3076432574942,2.9914103283322513e-111
3609,4300192,502.3076432574942,2.9914103283322513e-111
3610,4056579,502.3076432574942,2.9914103283322513e-111
3611,4234480,502.3076432574942,2.9914103283322513e-111
3612,4052837,502.3076432574942,2.9914103283322513e-111
3613,4184256,502.3076432574942,2.9914103283322513e-111
3614,441560,502.3076432574942,2.9914103283322513e-111
3615,438977,502.3076432574942,2.9914103283322513e-111
3616,46270513,502.3076432574942,2.9914103283322513e-111
3617,201354,502.3076432574942,2.9914103283322513e-111
3618,4023310,502.3076432574942,2.9914103283322513e-111
3619,74189,502.3076432574942,2.9914103283322513e-111
3620,4170452,502.3076432574942,2.9914103283322513e-111
3621,4102493,502.3076432574942,2.9914103283322513e-111
3622,4233424,502.3076432574942,2.9914103283322513e-111
3623,4328217,502.3076432574942,2.9914103283322513e-111
3624,40488823,502.3076432574942,2.9914103283322513e-111
3625,4130588,502.3076432574942,2.9914103283322513e-111
3626,435624,502.3076432574942,2.9914103283322513e-111
3627,133002,502.3076432574942,2.9914103283322513e-111
3628,436147,502.3076432574942,2.9914103283322513e-111
3629,253797,502.3076432574942,2.9914103283322513e-111
3630,4150681,502.3076432574942,2.9914103283322513e-111
3631,36714118,502.3076432574942,2.9914103283322513e-111
3632,255891,502.3076432574942,2.9914103283322513e-111
3633,433740,502.3076432574942,2.9914103283322513e-111
3634,436108,502.3076432574942,2.9914103283322513e-111
3635,79113,502.3076432574942,2.9914103283322513e-111
3636,380395,502.3076432574942,2.9914103283322513e-111
3637,440736,502.3076432574942,2.9914103283322513e-111
3638,4052499,502.3076432574942,2.9914103283322513e-111
3639,380513,502.3076432574942,2.9914103283322513e-111
3640,81303,502.3076432574942,2.9914103283322513e-111
3641,37116489,502.3076432574942,2.9914103283322513e-111
3642,4216432,502.3076432574942,2.9914103283322513e-111
3643,4004672,502.3076432574942,2.9914103283322513e-111
3644,4167914,502.3076432574942,2.9914103283322513e-111
3645,4136700,502.3076432574942,2.9914103283322513e-111
3646,75512,502.3076432574942,2.9914103283322513e-111
3647,4069651,502.3076432574942,2.9914103283322513e-111
3648,45770902,502.3076432574942,2.9914103283322513e-111
3649,4114604,502.3076432574942,2.9914103283322513e-111
3650,435956,502.3076432574942,2.9914103283322513e-111
3651,134732,502.3076432574942,2.9914103283322513e-111
3652,4176170,502.3076432574942,2.9914103283322513e-111
3653,46270162,502.3076432574942,2.9914103283322513e-111
3654,4069646,502.3076432574942,2.9914103283322513e-111
3655,377550,502.3076432574942,2.9914103283322513e-111
3656,436235,502.3076432574942,2.9914103283322513e-111
3657,45763790,502.3076432574942,2.9914103283322513e-111
3658,4245406,502.3076432574942,2.9914103283322513e-111
3659,433405,502.3076432574942,2.9914103283322513e-111
3660,4005933,502.3076432574942,2.9914103283322513e-111
3661,37312524,502.3076432574942,2.9914103283322513e-111
3662,4141757,502.3076432574942,2.9914103283322513e-111
3663,437524,502.3076432574942,2.9914103283322513e-111
3664,4033341,502.3076432574942,2.9914103283322513e-111
3665,4041695,502.3076432574942,2.9914103283322513e-111
3666,40490423,502.3076432574942,2.9914103283322513e-111
3667,4046093,502.3076432574942,2.9914103283322513e-111
3668,75346,502.3076432574942,2.9914103283322513e-111
3669,380701,502.3076432574942,2.9914103283322513e-111
3670,40481901,502.3076432574942,2.9914103283322513e-111
3671,46270315,502.3076432574942,2.9914103283322513e-111
3672,4129155,502.3076432574942,2.9914103283322513e-111
3673,316427,502.3076432574942,2.9914103283322513e-111
3674,4051332,502.3076432574942,2.9914103283322513e-111
3675,4115163,502.3076432574942,2.9914103283322513e-111
3676,4155042,502.3076432574942,2.9914103283322513e-111
3677,40482241,502.3076432574942,2.9914103283322513e-111
3678,138466,502.3076432574942,2.9914103283322513e-111
3679,4175807,502.3076432574942,2.9914103283322513e-111
3680,4191001,502.3076432574942,2.9914103283322513e-111
3681,441961,502.3076432574942,2.9914103283322513e-111
3682,433467,502.3076432574942,2.9914103283322513e-111
3683,377298,502.3076432574942,2.9914103283322513e-111
3684,4044053,502.3076432574942,2.9914103283322513e-111
3685,435866,502.3076432574942,2.9914103283322513e-111
3686,138682,502.3076432574942,2.9914103283322513e-111
3687,434626,502.3076432574942,2.9914103283322513e-111
3688,4145094,502.3076432574942,2.9914103283322513e-111
3689,27835,502.3076432574942,2.9914103283322513e-111
3690,40492267,502.3076432574942,2.9914103283322513e-111
3691,79116,502.3076432574942,2.9914103283322513e-111
3692,437784,502.3076432574942,2.9914103283322513e-111
3693,138932,502.3076432574942,2.9914103283322513e-111
3694,434544,502.3076432574942,2.9914103283322513e-111
3695,36674272,502.3076432574942,2.9914103283322513e-111
3696,192367,502.3076432574942,2.9914103283322513e-111
3697,4147614,502.3076432574942,2.9914103283322513e-111
3698,4273526,502.3076432574942,2.9914103283322513e-111
3699,133547,502.3076432574942,2.9914103283322513e-111
3700,193693,502.3076432574942,2.9914103283322513e-111
3701,381592,502.3076432574942,2.9914103283322513e-111
3702,4279553,502.3076432574942,2.9914103283322513e-111
3703,433596,502.3076432574942,2.9914103283322513e-111
3704,4134180,502.3076432574942,2.9914103283322513e-111
3705,4029273,502.3076432574942,2.9914103283322513e-111
3706,4006101,502.3076432574942,2.9914103283322513e-111
3707,45763588,502.3076432574942,2.9914103283322513e-111
3708,42535403,502.3076432574942,2.9914103283322513e-111
3709,440085,502.3076432574942,2.9914103283322513e-111
3710,4066613,502.3076432574942,2.9914103283322513e-111
3711,381027,502.3076432574942,2.9914103283322513e-111
3712,43530641,502.3076432574942,2.9914103283322513e-111
3713,201256,502.3076432574942,2.9914103283322513e-111
3714,4343923,502.3076432574942,2.9914103283322513e-111
3715,4253901,502.3076432574942,2.9914103283322513e-111
3716,443110,502.3076432574942,2.9914103283322513e-111
3717,31597,502.3076432574942,2.9914103283322513e-111
3718,45766900,502.3076432574942,2.9914103283322513e-111
3719,36717279,502.3076432574942,2.9914103283322513e-111
3720,762441,502.3076432574942,2.9914103283322513e-111
3721,196455,502.3076432574942,2.9914103283322513e-111
3722,254677,502.3076432574942,2.9914103283322513e-111
3723,46270027,502.3076432574942,2.9914103283322513e-111
3724,434277,502.3076432574942,2.9914103283322513e-111
3725,138074,502.3076432574942,2.9914103283322513e-111
3726,194408,502.3076432574942,2.9914103283322513e-111
3727,435903,502.3076432574942,2.9914103283322513e-111
3728,42535475,502.3076432574942,2.9914103283322513e-111
3729,4101104,502.3076432574942,2.9914103283322513e-111
3730,4105105,502.3076432574942,2.9914103283322513e-111
3731,40485984,502.3076432574942,2.9914103283322513e-111
3732,4038845,502.3076432574942,2.9914103283322513e-111
3733,4305482,502.3076432574942,2.9914103283322513e-111
3734,4201705,502.3076432574942,2.9914103283322513e-111
3735,193437,502.3076432574942,2.9914103283322513e-111
3736,36713113,502.3076432574942,2.9914103283322513e-111
3737,141933,502.3076432574942,2.9914103283322513e-111
3738,37206102,502.3076432574942,2.9914103283322513e-111
3739,4159165,502.3076432574942,2.9914103283322513e-111
3740,4147494,502.3076432574942,2.9914103283322513e-111
3741,375794,502.3076432574942,2.9914103283322513e-111
3742,4129395,502.3076432574942,2.9914103283322513e-111
3743,375817,502.3076432574942,2.9914103283322513e-111
3744,433403,502.3076432574942,2.9914103283322513e-111
3745,197044,502.3076432574942,2.9914103283322513e-111
3746,45772090,502.3076432574942,2.9914103283322513e-111
3747,4002356,502.3076432574942,2.9914103283322513e-111
3748,4308096,502.3076432574942,2.9914103283322513e-111
3749,435140,502.3076432574942,2.9914103283322513e-111
3750,436072,502.3076432574942,2.9914103283322513e-111
3751,439246,502.3076432574942,2.9914103283322513e-111
3752,4088373,502.3076432574942,2.9914103283322513e-111
3753,4328879,502.3076432574942,2.9914103283322513e-111
3754,4346971,502.3076432574942,2.9914103283322513e-111
3755,43531604,502.3076432574942,2.9914103283322513e-111
3756,4095693,502.3076432574942,2.9914103283322513e-111
3757,321822,502.3076432574942,2.9914103283322513e-111
3758,37016767,502.3076432574942,2.9914103283322513e-111
3759,200348,502.3076432574942,2.9914103283322513e-111
3760,4247719,502.3076432574942,2.9914103283322513e-111
3761,46270478,502.3076432574942,2.9914103283322513e-111
3762,4196960,502.3076432574942,2.9914103283322513e-111
3763,765720,502.3076432574942,2.9914103283322513e-111
3764,4046213,502.3076432574942,2.9914103283322513e-111
3765,24230,502.3076432574942,2.9914103283322513e-111
3766,4107554,502.3076432574942,2.9914103283322513e-111
3767,140176,502.3076432574942,2.9914103283322513e-111
3768,4104668,502.3076432574942,2.9914103283322513e-111
3769,44782455,502.3076432574942,2.9914103283322513e-111
3770,373201,502.3076432574942,2.9914103283322513e-111
3771,197803,502.3076432574942,2.9914103283322513e-111
3772,4141654,502.3076432574942,2.9914103283322513e-111
3773,441321,502.3076432574942,2.9914103283322513e-111
3774,40486428,502.3076432574942,2.9914103283322513e-111
3775,4063812,502.3076432574942,2.9914103283322513e-111
3776,35623051,502.3076432574942,2.9914103283322513e-111
3777,437267,502.3076432574942,2.9914103283322513e-111
3778,74064,502.3076432574942,2.9914103283322513e-111
3779,374922,502.3076432574942,2.9914103283322513e-111
3780,198465,502.3076432574942,2.9914103283322513e-111
3781,199151,502.3076432574942,2.9914103283322513e-111
3782,4264636,502.3076432574942,2.9914103283322513e-111
3783,436670,502.3076432574942,2.9914103283322513e-111
3784,375283,502.3076432574942,2.9914103283322513e-111
3785,4152370,502.3076432574942,2.9914103283322513e-111
3786,192357,502.3076432574942,2.9914103283322513e-111
3787,37018952,502.3076432574942,2.9914103283322513e-111
3788,4324690,502.3076432574942,2.9914103283322513e-111
3789,196149,502.3076432574942,2.9914103283322513e-111
3790,441266,502.3076432574942,2.9914103283322513e-111
3791,4009318,502.3076432574942,2.9914103283322513e-111
3792,4126119,502.3076432574942,2.9914103283322513e-111
3793,3656897,502.3076432574942,2.9914103283322513e-111
3794,441500,502.3076432574942,2.9914103283322513e-111
3795,141371,502.3076432574942,2.9914103283322513e-111
3796,441077,502.3076432574942,2.9914103283322513e-111
3797,4080921,502.3076432574942,2.9914103283322513e-111
3798,4153106,502.3076432574942,2.9914103283322513e-111
3799,4078700,502.3076432574942,2.9914103283322513e-111
3800,4246127,502.3076432574942,2.9914103283322513e-111
3801,4181182,502.3076432574942,2.9914103283322513e-111
3802,36717601,502.3076432574942,2.9914103283322513e-111
3803,4066493,502.3076432574942,2.9914103283322513e-111
3804,374941,502.3076432574942,2.9914103283322513e-111
3805,4282532,502.3076432574942,2.9914103283322513e-111
3806,374347,502.3076432574942,2.9914103283322513e-111
3807,4199441,502.3076432574942,2.9914103283322513e-111
3808,37208038,502.3076432574942,2.9914103283322513e-111
3809,438990,502.3076432574942,2.9914103283322513e-111
3810,46271402,502.3076432574942,2.9914103283322513e-111
3811,381862,502.3076432574942,2.9914103283322513e-111
3812,4108762,502.3076432574942,2.9914103283322513e-111
3813,373470,502.3076432574942,2.9914103283322513e-111
3814,201728,502.3076432574942,2.9914103283322513e-111
3815,381021,502.3076432574942,2.9914103283322513e-111
3816,4341520,502.3076432574942,2.9914103283322513e-111
3817,381575,502.3076432574942,2.9914103283322513e-111
3818,438223,502.3076432574942,2.9914103283322513e-111
3819,376104,502.3076432574942,2.9914103283322513e-111
3820,4045733,502.3076432574942,2.9914103283322513e-111
3821,4264073,502.3076432574942,2.9914103283322513e-111
3822,4124683,502.3076432574942,2.9914103283322513e-111
3823,442182,502.3076432574942,2.9914103283322513e-111
3824,4185711,502.3076432574942,2.9914103283322513e-111
3825,75910,502.3076432574942,2.9914103283322513e-111
3826,37207867,502.3076432574942,2.9914103283322513e-111
3827,46271647,502.3076432574942,2.9914103283322513e-111
3828,4233830,502.3076432574942,2.9914103283322513e-111
3829,134735,502.3076432574942,2.9914103283322513e-111
3830,437881,502.3076432574942,2.9914103283322513e-111
3831,36713238,502.3076432574942,2.9914103283322513e-111
3832,4207935,502.3076432574942,2.9914103283322513e-111
3833,439838,502.3076432574942,2.9914103283322513e-111
3834,193807,502.3076432574942,2.9914103283322513e-111
3835,436348,502.3076432574942,2.9914103283322513e-111
3836,4057835,502.3076432574942,2.9914103283322513e-111
3837,439249,502.3076432574942,2.9914103283322513e-111
3838,4123293,502.3076432574942,2.9914103283322513e-111
3839,4116451,502.3076432574942,2.9914103283322513e-111
3840,442750,502.3076432574942,2.9914103283322513e-111
3841,4086855,502.3076432574942,2.9914103283322513e-111
3842,42539698,502.3076432574942,2.9914103283322513e-111
3843,81395,502.3076432574942,2.9914103283322513e-111
3844,133859,502.3076432574942,2.9914103283322513e-111
3845,134144,502.3076432574942,2.9914103283322513e-111
3846,4079975,502.3076432574942,2.9914103283322513e-111
3847,4186461,502.3076432574942,2.9914103283322513e-111
3848,43021227,502.3076432574942,2.9914103283322513e-111
3849,76550,502.3076432574942,2.9914103283322513e-111
3850,377559,502.3076432574942,2.9914103283322513e-111
3851,4205238,502.3076432574942,2.9914103283322513e-111
3852,381302,502.3076432574942,2.9914103283322513e-111
3853,433143,502.3076432574942,2.9914103283322513e-111
3854,318772,502.3076432574942,2.9914103283322513e-111
3855,135204,502.3076432574942,2.9914103283322513e-111
3856,4291277,502.3076432574942,2.9914103283322513e-111
3857,380818,502.3076432574942,2.9914103283322513e-111
3858,4309158,502.3076432574942,2.9914103283322513e-111
3859,436700,502.3076432574942,2.9914103283322513e-111
3860,4078921,502.3076432574942,2.9914103283322513e-111
3861,4178114,502.3076432574942,2.9914103283322513e-111
3862,4129392,502.3076432574942,2.9914103283322513e-111
3863,4009303,502.3076432574942,2.9914103283322513e-111
3864,4013596,502.3076432574942,2.9914103283322513e-111
3865,36715681,502.3076432574942,2.9914103283322513e-111
3866,4001298,502.3076432574942,2.9914103283322513e-111
3867,140823,502.3076432574942,2.9914103283322513e-111
3868,4134144,502.3076432574942,2.9914103283322513e-111
3869,37207842,502.3076432574942,2.9914103283322513e-111
3870,78834,502.3076432574942,2.9914103283322513e-111
3871,435226,502.3076432574942,2.9914103283322513e-111
3872,40481374,502.3076432574942,2.9914103283322513e-111
3873,35624169,502.3076432574942,2.9914103283322513e-111
3874,4302740,502.3076432574942,2.9914103283322513e-111
3875,4347287,502.3076432574942,2.9914103283322513e-111
3876,195856,502.3076432574942,2.9914103283322513e-111
3877,199754,502.3076432574942,2.9914103283322513e-111
3878,4099792,502.3076432574942,2.9914103283322513e-111
3879,4192127,502.3076432574942,2.9914103283322513e-111
3880,43020567,502.3076432574942,2.9914103283322513e-111
3881,438725,502.3076432574942,2.9914103283322513e-111
3882,43530648,502.3076432574942,2.9914103283322513e-111
3883,45757762,502.3076432574942,2.9914103283322513e-111
3884,315293,502.3076432574942,2.9914103283322513e-111
3885,4228503,502.3076432574942,2.9914103283322513e-111
3886,45772085,502.3076432574942,2.9914103283322513e-111
3887,73302,502.3076432574942,2.9914103283322513e-111
3888,26935,502.3076432574942,2.9914103283322513e-111
3889,443453,502.3076432574942,2.9914103283322513e-111
3890,4002349,502.3076432574942,2.9914103283322513e-111
3891,376132,502.3076432574942,2.9914103283322513e-111
3892,45757757,502.3076432574942,2.9914103283322513e-111
3893,45757759,502.3076432574942,2.9914103283322513e-111
3894,432587,502.3076432574942,2.9914103283322513e-111
3895,437123,502.3076432574942,2.9914103283322513e-111
3896,43021246,502.3076432574942,2.9914103283322513e-111
3897,4322175,502.3076432574942,2.9914103283322513e-111
3898,135061,502.3076432574942,2.9914103283322513e-111
3899,381020,502.3076432574942,2.9914103283322513e-111
3900,438123,502.3076432574942,2.9914103283322513e-111
3901,316795,502.3076432574942,2.9914103283322513e-111
3902,374874,502.3076432574942,2.9914103283322513e-111
3903,199837,502.3076432574942,2.9914103283322513e-111
3904,4186208,502.3076432574942,2.9914103283322513e-111
3905,45771090,502.3076432574942,2.9914103283322513e-111
3906,193261,502.3076432574942,2.9914103283322513e-111
3907,4239729,502.3076432574942,2.9914103283322513e-111
3908,4143365,502.3076432574942,2.9914103283322513e-111
3909,4023612,502.3076432574942,2.9914103283322513e-111
3910,441501,502.3076432574942,2.9914103283322513e-111
3911,46274123,502.3076432574942,2.9914103283322513e-111
3912,4117230,502.3076432574942,2.9914103283322513e-111
3913,4133015,502.3076432574942,2.9914103283322513e-111
3914,374362,502.3076432574942,2.9914103283322513e-111
3915,4150302,502.3076432574942,2.9914103283322513e-111
3916,4201717,502.3076432574942,2.9914103283322513e-111
3917,4113009,502.3076432574942,2.9914103283322513e-111
3918,443771,502.3076432574942,2.9914103283322513e-111
3919,4318718,502.3076432574942,2.9914103283322513e-111
3920,373213,502.3076432574942,2.9914103283322513e-111
3921,4148091,502.3076432574942,2.9914103283322513e-111
3922,4323686,502.3076432574942,2.9914103283322513e-111
3923,4180873,502.3076432574942,2.9914103283322513e-111
3924,43020472,502.3076432574942,2.9914103283322513e-111
3925,4289908,502.3076432574942,2.9914103283322513e-111
3926,40480082,502.3076432574942,2.9914103283322513e-111
3927,4242514,502.3076432574942,2.9914103283322513e-111
3928,257010,502.3076432574942,2.9914103283322513e-111
3929,40479573,502.3076432574942,2.9914103283322513e-111
3930,432346,502.3076432574942,2.9914103283322513e-111
3931,4159739,502.3076432574942,2.9914103283322513e-111
3932,81097,502.3076432574942,2.9914103283322513e-111
3933,378145,502.3076432574942,2.9914103283322513e-111
3934,4242962,502.3076432574942,2.9914103283322513e-111
3935,372604,502.3076432574942,2.9914103283322513e-111
3936,4189719,502.3076432574942,2.9914103283322513e-111
3937,133685,502.3076432574942,2.9914103283322513e-111
3938,433455,502.3076432574942,2.9914103283322513e-111
3939,4016109,502.3076432574942,2.9914103283322513e-111
3940,4166903,502.3076432574942,2.9914103283322513e-111
3941,4009902,502.3076432574942,2.9914103283322513e-111
3942,36716589,502.3076432574942,2.9914103283322513e-111
3943,373479,502.3076432574942,2.9914103283322513e-111
3944,192686,502.3076432574942,2.9914103283322513e-111
3945,37208040,502.3076432574942,2.9914103283322513e-111
3946,4134162,502.3076432574942,2.9914103283322513e-111
3947,4319889,502.3076432574942,2.9914103283322513e-111
3948,379020,502.3076432574942,2.9914103283322513e-111
3949,4347307,502.3076432574942,2.9914103283322513e-111
3950,4174011,502.3076432574942,2.9914103283322513e-111
3951,442747,502.3076432574942,2.9914103283322513e-111
3952,4057432,502.3076432574942,2.9914103283322513e-111
3953,43530718,502.3076432574942,2.9914103283322513e-111
3954,316644,502.3076432574942,2.9914103283322513e-111
3955,435242,502.3076432574942,2.9914103283322513e-111
3956,4179653,502.3076432574942,2.9914103283322513e-111
3957,442794,502.3076432574942,2.9914103283322513e-111
3958,4212079,502.3076432574942,2.9914103283322513e-111
3959,316356,502.3076432574942,2.9914103283322513e-111
3960,40490328,502.3076432574942,2.9914103283322513e-111
3961,201527,502.3076432574942,2.9914103283322513e-111
3962,4270705,502.3076432574942,2.9914103283322513e-111
3963,37116441,502.3076432574942,2.9914103283322513e-111
3964,444434,502.3076432574942,2.9914103283322513e-111
3965,4057008,502.3076432574942,2.9914103283322513e-111
3966,379818,502.3076432574942,2.9914103283322513e-111
3967,4029726,502.3076432574942,2.9914103283322513e-111
3968,24977,502.3076432574942,2.9914103283322513e-111
3969,436446,502.3076432574942,2.9914103283322513e-111
3970,45766974,502.3076432574942,2.9914103283322513e-111
3971,4292056,502.3076432574942,2.9914103283322513e-111
3972,4282301,502.3076432574942,2.9914103283322513e-111
3973,46270382,502.3076432574942,2.9914103283322513e-111
3974,45770892,502.3076432574942,2.9914103283322513e-111
3975,4068616,502.3076432574942,2.9914103283322513e-111
3976,4027782,502.3076432574942,2.9914103283322513e-111
3977,4114356,502.3076432574942,2.9914103283322513e-111
3978,4085406,502.3076432574942,2.9914103283322513e-111
3979,45757239,502.3076432574942,2.9914103283322513e-111
3980,79939,502.3076432574942,2.9914103283322513e-111
3981,441980,502.3076432574942,2.9914103283322513e-111
3982,4282753,502.3076432574942,2.9914103283322513e-111
3983,37310595,502.3076432574942,2.9914103283322513e-111
3984,132841,502.3076432574942,2.9914103283322513e-111
3985,40486171,502.3076432574942,2.9914103283322513e-111
3986,4172835,502.3076432574942,2.9914103283322513e-111
3987,377546,502.3076432574942,2.9914103283322513e-111
3988,40482030,502.3076432574942,2.9914103283322513e-111
3989,45757558,502.3076432574942,2.9914103283322513e-111
3990,75652,502.3076432574942,2.9914103283322513e-111
3991,4272177,502.3076432574942,2.9914103283322513e-111
3992,46270453,502.3076432574942,2.9914103283322513e-111
3993,192279,502.3076432574942,2.9914103283322513e-111
3994,42872891,502.3076432574942,2.9914103283322513e-111
3995,79938,502.3076432574942,2.9914103283322513e-111
3996,4066819,502.3076432574942,2.9914103283322513e-111
3997,3657022,502.3076432574942,2.9914103283322513e-111
3998,46269884,502.3076432574942,2.9914103283322513e-111
3999,381278,502.3076432574942,2.9914103283322513e-111
4000,74470,502.3076432574942,2.9914103283322513e-111
4001,4028238,502.3076432574942,2.9914103283322513e-111
4002,4185013,502.3076432574942,2.9914103283322513e-111
4003,37109512,502.3076432574942,2.9914103283322513e-111
4004,77635,502.3076432574942,2.9914103283322513e-111
4005,22955,502.3076432574942,2.9914103283322513e-111
4006,42538804,502.3076432574942,2.9914103283322513e-111
4007,372906,502.3076432574942,2.9914103283322513e-111
4008,4147638,502.3076432574942,2.9914103283322513e-111
4009,136917,502.3076432574942,2.9914103283322513e-111
4010,256571,502.3076432574942,2.9914103283322513e-111
4011,4302223,502.3076432574942,2.9914103283322513e-111
4012,45757331,502.3076432574942,2.9914103283322513e-111
4013,45757721,502.3076432574942,2.9914103283322513e-111
4014,195598,502.3076432574942,2.9914103283322513e-111
4015,4143698,502.3076432574942,2.9914103283322513e-111
4016,379816,502.3076432574942,2.9914103283322513e-111
4017,379012,502.3076432574942,2.9914103283322513e-111
4018,43020485,502.3076432574942,2.9914103283322513e-111
4019,381291,502.3076432574942,2.9914103283322513e-111
4020,45763578,502.3076432574942,2.9914103283322513e-111
4021,4051956,502.3076432574942,2.9914103283322513e-111
4022,442275,502.3076432574942,2.9914103283322513e-111
4023,4094638,502.3076432574942,2.9914103283322513e-111
4024,4052358,502.3076432574942,2.9914103283322513e-111
4025,4311124,502.3076432574942,2.9914103283322513e-111
4026,319825,502.3076432574942,2.9914103283322513e-111
4027,4059454,502.3076432574942,2.9914103283322513e-111
4028,45757307,502.3076432574942,2.9914103283322513e-111
4029,133364,502.3076432574942,2.9914103283322513e-111
4030,435775,502.3076432574942,2.9914103283322513e-111
4031,373772,502.3076432574942,2.9914103283322513e-111
4032,4044215,502.3076432574942,2.9914103283322513e-111
4033,4170637,502.3076432574942,2.9914103283322513e-111
4034,4181454,502.3076432574942,2.9914103283322513e-111
4035,436510,502.3076432574942,2.9914103283322513e-111
4036,76349,502.3076432574942,2.9914103283322513e-111
4037,441833,502.3076432574942,2.9914103283322513e-111
4038,40479575,502.3076432574942,2.9914103283322513e-111
4039,4160464,502.3076432574942,2.9914103283322513e-111
4040,4273095,502.3076432574942,2.9914103283322513e-111
4041,4027567,502.3076432574942,2.9914103283322513e-111
4042,4055650,502.3076432574942,2.9914103283322513e-111
4043,40492268,502.3076432574942,2.9914103283322513e-111
4044,194611,502.3076432574942,2.9914103283322513e-111
4045,4127554,502.3076432574942,2.9914103283322513e-111
4046,4128369,502.3076432574942,2.9914103283322513e-111
4047,4097158,502.3076432574942,2.9914103283322513e-111
4048,4211001,502.3076432574942,2.9914103283322513e-111
4049,434203,502.3076432574942,2.9914103283322513e-111
4050,313226,502.3076432574942,2.9914103283322513e-111
4051,4056481,502.3076432574942,2.9914103283322513e-111
4052,45757772,502.3076432574942,2.9914103283322513e-111
4053,37116501,502.3076432574942,2.9914103283322513e-111
4054,437744,502.3076432574942,2.9914103283322513e-111
4055,4054062,502.3076432574942,2.9914103283322513e-111
4056,255566,502.3076432574942,2.9914103283322513e-111
4057,140582,502.3076432574942,2.9914103283322513e-111
4058,78193,502.3076432574942,2.9914103283322513e-111
4059,435696,502.3076432574942,2.9914103283322513e-111
4060,4112023,502.3076432574942,2.9914103283322513e-111
4061,36717300,502.3076432574942,2.9914103283322513e-111
4062,375277,502.3076432574942,2.9914103283322513e-111
4063,4300442,502.3076432574942,2.9914103283322513e-111
4064,46273478,502.3076432574942,2.9914103283322513e-111
4065,4106354,502.3076432574942,2.9914103283322513e-111
4066,193239,502.3076432574942,2.9914103283322513e-111
4067,196160,502.3076432574942,2.9914103283322513e-111
4068,43021254,502.3076432574942,2.9914103283322513e-111
4069,444188,502.3076432574942,2.9914103283322513e-111
4070,36714927,502.3076432574942,2.9914103283322513e-111
4071,4237062,502.3076432574942,2.9914103283322513e-111
4072,438114,502.3076432574942,2.9914103283322513e-111
4073,4061734,502.3076432574942,2.9914103283322513e-111
4074,4248277,502.3076432574942,2.9914103283322513e-111
4075,4160460,502.3076432574942,2.9914103283322513e-111
4076,4048028,502.3076432574942,2.9914103283322513e-111
4077,438418,502.3076432574942,2.9914103283322513e-111
4078,4056740,502.3076432574942,2.9914103283322513e-111
4079,4056354,502.3076432574942,2.9914103283322513e-111
4080,75580,502.3076432574942,2.9914103283322513e-111
4081,46269882,502.3076432574942,2.9914103283322513e-111
4082,43021248,502.3076432574942,2.9914103283322513e-111
4083,4116450,502.3076432574942,2.9914103283322513e-111
4084,438107,502.3076432574942,2.9914103283322513e-111
4085,4178395,502.3076432574942,2.9914103283322513e-111
4086,4178291,502.3076432574942,2.9914103283322513e-111
4087,42538117,502.3076432574942,2.9914103283322513e-111
4088,197237,502.3076432574942,2.9914103283322513e-111
4089,4135466,502.3076432574942,2.9914103283322513e-111
4090,4138283,502.3076432574942,2.9914103283322513e-111
4091,4136705,502.3076432574942,2.9914103283322513e-111
4092,4150497,502.3076432574942,2.9914103283322513e-111
4093,4211388,502.3076432574942,2.9914103283322513e-111
4094,4116440,502.3076432574942,2.9914103283322513e-111
4095,441258,502.3076432574942,2.9914103283322513e-111
4096,37018350,502.3076432574942,2.9914103283322513e-111
4097,197328,502.3076432574942,2.9914103283322513e-111
4098,141955,502.3076432574942,2.9914103283322513e-111
4099,440828,502.3076432574942,2.9914103283322513e-111
4100,320429,502.3076432574942,2.9914103283322513e-111
4101,377875,502.3076432574942,2.9914103283322513e-111
4102,437359,502.3076432574942,2.9914103283322513e-111
4103,4185029,502.3076432574942,2.9914103283322513e-111
4104,40483537,502.3076432574942,2.9914103283322513e-111
4105,4247136,502.3076432574942,2.9914103283322513e-111
4106,762725,502.3076432574942,2.9914103283322513e-111
4107,43021410,502.3076432574942,2.9914103283322513e-111
4108,44783163,502.3076432574942,2.9914103283322513e-111
4109,4047784,502.3076432574942,2.9914103283322513e-111
4110,4266083,502.3076432574942,2.9914103283322513e-111
4111,137648,502.3076432574942,2.9914103283322513e-111
4112,4248131,502.3076432574942,2.9914103283322513e-111
4113,380859,502.3076432574942,2.9914103283322513e-111
4114,4003192,502.3076432574942,2.9914103283322513e-111
4115,4052826,502.3076432574942,2.9914103283322513e-111
4116,36715679,502.3076432574942,2.9914103283322513e-111
4117,200319,502.3076432574942,2.9914103283322513e-111
4118,4166130,502.3076432574942,2.9914103283322513e-111
4119,73036,502.3076432574942,2.9914103283322513e-111
4120,37116630,502.3076432574942,2.9914103283322513e-111
4121,79758,502.3076432574942,2.9914103283322513e-111
4122,321586,502.3076432574942,2.9914103283322513e-111
4123,4205455,502.3076432574942,2.9914103283322513e-111
4124,255192,502.3076432574942,2.9914103283322513e-111
4125,4089879,502.3076432574942,2.9914103283322513e-111
4126,4022202,502.3076432574942,2.9914103283322513e-111
4127,4078201,502.3076432574942,2.9914103283322513e-111
4128,4051594,502.3076432574942,2.9914103283322513e-111
4129,438028,502.3076432574942,2.9914103283322513e-111
4130,42536808,502.3076432574942,2.9914103283322513e-111
4131,4147598,502.3076432574942,2.9914103283322513e-111
4132,4138285,502.3076432574942,2.9914103283322513e-111
4133,438208,502.3076432574942,2.9914103283322513e-111
4134,46269889,502.3076432574942,2.9914103283322513e-111
4135,4277280,502.3076432574942,2.9914103283322513e-111
4136,141248,502.3076432574942,2.9914103283322513e-111
4137,195060,502.3076432574942,2.9914103283322513e-111
4138,4112824,502.3076432574942,2.9914103283322513e-111
4139,76388,502.3076432574942,2.9914103283322513e-111
4140,3655481,502.3076432574942,2.9914103283322513e-111
4141,133628,502.3076432574942,2.9914103283322513e-111
4142,4062391,502.3076432574942,2.9914103283322513e-111
4143,318712,502.3076432574942,2.9914103283322513e-111
4144,4053591,502.3076432574942,2.9914103283322513e-111
4145,4340367,502.3076432574942,2.9914103283322513e-111
4146,4098618,502.3076432574942,2.9914103283322513e-111
4147,40483538,502.3076432574942,2.9914103283322513e-111
4148,4233724,502.3076432574942,2.9914103283322513e-111
4149,4050884,502.3076432574942,2.9914103283322513e-111
4150,434033,502.3076432574942,2.9914103283322513e-111
4151,436972,502.3076432574942,2.9914103283322513e-111
4152,141004,502.3076432574942,2.9914103283322513e-111
4153,4133837,502.3076432574942,2.9914103283322513e-111
4154,4299644,502.3076432574942,2.9914103283322513e-111
4155,443421,502.3076432574942,2.9914103283322513e-111
4156,4098922,502.3076432574942,2.9914103283322513e-111
4157,313504,502.3076432574942,2.9914103283322513e-111
4158,4290877,502.3076432574942,2.9914103283322513e-111
4159,4085265,502.3076432574942,2.9914103283322513e-111
4160,4258295,502.3076432574942,2.9914103283322513e-111
4161,316501,502.3076432574942,2.9914103283322513e-111
4162,4093193,502.3076432574942,2.9914103283322513e-111
4163,195597,502.3076432574942,2.9914103283322513e-111
4164,443797,502.3076432574942,2.9914103283322513e-111
4165,443239,502.3076432574942,2.9914103283322513e-111
4166,80340,502.3076432574942,2.9914103283322513e-111
4167,441973,502.3076432574942,2.9914103283322513e-111
4168,196733,502.3076432574942,2.9914103283322513e-111
4169,4051595,502.3076432574942,2.9914103283322513e-111
4170,4252581,502.3076432574942,2.9914103283322513e-111
4171,79904,502.3076432574942,2.9914103283322513e-111
4172,259852,502.3076432574942,2.9914103283322513e-111
4173,440035,502.3076432574942,2.9914103283322513e-111
4174,3655178,502.3076432574942,2.9914103283322513e-111
4175,4095018,502.3076432574942,2.9914103283322513e-111
4176,4268775,502.3076432574942,2.9914103283322513e-111
4177,4150384,502.3076432574942,2.9914103283322513e-111
4178,193250,502.3076432574942,2.9914103283322513e-111
4179,4150466,502.3076432574942,2.9914103283322513e-111
4180,4135093,502.3076432574942,2.9914103283322513e-111
4181,440703,502.3076432574942,2.9914103283322513e-111
4182,74719,502.3076432574942,2.9914103283322513e-111
4183,433585,502.3076432574942,2.9914103283322513e-111
4184,443767,502.3076432574942,2.9914103283322513e-111
4185,435789,502.3076432574942,2.9914103283322513e-111
4186,438392,502.3076432574942,2.9914103283322513e-111
4187,4271306,502.3076432574942,2.9914103283322513e-111
4188,4155191,502.3076432574942,2.9914103283322513e-111
4189,4279543,502.3076432574942,2.9914103283322513e-111
4190,23220,502.3076432574942,2.9914103283322513e-111
4191,433860,502.3076432574942,2.9914103283322513e-111
4192,4038835,502.3076432574942,2.9914103283322513e-111
4193,439412,502.3076432574942,2.9914103283322513e-111
4194,193144,502.3076432574942,2.9914103283322513e-111
4195,4065770,502.3076432574942,2.9914103283322513e-111
4196,194091,502.3076432574942,2.9914103283322513e-111
4197,200763,502.3076432574942,2.9914103283322513e-111
4198,80802,502.3076432574942,2.9914103283322513e-111
4199,4035441,502.3076432574942,2.9914103283322513e-111
4200,134743,502.3076432574942,2.9914103283322513e-111
4201,4025168,502.3076432574942,2.9914103283322513e-111
4202,201909,502.3076432574942,2.9914103283322513e-111
4203,4112931,502.3076432574942,2.9914103283322513e-111
4204,4044017,502.3076432574942,2.9914103283322513e-111
4205,45772707,502.3076432574942,2.9914103283322513e-111
4206,433208,502.3076432574942,2.9914103283322513e-111
4207,441329,502.3076432574942,2.9914103283322513e-111
4208,46269841,502.3076432574942,2.9914103283322513e-111
4209,4050704,502.3076432574942,2.9914103283322513e-111
4210,4234083,502.3076432574942,2.9914103283322513e-111
4211,46269839,502.3076432574942,2.9914103283322513e-111
4212,440985,502.3076432574942,2.9914103283322513e-111
4213,40482236,502.3076432574942,2.9914103283322513e-111
4214,4344498,502.3076432574942,2.9914103283322513e-111
4215,40481091,502.3076432574942,2.9914103283322513e-111
4216,433565,502.3076432574942,2.9914103283322513e-111
4217,4126297,502.3076432574942,2.9914103283322513e-111
4218,4166906,502.3076432574942,2.9914103283322513e-111
4219,257094,502.3076432574942,2.9914103283322513e-111
4220,434281,502.3076432574942,2.9914103283322513e-111
4221,4245409,502.3076432574942,2.9914103283322513e-111
4222,4195785,502.3076432574942,2.9914103283322513e-111
4223,4337941,502.3076432574942,2.9914103283322513e-111
4224,37116513,502.3076432574942,2.9914103283322513e-111
4225,379769,502.3076432574942,2.9914103283322513e-111
4226,4332304,502.3076432574942,2.9914103283322513e-111
4227,136580,502.3076432574942,2.9914103283322513e-111
4228,4151525,502.3076432574942,2.9914103283322513e-111
4229,4115181,502.3076432574942,2.9914103283322513e-111
4230,44782681,502.3076432574942,2.9914103283322513e-111
4231,46274035,502.3076432574942,2.9914103283322513e-111
4232,434616,502.3076432574942,2.9914103283322513e-111
4233,4112183,502.3076432574942,2.9914103283322513e-111
4234,4081065,502.3076432574942,2.9914103283322513e-111
4235,37018338,502.3076432574942,2.9914103283322513e-111
4236,40482859,502.3076432574942,2.9914103283322513e-111
4237,4108805,502.3076432574942,2.9914103283322513e-111
4238,45770876,502.3076432574942,2.9914103283322513e-111
4239,375266,502.3076432574942,2.9914103283322513e-111
4240,4033297,502.3076432574942,2.9914103283322513e-111
4241,4171776,502.3076432574942,2.9914103283322513e-111
4242,4149782,502.3076432574942,2.9914103283322513e-111
4243,313221,502.3076432574942,2.9914103283322513e-111
4244,196858,502.3076432574942,2.9914103283322513e-111
4245,4055985,502.3076432574942,2.9914103283322513e-111
4246,44782751,502.3076432574942,2.9914103283322513e-111
4247,44782760,502.3076432574942,2.9914103283322513e-111
4248,4308570,502.3076432574942,2.9914103283322513e-111
4249,4275902,502.3076432574942,2.9914103283322513e-111
4250,138027,502.3076432574942,2.9914103283322513e-111
4251,4115942,502.3076432574942,2.9914103283322513e-111
4252,3655188,502.3076432574942,2.9914103283322513e-111
4253,4206425,502.3076432574942,2.9914103283322513e-111
4254,372635,502.3076432574942,2.9914103283322513e-111
4255,443876,502.3076432574942,2.9914103283322513e-111
4256,37108731,502.3076432574942,2.9914103283322513e-111
4257,4217075,502.3076432574942,2.9914103283322513e-111
4258,4115282,502.3076432574942,2.9914103283322513e-111
4259,440392,502.3076432574942,2.9914103283322513e-111
4260,442584,502.3076432574942,2.9914103283322513e-111
4261,4005764,502.3076432574942,2.9914103283322513e-111
4262,4263576,502.3076432574942,2.9914103283322513e-111
4263,4239897,502.3076432574942,2.9914103283322513e-111
4264,194696,502.3076432574942,2.9914103283322513e-111
4265,40482198,502.3076432574942,2.9914103283322513e-111
4266,4077584,502.3076432574942,2.9914103283322513e-111
4267,4196141,502.3076432574942,2.9914103283322513e-111
4268,74768,502.3076432574942,2.9914103283322513e-111
4269,4328220,502.3076432574942,2.9914103283322513e-111
4270,77310,502.3076432574942,2.9914103283322513e-111
4271,4335394,502.3076432574942,2.9914103283322513e-111
4272,36716727,502.3076432574942,2.9914103283322513e-111
4273,434770,502.3076432574942,2.9914103283322513e-111
4274,4135937,502.3076432574942,2.9914103283322513e-111
4275,43020460,502.3076432574942,2.9914103283322513e-111
4276,45757538,502.3076432574942,2.9914103283322513e-111
4277,434204,502.3076432574942,2.9914103283322513e-111
4278,443262,502.3076432574942,2.9914103283322513e-111
4279,440612,502.3076432574942,2.9914103283322513e-111
4280,4109399,502.3076432574942,2.9914103283322513e-111
4281,37016343,502.3076432574942,2.9914103283322513e-111
4282,45757767,502.3076432574942,2.9914103283322513e-111
4283,441541,502.3076432574942,2.9914103283322513e-111
4284,4055224,502.3076432574942,2.9914103283322513e-111
4285,4334801,502.3076432574942,2.9914103283322513e-111
4286,73012,502.3076432574942,2.9914103283322513e-111
4287,40481842,502.3076432574942,2.9914103283322513e-111
4288,443361,502.3076432574942,2.9914103283322513e-111
4289,444272,502.3076432574942,2.9914103283322513e-111
4290,37116627,502.3076432574942,2.9914103283322513e-111
4291,45757381,502.3076432574942,2.9914103283322513e-111
4292,137813,502.3076432574942,2.9914103283322513e-111
4293,4194232,502.3076432574942,2.9914103283322513e-111
4294,36685063,502.3076432574942,2.9914103283322513e-111
4295,4057953,502.3076432574942,2.9914103283322513e-111
4296,440238,502.3076432574942,2.9914103283322513e-111
4297,4175171,502.3076432574942,2.9914103283322513e-111
4298,4008566,502.3076432574942,2.9914103283322513e-111
4299,375828,502.3076432574942,2.9914103283322513e-111
4300,4099740,502.3076432574942,2.9914103283322513e-111
4301,433741,502.3076432574942,2.9914103283322513e-111
4302,4005286,502.3076432574942,2.9914103283322513e-111
4303,4344158,502.3076432574942,2.9914103283322513e-111
4304,436188,502.3076432574942,2.9914103283322513e-111
4305,377560,502.3076432574942,2.9914103283322513e-111
4306,4085877,502.3076432574942,2.9914103283322513e-111
4307,40487351,502.3076432574942,2.9914103283322513e-111
4308,4086020,502.3076432574942,2.9914103283322513e-111
4309,4020159,502.3076432574942,2.9914103283322513e-111
4310,4216873,502.3076432574942,2.9914103283322513e-111
4311,4347302,502.3076432574942,2.9914103283322513e-111
4312,4115179,502.3076432574942,2.9914103283322513e-111
4313,4129407,502.3076432574942,2.9914103283322513e-111
4314,4117228,502.3076432574942,2.9914103283322513e-111
4315,132553,502.3076432574942,2.9914103283322513e-111
4316,4116441,502.3076432574942,2.9914103283322513e-111
4317,441333,502.3076432574942,2.9914103283322513e-111
4318,72407,502.3076432574942,2.9914103283322513e-111
4319,73845,502.3076432574942,2.9914103283322513e-111
4320,4171913,502.3076432574942,2.9914103283322513e-111
4321,433967,502.3076432574942,2.9914103283322513e-111
4322,4144389,502.3076432574942,2.9914103283322513e-111
4323,436832,502.3076432574942,2.9914103283322513e-111
4324,256646,502.3076432574942,2.9914103283322513e-111
4325,436640,502.3076432574942,2.9914103283322513e-111
4326,4030846,502.3076432574942,2.9914103283322513e-111
4327,437690,502.3076432574942,2.9914103283322513e-111
4328,75103,502.3076432574942,2.9914103283322513e-111
4329,4102935,502.3076432574942,2.9914103283322513e-111
4330,200588,502.3076432574942,2.9914103283322513e-111
4331,764600,502.3076432574942,2.9914103283322513e-111
4332,192674,502.3076432574942,2.9914103283322513e-111
4333,258441,502.3076432574942,2.9914103283322513e-111
4334,4147787,502.3076432574942,2.9914103283322513e-111
4335,4284844,502.3076432574942,2.9914103283322513e-111
4336,4002661,502.3076432574942,2.9914103283322513e-111
4337,317814,502.3076432574942,2.9914103283322513e-111
4338,4312704,502.3076432574942,2.9914103283322513e-111
4339,432283,502.3076432574942,2.9914103283322513e-111
4340,377886,502.3076432574942,2.9914103283322513e-111
4341,196925,502.3076432574942,2.9914103283322513e-111
4342,4031757,502.3076432574942,2.9914103283322513e-111
4343,432890,502.3076432574942,2.9914103283322513e-111
4344,433763,502.3076432574942,2.9914103283322513e-111
4345,436544,502.3076432574942,2.9914103283322513e-111
4346,441225,502.3076432574942,2.9914103283322513e-111
4347,435651,502.3076432574942,2.9914103283322513e-111
4348,4212441,502.3076432574942,2.9914103283322513e-111
4349,4215961,502.3076432574942,2.9914103283322513e-111
4350,43530695,502.3076432574942,2.9914103283322513e-111
4351,374959,502.3076432574942,2.9914103283322513e-111
4352,40483299,502.3076432574942,2.9914103283322513e-111
4353,4246283,502.3076432574942,2.9914103283322513e-111
4354,40481145,502.3076432574942,2.9914103283322513e-111
4355,437540,502.3076432574942,2.9914103283322513e-111
4356,193249,502.3076432574942,2.9914103283322513e-111
4357,36685093,502.3076432574942,2.9914103283322513e-111
4358,318222,502.3076432574942,2.9914103283322513e-111
4359,4029271,502.3076432574942,2.9914103283322513e-111
4360,4188441,502.3076432574942,2.9914103283322513e-111
4361,436136,502.3076432574942,2.9914103283322513e-111
4362,4134875,502.3076432574942,2.9914103283322513e-111
4363,40490986,502.3076432574942,2.9914103283322513e-111
4364,441479,502.3076432574942,2.9914103283322513e-111
4365,4114600,502.3076432574942,2.9914103283322513e-111
4366,436247,502.3076432574942,2.9914103283322513e-111
4367,4059297,502.3076432574942,2.9914103283322513e-111
4368,4044358,502.3076432574942,2.9914103283322513e-111
4369,439096,502.3076432574942,2.9914103283322513e-111
4370,76191,502.3076432574942,2.9914103283322513e-111
4371,74731,502.3076432574942,2.9914103283322513e-111
4372,4308863,502.3076432574942,2.9914103283322513e-111
4373,4106683,502.3076432574942,2.9914103283322513e-111
4374,4133009,502.3076432574942,2.9914103283322513e-111
4375,4227657,502.3076432574942,2.9914103283322513e-111
4376,4308404,502.3076432574942,2.9914103283322513e-111
4377,22856,502.3076432574942,2.9914103283322513e-111
4378,74775,502.3076432574942,2.9914103283322513e-111
4379,36715618,502.3076432574942,2.9914103283322513e-111
4380,28779,502.3076432574942,2.9914103283322513e-111
4381,4064048,502.3076432574942,2.9914103283322513e-111
4382,378547,502.3076432574942,2.9914103283322513e-111
4383,4108215,502.3076432574942,2.9914103283322513e-111
4384,4299544,502.3076432574942,2.9914103283322513e-111
4385,4134181,502.3076432574942,2.9914103283322513e-111
4386,4047805,502.3076432574942,2.9914103283322513e-111
4387,4253962,502.3076432574942,2.9914103283322513e-111
4388,195307,502.3076432574942,2.9914103283322513e-111
4389,4100184,502.3076432574942,2.9914103283322513e-111
4390,4345354,502.3076432574942,2.9914103283322513e-111
4391,4239484,502.3076432574942,2.9914103283322513e-111
4392,4328804,502.3076432574942,2.9914103283322513e-111
4393,132572,502.3076432574942,2.9914103283322513e-111
4394,132850,502.3076432574942,2.9914103283322513e-111
4395,201956,502.3076432574942,2.9914103283322513e-111
4396,4101256,502.3076432574942,2.9914103283322513e-111
4397,4092358,502.3076432574942,2.9914103283322513e-111
4398,4096472,502.3076432574942,2.9914103283322513e-111
4399,258785,502.3076432574942,2.9914103283322513e-111
4400,440695,502.3076432574942,2.9914103283322513e-111
4401,321389,502.3076432574942,2.9914103283322513e-111
4402,4310999,502.3076432574942,2.9914103283322513e-111
4403,4013155,502.3076432574942,2.9914103283322513e-111
4404,4003830,502.3076432574942,2.9914103283322513e-111
4405,4340375,502.3076432574942,2.9914103283322513e-111
4406,4208200,502.3076432574942,2.9914103283322513e-111
4407,4241648,502.3076432574942,2.9914103283322513e-111
4408,439815,502.3076432574942,2.9914103283322513e-111
4409,765316,502.3076432574942,2.9914103283322513e-111
4410,4108817,502.3076432574942,2.9914103283322513e-111
4411,22274,502.3076432574942,2.9914103283322513e-111
4412,40489375,502.3076432574942,2.9914103283322513e-111
4413,4198492,502.3076432574942,2.9914103283322513e-111
4414,4138484,502.3076432574942,2.9914103283322513e-111
4415,762437,502.3076432574942,2.9914103283322513e-111
4416,137944,502.3076432574942,2.9914103283322513e-111
4417,40490984,502.3076432574942,2.9914103283322513e-111
4418,4027729,502.3076432574942,2.9914103283322513e-111
4419,46269837,502.3076432574942,2.9914103283322513e-111
4420,198715,502.3076432574942,2.9914103283322513e-111
4421,45757223,502.3076432574942,2.9914103283322513e-111
4422,198091,502.3076432574942,2.9914103283322513e-111
4423,4092380,502.3076432574942,2.9914103283322513e-111
4424,136949,502.3076432574942,2.9914103283322513e-111
4425,4206338,502.3076432574942,2.9914103283322513e-111
4426,438719,502.3076432574942,2.9914103283322513e-111
4427,4100425,502.3076432574942,2.9914103283322513e-111
4428,40480081,502.3076432574942,2.9914103283322513e-111
4429,197329,502.3076432574942,2.9914103283322513e-111
4430,437496,502.3076432574942,2.9914103283322513e-111
4431,24974,502.3076432574942,2.9914103283322513e-111
4432,440142,502.3076432574942,2.9914103283322513e-111
4433,4189294,502.3076432574942,2.9914103283322513e-111
4434,4317288,502.3076432574942,2.9914103283322513e-111
4435,40479606,502.3076432574942,2.9914103283322513e-111
4436,4074393,502.3076432574942,2.9914103283322513e-111
4437,72926,502.3076432574942,2.9914103283322513e-111
4438,4098747,502.3076432574942,2.9914103283322513e-111
4439,4166905,502.3076432574942,2.9914103283322513e-111
4440,4050834,502.3076432574942,2.9914103283322513e-111
4441,46273829,502.3076432574942,2.9914103283322513e-111
4442,4104563,502.3076432574942,2.9914103283322513e-111
4443,4298692,502.3076432574942,2.9914103283322513e-111
4444,73649,502.3076432574942,2.9914103283322513e-111
4445,4151986,502.3076432574942,2.9914103283322513e-111
4446,195213,502.3076432574942,2.9914103283322513e-111
4447,79740,502.3076432574942,2.9914103283322513e-111
4448,45757232,502.3076432574942,2.9914103283322513e-111
4449,4246802,502.3076432574942,2.9914103283322513e-111
4450,4169252,502.3076432574942,2.9914103283322513e-111
4451,4057087,502.3076432574942,2.9914103283322513e-111
4452,4264718,502.3076432574942,2.9914103283322513e-111
4453,45766121,502.3076432574942,2.9914103283322513e-111
4454,4055341,502.3076432574942,2.9914103283322513e-111
4455,4118910,502.3076432574942,2.9914103283322513e-111
4456,4155036,502.3076432574942,2.9914103283322513e-111
4457,4334404,502.3076432574942,2.9914103283322513e-111
4458,435875,502.3076432574942,2.9914103283322513e-111
4459,436839,502.3076432574942,2.9914103283322513e-111
4460,196165,502.3076432574942,2.9914103283322513e-111
4461,4006963,502.3076432574942,2.9914103283322513e-111
4462,4266029,502.3076432574942,2.9914103283322513e-111
4463,380055,502.3076432574942,2.9914103283322513e-111
4464,4003693,502.3076432574942,2.9914103283322513e-111
4465,45757719,502.3076432574942,2.9914103283322513e-111
4466,45763583,502.3076432574942,2.9914103283322513e-111
4467,197799,502.3076432574942,2.9914103283322513e-111
4468,45757744,502.3076432574942,2.9914103283322513e-111
4469,40484013,502.3076432574942,2.9914103283322513e-111
4470,4052524,502.3076432574942,2.9914103283322513e-111
4471,4134179,502.3076432574942,2.9914103283322513e-111
4472,4144154,502.3076432574942,2.9914103283322513e-111
4473,381040,502.3076432574942,2.9914103283322513e-111
4474,134746,502.3076432574942,2.9914103283322513e-111
4475,436098,502.3076432574942,2.9914103283322513e-111
4476,4116151,502.3076432574942,2.9914103283322513e-111
4477,376938,502.3076432574942,2.9914103283322513e-111
4478,759836,502.3076432574942,2.9914103283322513e-111
4479,4340390,502.3076432574942,2.9914103283322513e-111
4480,192681,502.3076432574942,2.9914103283322513e-111
4481,381036,502.3076432574942,2.9914103283322513e-111
4482,4145168,502.3076432574942,2.9914103283322513e-111
4483,4121629,502.3076432574942,2.9914103283322513e-111
4484,379032,502.3076432574942,2.9914103283322513e-111
4485,76472,502.3076432574942,2.9914103283322513e-111
4486,81454,502.3076432574942,2.9914103283322513e-111
4487,46269835,502.3076432574942,2.9914103283322513e-111
4488,44808422,502.3076432574942,2.9914103283322513e-111
4489,435041,502.3076432574942,2.9914103283322513e-111
4490,37207879,502.3076432574942,2.9914103283322513e-111
4491,46273523,502.3076432574942,2.9914103283322513e-111
4492,4066036,502.3076432574942,2.9914103283322513e-111
4493,4070301,502.3076432574942,2.9914103283322513e-111
4494,200970,502.3076432574942,2.9914103283322513e-111
4495,4092235,502.3076432574942,2.9914103283322513e-111
4496,4239873,502.3076432574942,2.9914103283322513e-111
4497,37203917,502.3076432574942,2.9914103283322513e-111
4498,4051004,502.3076432574942,2.9914103283322513e-111
4499,43020446,502.3076432574942,2.9914103283322513e-111
4500,4116150,502.3076432574942,2.9914103283322513e-111
4501,45770919,502.3076432574942,2.9914103283322513e-111
4502,77923,502.3076432574942,2.9914103283322513e-111
4503,4205509,502.3076432574942,2.9914103283322513e-111
4504,438477,502.3076432574942,2.9914103283322513e-111
4505,440738,502.3076432574942,2.9914103283322513e-111
4506,4319280,502.3076432574942,2.9914103283322513e-111
4507,4313634,502.3076432574942,2.9914103283322513e-111
4508,4132570,502.3076432574942,2.9914103283322513e-111
4509,372315,502.3076432574942,2.9914103283322513e-111
4510,76924,502.3076432574942,2.9914103283322513e-111
4511,317000,502.3076432574942,2.9914103283322513e-111
4512,37395590,502.3076432574942,2.9914103283322513e-111
4513,42709931,502.3076432574942,2.9914103283322513e-111
4514,4029735,502.3076432574942,2.9914103283322513e-111
4515,200451,502.3076432574942,2.9914103283322513e-111
4516,373432,502.3076432574942,2.9914103283322513e-111
4517,45770836,502.3076432574942,2.9914103283322513e-111
4518,260041,502.3076432574942,2.9914103283322513e-111
4519,199064,502.3076432574942,2.9914103283322513e-111
4520,4068848,502.3076432574942,2.9914103283322513e-111
4521,37118662,502.3076432574942,2.9914103283322513e-111
4522,4318523,502.3076432574942,2.9914103283322513e-111
4523,4031941,502.3076432574942,2.9914103283322513e-111
4524,4102985,502.3076432574942,2.9914103283322513e-111
4525,378165,502.3076432574942,2.9914103283322513e-111
4526,135489,502.3076432574942,2.9914103283322513e-111
4527,201461,502.3076432574942,2.9914103283322513e-111
4528,374338,502.3076432574942,2.9914103283322513e-111
4529,42538748,502.3076432574942,2.9914103283322513e-111
4530,318766,502.3076432574942,2.9914103283322513e-111
4531,37109306,502.3076432574942,2.9914103283322513e-111
4532,4031142,502.3076432574942,2.9914103283322513e-111
4533,440989,502.3076432574942,2.9914103283322513e-111
4534,4058397,502.3076432574942,2.9914103283322513e-111
4535,4202842,502.3076432574942,2.9914103283322513e-111
4536,4169402,502.3076432574942,2.9914103283322513e-111
4537,4112359,502.3076432574942,2.9914103283322513e-111
4538,4092515,502.3076432574942,2.9914103283322513e-111
4539,40483286,502.3076432574942,2.9914103283322513e-111
4540,74522,502.3076432574942,2.9914103283322513e-111
4541,4049960,502.3076432574942,2.9914103283322513e-111
4542,37310242,502.3076432574942,2.9914103283322513e-111
4543,4163865,502.3076432574942,2.9914103283322513e-111
4544,435570,502.3076432574942,2.9914103283322513e-111
4545,4180026,502.3076432574942,2.9914103283322513e-111
4546,257503,502.3076432574942,2.9914103283322513e-111
4547,37207963,502.3076432574942,2.9914103283322513e-111
4548,40482893,502.3076432574942,2.9914103283322513e-111
4549,4028239,502.3076432574942,2.9914103283322513e-111
4550,764098,502.3076432574942,2.9914103283322513e-111
4551,45757415,502.3076432574942,2.9914103283322513e-111
4552,195770,502.3076432574942,2.9914103283322513e-111
4553,4132314,502.3076432574942,2.9914103283322513e-111
4554,434877,502.3076432574942,2.9914103283322513e-111
4555,4301668,502.3076432574942,2.9914103283322513e-111
4556,35610325,502.3076432574942,2.9914103283322513e-111
4557,317109,502.3076432574942,2.9914103283322513e-111
4558,36713172,502.3076432574942,2.9914103283322513e-111
4559,432289,502.3076432574942,2.9914103283322513e-111
4560,443392,502.3076432574942,2.9914103283322513e-111
4561,4314244,502.3076432574942,2.9914103283322513e-111
4562,433997,502.3076432574942,2.9914103283322513e-111
4563,37209512,502.3076432574942,2.9914103283322513e-111
4564,30515,502.3076432574942,2.9914103283322513e-111
4565,4177025,502.3076432574942,2.9914103283322513e-111
4566,4032474,502.3076432574942,2.9914103283322513e-111
4567,373425,502.3076432574942,2.9914103283322513e-111
4568,81636,502.3076432574942,2.9914103283322513e-111
4569,441364,502.3076432574942,2.9914103283322513e-111
4570,42872398,502.3076432574942,2.9914103283322513e-111
4571,4095589,502.3076432574942,2.9914103283322513e-111
4572,436692,502.3076432574942,2.9914103283322513e-111
4573,45772099,502.3076432574942,2.9914103283322513e-111
4574,28179,502.3076432574942,2.9914103283322513e-111
4575,46269874,502.3076432574942,2.9914103283322513e-111
4576,372247,502.3076432574942,2.9914103283322513e-111
4577,376977,502.3076432574942,2.9914103283322513e-111
4578,435655,502.3076432574942,2.9914103283322513e-111
4579,194151,502.3076432574942,2.9914103283322513e-111
4580,4097128,502.3076432574942,2.9914103283322513e-111
4581,4252356,502.3076432574942,2.9914103283322513e-111
4582,36717200,502.3076432574942,2.9914103283322513e-111
4583,4093292,502.3076432574942,2.9914103283322513e-111
4584,36715616,502.3076432574942,2.9914103283322513e-111
4585,4320025,502.3076432574942,2.9914103283322513e-111
4586,45757725,502.3076432574942,2.9914103283322513e-111
4587,133857,502.3076432574942,2.9914103283322513e-111
4588,4345332,502.3076432574942,2.9914103283322513e-111
4589,4194877,502.3076432574942,2.9914103283322513e-111
4590,440577,502.3076432574942,2.9914103283322513e-111
4591,4111917,502.3076432574942,2.9914103283322513e-111
4592,136960,502.3076432574942,2.9914103283322513e-111
4593,443216,502.3076432574942,2.9914103283322513e-111
4594,45765770,502.3076432574942,2.9914103283322513e-111
4595,443698,502.3076432574942,2.9914103283322513e-111
4596,261514,502.3076432574942,2.9914103283322513e-111
4597,4220631,502.3076432574942,2.9914103283322513e-111
4598,380714,502.3076432574942,2.9914103283322513e-111
4599,4167100,502.3076432574942,2.9914103283322513e-111
4600,4047607,502.3076432574942,2.9914103283322513e-111
4601,197656,502.3076432574942,2.9914103283322513e-111
4602,4326255,502.3076432574942,2.9914103283322513e-111
4603,36675684,502.3076432574942,2.9914103283322513e-111
4604,37207858,502.3076432574942,2.9914103283322513e-111
4605,4001643,502.3076432574942,2.9914103283322513e-111
4606,40441585,502.3076432574942,2.9914103283322513e-111
4607,434085,502.3076432574942,2.9914103283322513e-111
4608,4173408,502.3076432574942,2.9914103283322513e-111
4609,37016882,502.3076432574942,2.9914103283322513e-111
4610,45763827,502.3076432574942,2.9914103283322513e-111
4611,436959,502.3076432574942,2.9914103283322513e-111
4612,443703,502.3076432574942,2.9914103283322513e-111
4613,4301733,502.3076432574942,2.9914103283322513e-111
4614,380117,502.3076432574942,2.9914103283322513e-111
4615,4056462,502.3076432574942,2.9914103283322513e-111
4616,437904,502.3076432574942,2.9914103283322513e-111
4617,4071026,502.3076432574942,2.9914103283322513e-111
4618,4225055,502.3076432574942,2.9914103283322513e-111
4619,4344621,502.3076432574942,2.9914103283322513e-111
4620,4156803,502.3076432574942,2.9914103283322513e-111
4621,4021911,502.3076432574942,2.9914103283322513e-111
4622,374032,502.3076432574942,2.9914103283322513e-111
4623,4094822,502.3076432574942,2.9914103283322513e-111
4624,3655266,502.3076432574942,2.9914103283322513e-111
4625,436079,502.3076432574942,2.9914103283322513e-111
4626,40482478,502.3076432574942,2.9914103283322513e-111
4627,26378,502.3076432574942,2.9914103283322513e-111
4628,137900,502.3076432574942,2.9914103283322513e-111
4629,433446,502.3076432574942,2.9914103283322513e-111
4630,4088351,502.3076432574942,2.9914103283322513e-111
4631,4108638,502.3076432574942,2.9914103283322513e-111
4632,4152936,502.3076432574942,2.9914103283322513e-111
4633,764603,502.3076432574942,2.9914103283322513e-111
4634,141249,502.3076432574942,2.9914103283322513e-111
4635,4005616,502.3076432574942,2.9914103283322513e-111
4636,192275,502.3076432574942,2.9914103283322513e-111
4637,441419,502.3076432574942,2.9914103283322513e-111
4638,4345577,502.3076432574942,2.9914103283322513e-111
4639,4096804,502.3076432574942,2.9914103283322513e-111
4640,4101602,502.3076432574942,2.9914103283322513e-111
4641,4182711,502.3076432574942,2.9914103283322513e-111
4642,4223399,502.3076432574942,2.9914103283322513e-111
4643,434323,502.3076432574942,2.9914103283322513e-111
4644,442774,502.3076432574942,2.9914103283322513e-111
4645,141475,502.3076432574942,2.9914103283322513e-111
4646,193530,502.3076432574942,2.9914103283322513e-111
4647,136933,502.3076432574942,2.9914103283322513e-111
4648,4228686,502.3076432574942,2.9914103283322513e-111
4649,36715746,502.3076432574942,2.9914103283322513e-111
4650,4136566,502.3076432574942,2.9914103283322513e-111
4651,43022016,502.3076432574942,2.9914103283322513e-111
4652,194412,502.3076432574942,2.9914103283322513e-111
4653,4058155,502.3076432574942,2.9914103283322513e-111
4654,380113,502.3076432574942,2.9914103283322513e-111
4655,4102047,502.3076432574942,2.9914103283322513e-111
4656,81634,502.3076432574942,2.9914103283322513e-111
4657,36715823,502.3076432574942,2.9914103283322513e-111
4658,36675019,502.3076432574942,2.9914103283322513e-111
4659,4176945,502.3076432574942,2.9914103283322513e-111
4660,81403,502.3076432574942,2.9914103283322513e-111
4661,4237458,502.3076432574942,2.9914103283322513e-111
4662,432620,502.3076432574942,2.9914103283322513e-111
4663,4185564,502.3076432574942,2.9914103283322513e-111
4664,45766754,502.3076432574942,2.9914103283322513e-111
4665,372654,502.3076432574942,2.9914103283322513e-111
4666,4009748,502.3076432574942,2.9914103283322513e-111
4667,4232162,502.3076432574942,2.9914103283322513e-111
4668,192855,502.3076432574942,2.9914103283322513e-111
4669,196049,502.3076432574942,2.9914103283322513e-111
4670,45763774,502.3076432574942,2.9914103283322513e-111
4671,193512,502.3076432574942,2.9914103283322513e-111
4672,435315,502.3076432574942,2.9914103283322513e-111
4673,4171915,502.3076432574942,2.9914103283322513e-111
4674,201626,502.3076432574942,2.9914103283322513e-111
4675,140490,502.3076432574942,2.9914103283322513e-111
4676,37016396,502.3076432574942,2.9914103283322513e-111
4677,4053124,502.3076432574942,2.9914103283322513e-111
4678,36715623,502.3076432574942,2.9914103283322513e-111
4679,133655,502.3076432574942,2.9914103283322513e-111
4680,4245840,502.3076432574942,2.9914103283322513e-111
4681,4324315,502.3076432574942,2.9914103283322513e-111
4682,73290,502.3076432574942,2.9914103283322513e-111
4683,4108233,502.3076432574942,2.9914103283322513e-111
4684,434881,502.3076432574942,2.9914103283322513e-111
4685,138996,502.3076432574942,2.9914103283322513e-111
4686,30969,502.3076432574942,2.9914103283322513e-111
4687,378523,502.3076432574942,2.9914103283322513e-111
4688,4078688,502.3076432574942,2.9914103283322513e-111
4689,74250,502.3076432574942,2.9914103283322513e-111
4690,137792,502.3076432574942,2.9914103283322513e-111
4691,4341633,502.3076432574942,2.9914103283322513e-111
4692,437269,502.3076432574942,2.9914103283322513e-111
4693,433612,502.3076432574942,2.9914103283322513e-111
4694,4061843,502.3076432574942,2.9914103283322513e-111
4695,442782,502.3076432574942,2.9914103283322513e-111
4696,81101,502.3076432574942,2.9914103283322513e-111
4697,374142,502.3076432574942,2.9914103283322513e-111
4698,4015352,502.3076432574942,2.9914103283322513e-111
4699,37116631,502.3076432574942,2.9914103283322513e-111
4700,141651,502.3076432574942,2.9914103283322513e-111
4701,381860,502.3076432574942,2.9914103283322513e-111
4702,134315,502.3076432574942,2.9914103283322513e-111
4703,40479259,502.3076432574942,2.9914103283322513e-111
4704,201136,502.3076432574942,2.9914103283322513e-111
4705,4009610,502.3076432574942,2.9914103283322513e-111
4706,197028,502.3076432574942,2.9914103283322513e-111
4707,376387,502.3076432574942,2.9914103283322513e-111
4708,45757766,502.3076432574942,2.9914103283322513e-111
4709,315922,502.3076432574942,2.9914103283322513e-111
4710,4078543,502.3076432574942,2.9914103283322513e-111
4711,40481327,502.3076432574942,2.9914103283322513e-111
4712,133725,502.3076432574942,2.9914103283322513e-111
4713,4308390,502.3076432574942,2.9914103283322513e-111
4714,378696,502.3076432574942,2.9914103283322513e-111
4715,43531611,502.3076432574942,2.9914103283322513e-111
4716,199764,502.3076432574942,2.9914103283322513e-111
4717,376401,502.3076432574942,2.9914103283322513e-111
4718,4238808,502.3076432574942,2.9914103283322513e-111
4719,376424,502.3076432574942,2.9914103283322513e-111
4720,196064,502.3076432574942,2.9914103283322513e-111
4721,4015486,502.3076432574942,2.9914103283322513e-111
4722,44789003,502.3076432574942,2.9914103283322513e-111
4723,440979,502.3076432574942,2.9914103283322513e-111
4724,42537576,502.3076432574942,2.9914103283322513e-111
4725,374351,502.3076432574942,2.9914103283322513e-111
4726,4015628,502.3076432574942,2.9914103283322513e-111
4727,36676687,502.3076432574942,2.9914103283322513e-111
4728,4067173,502.3076432574942,2.9914103283322513e-111
4729,4265860,502.3076432574942,2.9914103283322513e-111
4730,4260194,502.3076432574942,2.9914103283322513e-111
4731,440890,502.3076432574942,2.9914103283322513e-111
4732,4215489,502.3076432574942,2.9914103283322513e-111
4733,443741,502.3076432574942,2.9914103283322513e-111
4734,4001126,502.3076432574942,2.9914103283322513e-111
4735,4324788,502.3076432574942,2.9914103283322513e-111
4736,443204,502.3076432574942,2.9914103283322513e-111
4737,377263,502.3076432574942,2.9914103283322513e-111
4738,45766903,502.3076432574942,2.9914103283322513e-111
4739,4291143,502.3076432574942,2.9914103283322513e-111
4740,46269879,502.3076432574942,2.9914103283322513e-111
4741,4286642,502.3076432574942,2.9914103283322513e-111
4742,36717341,502.3076432574942,2.9914103283322513e-111
4743,37018928,502.3076432574942,2.9914103283322513e-111
4744,4001664,502.3076432574942,2.9914103283322513e-111
4745,440988,502.3076432574942,2.9914103283322513e-111
4746,4042501,502.3076432574942,2.9914103283322513e-111
4747,4263766,502.3076432574942,2.9914103283322513e-111
4748,44806793,502.3076432574942,2.9914103283322513e-111
4749,440987,502.3076432574942,2.9914103283322513e-111
4750,4169580,502.3076432574942,2.9914103283322513e-111
4751,375258,502.3076432574942,2.9914103283322513e-111
4752,4155529,502.3076432574942,2.9914103283322513e-111
4753,435522,502.3076432574942,2.9914103283322513e-111
4754,434587,502.3076432574942,2.9914103283322513e-111
4755,432595,502.3076432574942,2.9914103283322513e-111
4756,435656,502.3076432574942,2.9914103283322513e-111
4757,441959,502.3076432574942,2.9914103283322513e-111
4758,132277,502.3076432574942,2.9914103283322513e-111
4759,4208223,502.3076432574942,2.9914103283322513e-111
4760,4025937,502.3076432574942,2.9914103283322513e-111
4761,4321555,502.3076432574942,2.9914103283322513e-111
4762,437409,502.3076432574942,2.9914103283322513e-111
4763,142033,502.3076432574942,2.9914103283322513e-111
4764,438887,502.3076432574942,2.9914103283322513e-111
4765,4180778,502.3076432574942,2.9914103283322513e-111
4766,439385,502.3076432574942,2.9914103283322513e-111
4767,4135091,502.3076432574942,2.9914103283322513e-111
4768,45763749,502.3076432574942,2.9914103283322513e-111
4769,4053602,502.3076432574942,2.9914103283322513e-111
4770,4122186,502.3076432574942,2.9914103283322513e-111
4771,4174885,502.3076432574942,2.9914103283322513e-111
4772,37116485,502.3076432574942,2.9914103283322513e-111
4773,4011615,502.3076432574942,2.9914103283322513e-111
4774,4083551,502.3076432574942,2.9914103283322513e-111
4775,36717618,502.3076432574942,2.9914103283322513e-111
4776,4046205,502.3076432574942,2.9914103283322513e-111
4777,4242694,502.3076432574942,2.9914103283322513e-111
4778,132643,502.3076432574942,2.9914103283322513e-111
4779,377252,502.3076432574942,2.9914103283322513e-111
4780,4094260,502.3076432574942,2.9914103283322513e-111
4781,4247822,502.3076432574942,2.9914103283322513e-111
4782,3657021,502.3076432574942,2.9914103283322513e-111
4783,4061050,502.3076432574942,2.9914103283322513e-111
4784,437557,502.3076432574942,2.9914103283322513e-111
4785,4043388,502.3076432574942,2.9914103283322513e-111
4786,197377,502.3076432574942,2.9914103283322513e-111
4787,4032466,502.3076432574942,2.9914103283322513e-111
4788,135611,502.3076432574942,2.9914103283322513e-111
4789,74444,502.3076432574942,2.9914103283322513e-111
4790,30441,502.3076432574942,2.9914103283322513e-111
4791,4322306,502.3076432574942,2.9914103283322513e-111
4792,197593,502.3076432574942,2.9914103283322513e-111
4793,75354,502.3076432574942,2.9914103283322513e-111
4794,4035437,502.3076432574942,2.9914103283322513e-111
4795,135496,502.3076432574942,2.9914103283322513e-111
4796,44783857,502.3076432574942,2.9914103283322513e-111
4797,432251,502.3076432574942,2.9914103283322513e-111
4798,438979,502.3076432574942,2.9914103283322513e-111
4799,438290,502.3076432574942,2.9914103283322513e-111
4800,4129364,502.3076432574942,2.9914103283322513e-111
4801,80004,502.3076432574942,2.9914103283322513e-111
4802,3656887,502.3076432574942,2.9914103283322513e-111
4803,40480077,502.3076432574942,2.9914103283322513e-111
4804,4134334,502.3076432574942,2.9914103283322513e-111
4805,23868,502.3076432574942,2.9914103283322513e-111
4806,193874,502.3076432574942,2.9914103283322513e-111
4807,436164,502.3076432574942,2.9914103283322513e-111
4808,438089,502.3076432574942,2.9914103283322513e-111
4809,201530,502.3076432574942,2.9914103283322513e-111
4810,4059452,502.3076432574942,2.9914103283322513e-111
4811,140352,502.3076432574942,2.9914103283322513e-111
4812,4126278,502.3076432574942,2.9914103283322513e-111
4813,4077901,502.3076432574942,2.9914103283322513e-111
4814,436672,502.3076432574942,2.9914103283322513e-111
4815,441968,502.3076432574942,2.9914103283322513e-111
4816,435850,502.3076432574942,2.9914103283322513e-111
4817,375239,502.3076432574942,2.9914103283322513e-111
4818,40482440,502.3076432574942,2.9914103283322513e-111
4819,4305075,502.3076432574942,2.9914103283322513e-111
4820,4117687,502.3076432574942,2.9914103283322513e-111
4821,441834,502.3076432574942,2.9914103283322513e-111
4822,4046123,502.3076432574942,2.9914103283322513e-111
4823,375290,502.3076432574942,2.9914103283322513e-111
4824,4241693,502.3076432574942,2.9914103283322513e-111
4825,40481346,502.3076432574942,2.9914103283322513e-111
4826,74737,502.3076432574942,2.9914103283322513e-111
4827,80665,502.3076432574942,2.9914103283322513e-111
4828,36684817,502.3076432574942,2.9914103283322513e-111
4829,260434,502.3076432574942,2.9914103283322513e-111
4830,436957,502.3076432574942,2.9914103283322513e-111
4831,198819,502.3076432574942,2.9914103283322513e-111
4832,444063,502.3076432574942,2.9914103283322513e-111
4833,4102318,502.3076432574942,2.9914103283322513e-111
4834,142032,502.3076432574942,2.9914103283322513e-111
4835,4167230,502.3076432574942,2.9914103283322513e-111
4836,312653,502.3076432574942,2.9914103283322513e-111
4837,4195780,502.3076432574942,2.9914103283322513e-111
4838,4219822,502.3076432574942,2.9914103283322513e-111
4839,372641,502.3076432574942,2.9914103283322513e-111
4840,45767695,502.3076432574942,2.9914103283322513e-111
4841,437118,502.3076432574942,2.9914103283322513e-111
4842,441979,502.3076432574942,2.9914103283322513e-111
4843,3657020,502.3076432574942,2.9914103283322513e-111
4844,46273949,502.3076432574942,2.9914103283322513e-111
4845,4070976,502.3076432574942,2.9914103283322513e-111
4846,40483172,502.3076432574942,2.9914103283322513e-111
4847,73866,502.3076432574942,2.9914103283322513e-111
4848,4157453,502.3076432574942,2.9914103283322513e-111
4849,4204555,502.3076432574942,2.9914103283322513e-111
4850,43530680,502.3076432574942,2.9914103283322513e-111
4851,4151509,502.3076432574942,2.9914103283322513e-111
4852,4003186,502.3076432574942,2.9914103283322513e-111
4853,442169,502.3076432574942,2.9914103283322513e-111
4854,4040380,502.3076432574942,2.9914103283322513e-111
4855,4054876,502.3076432574942,2.9914103283322513e-111
4856,45763587,502.3076432574942,2.9914103283322513e-111
4857,36685928,502.3076432574942,2.9914103283322513e-111
4858,195363,502.3076432574942,2.9914103283322513e-111
4859,37016924,502.3076432574942,2.9914103283322513e-111
4860,380428,502.3076432574942,2.9914103283322513e-111
4861,435755,502.3076432574942,2.9914103283322513e-111
4862,4056179,502.3076432574942,2.9914103283322513e-111
4863,438997,502.3076432574942,2.9914103283322513e-111
4864,79144,502.3076432574942,2.9914103283322513e-111
4865,4147498,502.3076432574942,2.9914103283322513e-111
4866,321522,502.3076432574942,2.9914103283322513e-111
4867,4045749,502.3076432574942,2.9914103283322513e-111
4868,4280828,502.3076432574942,2.9914103283322513e-111
4869,4321835,502.3076432574942,2.9914103283322513e-111
4870,4318840,502.3076432574942,2.9914103283322513e-111
4871,443730,502.3076432574942,2.9914103283322513e-111
4872,45757235,502.3076432574942,2.9914103283322513e-111
4873,259123,502.3076432574942,2.9914103283322513e-111
4874,37204169,502.3076432574942,2.9914103283322513e-111
4875,195314,502.3076432574942,2.9914103283322513e-111
4876,30679,502.3076432574942,2.9914103283322513e-111
4877,45771403,502.3076432574942,2.9914103283322513e-111
4878,36717640,502.3076432574942,2.9914103283322513e-111
4879,4076794,502.3076432574942,2.9914103283322513e-111
4880,45766899,502.3076432574942,2.9914103283322513e-111
4881,259865,502.3076432574942,2.9914103283322513e-111
4882,4078359,502.3076432574942,2.9914103283322513e-111
4883,78579,502.3076432574942,2.9914103283322513e-111
4884,198810,502.3076432574942,2.9914103283322513e-111
4885,46270364,502.3076432574942,2.9914103283322513e-111
4886,313500,502.3076432574942,2.9914103283322513e-111
4887,140967,502.3076432574942,2.9914103283322513e-111
4888,201231,502.3076432574942,2.9914103283322513e-111
4889,44782752,502.3076432574942,2.9914103283322513e-111
4890,37209394,502.3076432574942,2.9914103283322513e-111
4891,42537742,502.3076432574942,2.9914103283322513e-111
4892,4055640,502.3076432574942,2.9914103283322513e-111
4893,438086,502.3076432574942,2.9914103283322513e-111
4894,433730,502.3076432574942,2.9914103283322513e-111
4895,379817,502.3076432574942,2.9914103283322513e-111
4896,74124,502.3076432574942,2.9914103283322513e-111
4897,436134,502.3076432574942,2.9914103283322513e-111
4898,4002351,502.3076432574942,2.9914103283322513e-111
4899,4100661,502.3076432574942,2.9914103283322513e-111
4900,4031756,502.3076432574942,2.9914103283322513e-111
4901,136354,502.3076432574942,2.9914103283322513e-111
4902,434893,502.3076432574942,2.9914103283322513e-111
4903,76002,502.3076432574942,2.9914103283322513e-111
4904,42709797,502.3076432574942,2.9914103283322513e-111
4905,4009912,502.3076432574942,2.9914103283322513e-111
4906,141213,502.3076432574942,2.9914103283322513e-111
4907,4067861,502.3076432574942,2.9914103283322513e-111
4908,201043,502.3076432574942,2.9914103283322513e-111
4909,4256889,502.3076432574942,2.9914103283322513e-111
4910,46273183,502.3076432574942,2.9914103283322513e-111
4911,46271795,502.3076432574942,2.9914103283322513e-111
4912,377290,502.3076432574942,2.9914103283322513e-111
4913,4177197,502.3076432574942,2.9914103283322513e-111
4914,137735,502.3076432574942,2.9914103283322513e-111
4915,40489837,502.3076432574942,2.9914103283322513e-111
4916,4294246,502.3076432574942,2.9914103283322513e-111
4917,138708,502.3076432574942,2.9914103283322513e-111
4918,75121,502.3076432574942,2.9914103283322513e-111
4919,137627,502.3076432574942,2.9914103283322513e-111
4920,258540,502.3076432574942,2.9914103283322513e-111
4921,74080,502.3076432574942,2.9914103283322513e-111
4922,4033045,502.3076432574942,2.9914103283322513e-111
4923,40485046,502.3076432574942,2.9914103283322513e-111
4924,26638,502.3076432574942,2.9914103283322513e-111
4925,380510,502.3076432574942,2.9914103283322513e-111
4926,4049957,502.3076432574942,2.9914103283322513e-111
4927,436470,502.3076432574942,2.9914103283322513e-111
4928,4052513,502.3076432574942,2.9914103283322513e-111
4929,4331309,502.3076432574942,2.9914103283322513e-111
4930,377535,502.3076432574942,2.9914103283322513e-111
4931,4058346,502.3076432574942,2.9914103283322513e-111
4932,4094118,502.3076432574942,2.9914103283322513e-111
4933,37208023,502.3076432574942,2.9914103283322513e-111
4934,4107913,502.3076432574942,2.9914103283322513e-111
4935,443545,502.3076432574942,2.9914103283322513e-111
4936,373151,502.3076432574942,2.9914103283322513e-111
4937,375490,502.3076432574942,2.9914103283322513e-111
4938,4112820,502.3076432574942,2.9914103283322513e-111
4939,439011,502.3076432574942,2.9914103283322513e-111
4940,437027,502.3076432574942,2.9914103283322513e-111
4941,381282,502.3076432574942,2.9914103283322513e-111
4942,4153694,502.3076432574942,2.9914103283322513e-111
4943,4054550,502.3076432574942,2.9914103283322513e-111
4944,4153362,502.3076432574942,2.9914103283322513e-111
4945,377604,502.3076432574942,2.9914103283322513e-111
4946,438386,502.3076432574942,2.9914103283322513e-111
4947,40483183,502.3076432574942,2.9914103283322513e-111
4948,440140,502.3076432574942,2.9914103283322513e-111
4949,4208199,502.3076432574942,2.9914103283322513e-111
4950,4058354,502.3076432574942,2.9914103283322513e-111
4951,433515,502.3076432574942,2.9914103283322513e-111
4952,4046500,502.3076432574942,2.9914103283322513e-111
4953,80951,502.3076432574942,2.9914103283322513e-111
4954,4128532,502.3076432574942,2.9914103283322513e-111
4955,45766911,502.3076432574942,2.9914103283322513e-111
4956,46270395,502.3076432574942,2.9914103283322513e-111
4957,378679,502.3076432574942,2.9914103283322513e-111
4958,37208015,502.3076432574942,2.9914103283322513e-111
4959,4083695,502.3076432574942,2.9914103283322513e-111
4960,435626,502.3076432574942,2.9914103283322513e-111
4961,378265,502.3076432574942,2.9914103283322513e-111
4962,4114439,502.3076432574942,2.9914103283322513e-111
4963,313005,502.3076432574942,2.9914103283322513e-111
4964,4003188,502.3076432574942,2.9914103283322513e-111
4965,4136565,502.3076432574942,2.9914103283322513e-111
4966,37111384,502.3076432574942,2.9914103283322513e-111
4967,373215,502.3076432574942,2.9914103283322513e-111
4968,432262,502.3076432574942,2.9914103283322513e-111
4969,4151098,502.3076432574942,2.9914103283322513e-111
4970,4134337,502.3076432574942,2.9914103283322513e-111
4971,45772704,502.3076432574942,2.9914103283322513e-111
4972,135778,502.3076432574942,2.9914103283322513e-111
4973,4108526,502.3076432574942,2.9914103283322513e-111
4974,4038772,502.3076432574942,2.9914103283322513e-111
4975,441153,502.3076432574942,2.9914103283322513e-111
4976,4090616,502.3076432574942,2.9914103283322513e-111
4977,4186433,502.3076432574942,2.9914103283322513e-111
4978,436043,502.3076432574942,2.9914103283322513e-111
4979,4095793,502.3076432574942,2.9914103283322513e-111
4980,433288,502.3076432574942,2.9914103283322513e-111
4981,435904,502.3076432574942,2.9914103283322513e-111
4982,4000963,502.3076432574942,2.9914103283322513e-111
4983,381504,502.3076432574942,2.9914103283322513e-111
4984,45757738,502.3076432574942,2.9914103283322513e-111
4985,439216,502.3076432574942,2.9914103283322513e-111
4986,74399,502.3076432574942,2.9914103283322513e-111
4987,432522,502.3076432574942,2.9914103283322513e-111
4988,40420291,502.3076432574942,2.9914103283322513e-111
4989,79804,502.3076432574942,2.9914103283322513e-111
4990,4247802,502.3076432574942,2.9914103283322513e-111
4991,4181199,502.3076432574942,2.9914103283322513e-111
4992,377868,502.3076432574942,2.9914103283322513e-111
4993,40489366,502.3076432574942,2.9914103283322513e-111
4994,40490403,502.3076432574942,2.9914103283322513e-111
4995,79884,502.3076432574942,2.9914103283322513e-111
4996,40479241,502.3076432574942,2.9914103283322513e-111
4997,432463,502.3076432574942,2.9914103283322513e-111
4998,4058207,502.3076432574942,2.9914103283322513e-111
4999,440228,502.3076432574942,2.9914103283322513e-111
5000,4136714,502.3076432574942,2.9914103283322513e-111
5001,374345,502.3076432574942,2.9914103283322513e-111
5002,4298207,502.3076432574942,2.9914103283322513e-111
5003,4337263,502.3076432574942,2.9914103283322513e-111
5004,443617,502.3076432574942,2.9914103283322513e-111
5005,432860,502.3076432574942,2.9914103283322513e-111
5006,439404,502.3076432574942,2.9914103283322513e-111
5007,4039212,502.3076432574942,2.9914103283322513e-111
5008,256146,502.3076432574942,2.9914103283322513e-111
5009,444297,502.3076432574942,2.9914103283322513e-111
5010,4129406,502.3076432574942,2.9914103283322513e-111
5011,45769830,502.3076432574942,2.9914103283322513e-111
5012,432302,502.3076432574942,2.9914103283322513e-111
5013,4062405,502.3076432574942,2.9914103283322513e-111
5014,76255,502.3076432574942,2.9914103283322513e-111
5015,40480946,502.3076432574942,2.9914103283322513e-111
5016,440370,502.3076432574942,2.9914103283322513e-111
5017,441607,502.3076432574942,2.9914103283322513e-111
5018,31668,502.3076432574942,2.9914103283322513e-111
5019,40485064,502.3076432574942,2.9914103283322513e-111
5020,36685232,502.3076432574942,2.9914103283322513e-111
5021,4210005,502.3076432574942,2.9914103283322513e-111
5022,4181877,502.3076432574942,2.9914103283322513e-111
5023,4275292,502.3076432574942,2.9914103283322513e-111
5024,4086438,502.3076432574942,2.9914103283322513e-111
5025,40489909,502.3076432574942,2.9914103283322513e-111
5026,441191,502.3076432574942,2.9914103283322513e-111
5027,437241,502.3076432574942,2.9914103283322513e-111
5028,441277,502.3076432574942,2.9914103283322513e-111
5029,4209845,502.3076432574942,2.9914103283322513e-111
5030,40479572,502.3076432574942,2.9914103283322513e-111
5031,46271459,502.3076432574942,2.9914103283322513e-111
5032,4173078,502.3076432574942,2.9914103283322513e-111
5033,378840,502.3076432574942,2.9914103283322513e-111
5034,437834,502.3076432574942,2.9914103283322513e-111
5035,4051440,502.3076432574942,2.9914103283322513e-111
5036,199073,502.3076432574942,2.9914103283322513e-111
5037,4053838,502.3076432574942,2.9914103283322513e-111
5038,4151529,502.3076432574942,2.9914103283322513e-111
5039,4181187,502.3076432574942,2.9914103283322513e-111
5040,4338117,502.3076432574942,2.9914103283322513e-111
5041,40480875,502.3076432574942,2.9914103283322513e-111
5042,382014,502.3076432574942,2.9914103283322513e-111
5043,4092910,502.3076432574942,2.9914103283322513e-111
5044,193308,502.3076432574942,2.9914103283322513e-111
5045,4113600,502.3076432574942,2.9914103283322513e-111
5046,4237920,502.3076432574942,2.9914103283322513e-111
5047,4297098,502.3076432574942,2.9914103283322513e-111
5048,36715604,502.3076432574942,2.9914103283322513e-111
5049,4303970,502.3076432574942,2.9914103283322513e-111
5050,4187356,502.3076432574942,2.9914103283322513e-111
5051,37207939,502.3076432574942,2.9914103283322513e-111
5052,4016358,502.3076432574942,2.9914103283322513e-111
5053,4151679,502.3076432574942,2.9914103283322513e-111
5054,46271951,502.3076432574942,2.9914103283322513e-111
5055,4083371,502.3076432574942,2.9914103283322513e-111
5056,4069806,502.3076432574942,2.9914103283322513e-111
5057,46270399,502.3076432574942,2.9914103283322513e-111
5058,4146942,502.3076432574942,2.9914103283322513e-111
5059,436430,502.3076432574942,2.9914103283322513e-111
5060,4110194,502.3076432574942,2.9914103283322513e-111
5061,441655,502.3076432574942,2.9914103283322513e-111
5062,4239812,502.3076432574942,2.9914103283322513e-111
5063,440508,502.3076432574942,2.9914103283322513e-111
5064,4056479,502.3076432574942,2.9914103283322513e-111
5065,36712963,502.3076432574942,2.9914103283322513e-111
5066,4115830,502.3076432574942,2.9914103283322513e-111
5067,76784,502.3076432574942,2.9914103283322513e-111
5068,194394,502.3076432574942,2.9914103283322513e-111
5069,4122178,502.3076432574942,2.9914103283322513e-111
5070,4033296,502.3076432574942,2.9914103283322513e-111
5071,440700,502.3076432574942,2.9914103283322513e-111
5072,79732,502.3076432574942,2.9914103283322513e-111
5073,438066,502.3076432574942,2.9914103283322513e-111
5074,76500,502.3076432574942,2.9914103283322513e-111
5075,314457,502.3076432574942,2.9914103283322513e-111
5076,377884,502.3076432574942,2.9914103283322513e-111
5077,4062972,502.3076432574942,2.9914103283322513e-111
5078,37115756,502.3076432574942,2.9914103283322513e-111
5079,4338893,502.3076432574942,2.9914103283322513e-111
5080,4033501,502.3076432574942,2.9914103283322513e-111
5081,4243120,502.3076432574942,2.9914103283322513e-111
5082,4045633,502.3076432574942,2.9914103283322513e-111
5083,4151833,502.3076432574942,2.9914103283322513e-111
5084,4066820,502.3076432574942,2.9914103283322513e-111
5085,437754,502.3076432574942,2.9914103283322513e-111
5086,4098597,502.3076432574942,2.9914103283322513e-111
5087,4035438,502.3076432574942,2.9914103283322513e-111
5088,199859,502.3076432574942,2.9914103283322513e-111
5089,45769351,502.3076432574942,2.9914103283322513e-111
5090,377802,502.3076432574942,2.9914103283322513e-111
5091,195587,502.3076432574942,2.9914103283322513e-111
5092,197924,502.3076432574942,2.9914103283322513e-111
5093,192735,502.3076432574942,2.9914103283322513e-111
5094,45757303,502.3076432574942,2.9914103283322513e-111
5095,40480416,502.3076432574942,2.9914103283322513e-111
5096,40481376,502.3076432574942,2.9914103283322513e-111
5097,42535425,502.3076432574942,2.9914103283322513e-111
5098,317510,502.3076432574942,2.9914103283322513e-111
5099,440377,502.3076432574942,2.9914103283322513e-111
5100,4121463,502.3076432574942,2.9914103283322513e-111
5101,4167984,502.3076432574942,2.9914103283322513e-111
5102,4208980,502.3076432574942,2.9914103283322513e-111
5103,36715619,502.3076432574942,2.9914103283322513e-111
5104,40480514,502.3076432574942,2.9914103283322513e-111
5105,4216406,502.3076432574942,2.9914103283322513e-111
5106,201345,502.3076432574942,2.9914103283322513e-111
5107,313800,502.3076432574942,2.9914103283322513e-111
5108,4087151,502.3076432574942,2.9914103283322513e-111
5109,135750,502.3076432574942,2.9914103283322513e-111
5110,46269851,502.3076432574942,2.9914103283322513e-111
5111,373775,502.3076432574942,2.9914103283322513e-111
5112,4316619,502.3076432574942,2.9914103283322513e-111
5113,378420,502.3076432574942,2.9914103283322513e-111
5114,45766114,502.3076432574942,2.9914103283322513e-111
5115,44782549,502.3076432574942,2.9914103283322513e-111
5116,37207984,502.3076432574942,2.9914103283322513e-111
5117,376979,502.3076432574942,2.9914103283322513e-111
5118,4226266,502.3076432574942,2.9914103283322513e-111
5119,4299094,502.3076432574942,2.9914103283322513e-111
5120,43530686,502.3076432574942,2.9914103283322513e-111
5121,4243445,502.3076432574942,2.9914103283322513e-111
5122,436900,502.3076432574942,2.9914103283322513e-111
5123,4284492,502.3076432574942,2.9914103283322513e-111
5124,4312477,502.3076432574942,2.9914103283322513e-111
5125,4168553,502.3076432574942,2.9914103283322513e-111
5126,4115182,502.3076432574942,2.9914103283322513e-111
5127,4275433,502.3076432574942,2.9914103283322513e-111
5128,4141284,502.3076432574942,2.9914103283322513e-111
5129,378434,502.3076432574942,2.9914103283322513e-111
5130,46269875,502.3076432574942,2.9914103283322513e-111
5131,4331739,502.3076432574942,2.9914103283322513e-111
5132,37397422,502.3076432574942,2.9914103283322513e-111
5133,4001455,502.3076432574942,2.9914103283322513e-111
5134,43530819,502.3076432574942,2.9914103283322513e-111
5135,40602337,502.3076432574942,2.9914103283322513e-111
5136,37207929,502.3076432574942,2.9914103283322513e-111
5137,4299440,502.3076432574942,2.9914103283322513e-111
5138,4055748,502.3076432574942,2.9914103283322513e-111
5139,81099,502.3076432574942,2.9914103283322513e-111
5140,4001627,502.3076432574942,2.9914103283322513e-111
5141,4088757,502.3076432574942,2.9914103283322513e-111
5142,4001628,502.3076432574942,2.9914103283322513e-111
5143,45763823,502.3076432574942,2.9914103283322513e-111
5144,441108,502.3076432574942,2.9914103283322513e-111
5145,444038,502.3076432574942,2.9914103283322513e-111
5146,4280580,502.3076432574942,2.9914103283322513e-111
5147,434512,502.3076432574942,2.9914103283322513e-111
5148,76207,502.3076432574942,2.9914103283322513e-111
5149,4160571,502.3076432574942,2.9914103283322513e-111
5150,4041682,502.3076432574942,2.9914103283322513e-111
5151,40547222,502.3076432574942,2.9914103283322513e-111
5152,440971,502.3076432574942,2.9914103283322513e-111
5153,195009,502.3076432574942,2.9914103283322513e-111
5154,200052,502.3076432574942,2.9914103283322513e-111
5155,435397,502.3076432574942,2.9914103283322513e-111
5156,137991,502.3076432574942,2.9914103283322513e-111
5157,201891,502.3076432574942,2.9914103283322513e-111
5158,441067,502.3076432574942,2.9914103283322513e-111
5159,4024013,502.3076432574942,2.9914103283322513e-111
5160,45763824,502.3076432574942,2.9914103283322513e-111
5161,198797,502.3076432574942,2.9914103283322513e-111
5162,4117771,502.3076432574942,2.9914103283322513e-111
5163,4028074,502.3076432574942,2.9914103283322513e-111
5164,46269883,502.3076432574942,2.9914103283322513e-111
5165,46274073,502.3076432574942,2.9914103283322513e-111
5166,134222,502.3076432574942,2.9914103283322513e-111
5167,4216493,502.3076432574942,2.9914103283322513e-111
5168,4194050,502.3076432574942,2.9914103283322513e-111
5169,37116608,502.3076432574942,2.9914103283322513e-111
5170,4009506,502.3076432574942,2.9914103283322513e-111
5171,201352,502.3076432574942,2.9914103283322513e-111
5172,377552,502.3076432574942,2.9914103283322513e-111
5173,45767625,502.3076432574942,2.9914103283322513e-111
5174,432843,502.3076432574942,2.9914103283322513e-111
5175,376419,502.3076432574942,2.9914103283322513e-111
5176,192675,502.3076432574942,2.9914103283322513e-111
5177,259992,502.3076432574942,2.9914103283322513e-111
5178,4090114,502.3076432574942,2.9914103283322513e-111
5179,381445,502.3076432574942,2.9914103283322513e-111
5180,443458,502.3076432574942,2.9914103283322513e-111
5181,4101452,502.3076432574942,2.9914103283322513e-111
5182,4067766,502.3076432574942,2.9914103283322513e-111
5183,4011012,502.3076432574942,2.9914103283322513e-111
5184,194586,502.3076432574942,2.9914103283322513e-111
5185,4028571,502.3076432574942,2.9914103283322513e-111
5186,4201532,502.3076432574942,2.9914103283322513e-111
5187,4178300,502.3076432574942,2.9914103283322513e-111
5188,382034,502.3076432574942,2.9914103283322513e-111
5189,76508,502.3076432574942,2.9914103283322513e-111
5190,315586,502.3076432574942,2.9914103283322513e-111
5191,200831,502.3076432574942,2.9914103283322513e-111
5192,4196024,502.3076432574942,2.9914103283322513e-111
5193,435298,502.3076432574942,2.9914103283322513e-111
5194,4338362,502.3076432574942,2.9914103283322513e-111
5195,434319,502.3076432574942,2.9914103283322513e-111
5196,134608,502.3076432574942,2.9914103283322513e-111
5197,4108475,502.3076432574942,2.9914103283322513e-111
5198,4146088,502.3076432574942,2.9914103283322513e-111
5199,132321,502.3076432574942,2.9914103283322513e-111
5200,432920,502.3076432574942,2.9914103283322513e-111
5201,373756,502.3076432574942,2.9914103283322513e-111
5202,436652,502.3076432574942,2.9914103283322513e-111
5203,4102342,502.3076432574942,2.9914103283322513e-111
5204,378163,502.3076432574942,2.9914103283322513e-111
5205,4245385,502.3076432574942,2.9914103283322513e-111
5206,35624320,502.3076432574942,2.9914103283322513e-111
5207,4163899,502.3076432574942,2.9914103283322513e-111
5208,4057494,502.3076432574942,2.9914103283322513e-111
5209,197605,502.3076432574942,2.9914103283322513e-111
5210,438310,502.3076432574942,2.9914103283322513e-111
5211,4299505,502.3076432574942,2.9914103283322513e-111
5212,4084168,502.3076432574942,2.9914103283322513e-111
5213,72413,502.3076432574942,2.9914103283322513e-111
5214,4056714,502.3076432574942,2.9914103283322513e-111
5215,4057176,502.3076432574942,2.9914103283322513e-111
5216,4047755,502.3076432574942,2.9914103283322513e-111
5217,199771,502.3076432574942,2.9914103283322513e-111
5218,37209395,502.3076432574942,2.9914103283322513e-111
5219,4087597,502.3076432574942,2.9914103283322513e-111
5220,78574,502.3076432574942,2.9914103283322513e-111
5221,4066470,502.3076432574942,2.9914103283322513e-111
5222,439219,502.3076432574942,2.9914103283322513e-111
5223,4030049,502.3076432574942,2.9914103283322513e-111
5224,434314,502.3076432574942,2.9914103283322513e-111
5225,135939,502.3076432574942,2.9914103283322513e-111
5226,4241473,502.3076432574942,2.9914103283322513e-111
5227,437854,502.3076432574942,2.9914103283322513e-111
5228,43021249,502.3076432574942,2.9914103283322513e-111
5229,45772094,502.3076432574942,2.9914103283322513e-111
5230,197927,502.3076432574942,2.9914103283322513e-111
5231,4222896,502.3076432574942,2.9914103283322513e-111
5232,380421,502.3076432574942,2.9914103283322513e-111
5233,201397,502.3076432574942,2.9914103283322513e-111
5234,193818,502.3076432574942,2.9914103283322513e-111
5235,759837,502.3076432574942,2.9914103283322513e-111
5236,252348,502.3076432574942,2.9914103283322513e-111
5237,4342640,502.3076432574942,2.9914103283322513e-111
5238,4162094,502.3076432574942,2.9914103283322513e-111
5239,4347296,502.3076432574942,2.9914103283322513e-111
5240,4062098,502.3076432574942,2.9914103283322513e-111
5241,45766781,502.3076432574942,2.9914103283322513e-111
5242,436585,502.3076432574942,2.9914103283322513e-111
5243,441177,502.3076432574942,2.9914103283322513e-111
5244,4182522,502.3076432574942,2.9914103283322513e-111
5245,255304,502.3076432574942,2.9914103283322513e-111
5246,4116778,502.3076432574942,2.9914103283322513e-111
5247,443082,502.3076432574942,2.9914103283322513e-111
5248,4190773,502.3076432574942,2.9914103283322513e-111
5249,4047124,502.3076432574942,2.9914103283322513e-111
5250,74606,502.3076432574942,2.9914103283322513e-111
5251,132575,502.3076432574942,2.9914103283322513e-111
5252,436086,502.3076432574942,2.9914103283322513e-111
5253,432838,502.3076432574942,2.9914103283322513e-111
5254,4147016,502.3076432574942,2.9914103283322513e-111
5255,80496,502.3076432574942,2.9914103283322513e-111
5256,4077904,502.3076432574942,2.9914103283322513e-111
5257,4144316,502.3076432574942,2.9914103283322513e-111
5258,4019836,502.3076432574942,2.9914103283322513e-111
5259,4289321,502.3076432574942,2.9914103283322513e-111
5260,45766920,502.3076432574942,2.9914103283322513e-111
5261,4134330,502.3076432574942,2.9914103283322513e-111
5262,4058840,502.3076432574942,2.9914103283322513e-111
5263,37116530,502.3076432574942,2.9914103283322513e-111
5264,440367,502.3076432574942,2.9914103283322513e-111
5265,436664,502.3076432574942,2.9914103283322513e-111
5266,378144,502.3076432574942,2.9914103283322513e-111
5267,4208815,502.3076432574942,2.9914103283322513e-111
5268,139970,502.3076432574942,2.9914103283322513e-111
5269,433915,502.3076432574942,2.9914103283322513e-111
5270,4198433,502.3076432574942,2.9914103283322513e-111
5271,196162,502.3076432574942,2.9914103283322513e-111
5272,35626039,502.3076432574942,2.9914103283322513e-111
5273,373166,502.3076432574942,2.9914103283322513e-111
5274,44784134,502.3076432574942,2.9914103283322513e-111
5275,4304010,502.3076432574942,2.9914103283322513e-111
5276,25518,502.3076432574942,2.9914103283322513e-111
5277,4156114,502.3076432574942,2.9914103283322513e-111
5278,4039744,502.3076432574942,2.9914103283322513e-111
5279,443541,502.3076432574942,2.9914103283322513e-111
5280,134760,502.3076432574942,2.9914103283322513e-111
5281,4150173,502.3076432574942,2.9914103283322513e-111
5282,4012447,502.3076432574942,2.9914103283322513e-111
5283,4125496,502.3076432574942,2.9914103283322513e-111
5284,4146087,502.3076432574942,2.9914103283322513e-111
5285,4328365,502.3076432574942,2.9914103283322513e-111
5286,40482713,502.3076432574942,2.9914103283322513e-111
5287,4107674,502.3076432574942,2.9914103283322513e-111
5288,4101639,502.3076432574942,2.9914103283322513e-111
5289,4135094,502.3076432574942,2.9914103283322513e-111
5290,381583,502.3076432574942,2.9914103283322513e-111
5291,437515,502.3076432574942,2.9914103283322513e-111
5292,195301,502.3076432574942,2.9914103283322513e-111
5293,193448,502.3076432574942,2.9914103283322513e-111
5294,23731,502.3076432574942,2.9914103283322513e-111
5295,201622,502.3076432574942,2.9914103283322513e-111
5296,4280657,502.3076432574942,2.9914103283322513e-111
5297,441032,502.3076432574942,2.9914103283322513e-111
5298,4092616,502.3076432574942,2.9914103283322513e-111
5299,439277,502.3076432574942,2.9914103283322513e-111
5300,44782446,502.3076432574942,2.9914103283322513e-111
5301,260759,502.3076432574942,2.9914103283322513e-111
5302,40480943,502.3076432574942,2.9914103283322513e-111
5303,4237315,502.3076432574942,2.9914103283322513e-111
5304,4096643,502.3076432574942,2.9914103283322513e-111
5305,40483811,502.3076432574942,2.9914103283322513e-111
5306,80861,502.3076432574942,2.9914103283322513e-111
5307,4294393,502.3076432574942,2.9914103283322513e-111
5308,135349,502.3076432574942,2.9914103283322513e-111
5309,137800,502.3076432574942,2.9914103283322513e-111
5310,37208043,502.3076432574942,2.9914103283322513e-111
5311,4184109,502.3076432574942,2.9914103283322513e-111
5312,380975,502.3076432574942,2.9914103283322513e-111
5313,133013,502.3076432574942,2.9914103283322513e-111
5314,4246656,502.3076432574942,2.9914103283322513e-111
5315,141662,502.3076432574942,2.9914103283322513e-111
5316,40480066,502.3076432574942,2.9914103283322513e-111
5317,40492697,502.3076432574942,2.9914103283322513e-111
5318,4105930,502.3076432574942,2.9914103283322513e-111
5319,4215809,502.3076432574942,2.9914103283322513e-111
5320,438171,502.3076432574942,2.9914103283322513e-111
5321,441800,502.3076432574942,2.9914103283322513e-111
5322,435799,502.3076432574942,2.9914103283322513e-111
5323,436675,502.3076432574942,2.9914103283322513e-111
5324,4335739,502.3076432574942,2.9914103283322513e-111
5325,4289543,502.3076432574942,2.9914103283322513e-111
5326,4134322,502.3076432574942,2.9914103283322513e-111
5327,4194893,502.3076432574942,2.9914103283322513e-111
5328,4166901,502.3076432574942,2.9914103283322513e-111
5329,4099889,502.3076432574942,2.9914103283322513e-111
5330,376026,502.3076432574942,2.9914103283322513e-111
5331,435205,502.3076432574942,2.9914103283322513e-111
5332,436812,502.3076432574942,2.9914103283322513e-111
5333,4247597,502.3076432574942,2.9914103283322513e-111
5334,4115208,502.3076432574942,2.9914103283322513e-111
5335,4218991,502.3076432574942,2.9914103283322513e-111
5336,432345,502.3076432574942,2.9914103283322513e-111
5337,4174892,502.3076432574942,2.9914103283322513e-111
5338,78769,502.3076432574942,2.9914103283322513e-111
5339,4253627,502.3076432574942,2.9914103283322513e-111
5340,434872,502.3076432574942,2.9914103283322513e-111
5341,4319328,502.3076432574942,2.9914103283322513e-111
5342,45766837,502.3076432574942,2.9914103283322513e-111
5343,4085248,502.3076432574942,2.9914103283322513e-111
5344,4196401,502.3076432574942,2.9914103283322513e-111
5345,4266794,502.3076432574942,2.9914103283322513e-111
5346,437110,502.3076432574942,2.9914103283322513e-111
5347,79119,502.3076432574942,2.9914103283322513e-111
5348,437979,502.3076432574942,2.9914103283322513e-111
5349,4115360,502.3076432574942,2.9914103283322513e-111
5350,319047,502.3076432574942,2.9914103283322513e-111
5351,40481357,502.3076432574942,2.9914103283322513e-111
5352,4166131,502.3076432574942,2.9914103283322513e-111
5353,4054857,502.3076432574942,2.9914103283322513e-111
5354,201823,502.3076432574942,2.9914103283322513e-111
5355,4043382,502.3076432574942,2.9914103283322513e-111
5356,4044745,502.3076432574942,2.9914103283322513e-111
5357,374023,502.3076432574942,2.9914103283322513e-111
5358,45757330,502.3076432574942,2.9914103283322513e-111
5359,4112024,502.3076432574942,2.9914103283322513e-111
5360,4059585,502.3076432574942,2.9914103283322513e-111
5361,440820,502.3076432574942,2.9914103283322513e-111
5362,77812,502.3076432574942,2.9914103283322513e-111
5363,192298,502.3076432574942,2.9914103283322513e-111
5364,372599,502.3076432574942,2.9914103283322513e-111
5365,4150300,502.3076432574942,2.9914103283322513e-111
5366,137626,502.3076432574942,2.9914103283322513e-111
5367,4084868,502.3076432574942,2.9914103283322513e-111
5368,443631,502.3076432574942,2.9914103283322513e-111
5369,72421,502.3076432574942,2.9914103283322513e-111
5370,44783858,502.3076432574942,2.9914103283322513e-111
5371,4169568,502.3076432574942,2.9914103283322513e-111
5372,376978,502.3076432574942,2.9914103283322513e-111
5373,434638,502.3076432574942,2.9914103283322513e-111
5374,81383,502.3076432574942,2.9914103283322513e-111
5375,4081461,502.3076432574942,2.9914103283322513e-111
5376,4218146,502.3076432574942,2.9914103283322513e-111
5377,4168318,502.3076432574942,2.9914103283322513e-111
5378,46269878,502.3076432574942,2.9914103283322513e-111
5379,46269885,502.3076432574942,2.9914103283322513e-111
5380,438407,502.3076432574942,2.9914103283322513e-111
5381,438244,502.3076432574942,2.9914103283322513e-111
5382,260336,502.3076432574942,2.9914103283322513e-111
5383,193262,502.3076432574942,2.9914103283322513e-111
5384,4055369,502.3076432574942,2.9914103283322513e-111
5385,78586,502.3076432574942,2.9914103283322513e-111
5386,4220618,502.3076432574942,2.9914103283322513e-111
5387,377539,502.3076432574942,2.9914103283322513e-111
5388,195195,502.3076432574942,2.9914103283322513e-111
5389,4165404,502.3076432574942,2.9914103283322513e-111
5390,40483351,502.3076432574942,2.9914103283322513e-111
5391,4058347,502.3076432574942,2.9914103283322513e-111
5392,46270465,502.3076432574942,2.9914103283322513e-111
5393,36712949,502.3076432574942,2.9914103283322513e-111
5394,4170421,502.3076432574942,2.9914103283322513e-111
5395,4014066,502.3076432574942,2.9914103283322513e-111
5396,433413,502.3076432574942,2.9914103283322513e-111
5397,435751,502.3076432574942,2.9914103283322513e-111
5398,4194856,502.3076432574942,2.9914103283322513e-111
5399,44784341,502.3076432574942,2.9914103283322513e-111
5400,45766764,502.3076432574942,2.9914103283322513e-111
5401,4297304,502.3076432574942,2.9914103283322513e-111
5402,438658,502.3076432574942,2.9914103283322513e-111
5403,443802,502.3076432574942,2.9914103283322513e-111
5404,40483848,502.3076432574942,2.9914103283322513e-111
5405,40483849,502.3076432574942,2.9914103283322513e-111
5406,433768,502.3076432574942,2.9914103283322513e-111
5407,4151680,502.3076432574942,2.9914103283322513e-111
5408,46270471,502.3076432574942,2.9914103283322513e-111
5409,377271,502.3076432574942,2.9914103283322513e-111
5410,197751,502.3076432574942,2.9914103283322513e-111
5411,437238,502.3076432574942,2.9914103283322513e-111
5412,439672,502.3076432574942,2.9914103283322513e-111
5413,75689,502.3076432574942,2.9914103283322513e-111
5414,435232,502.3076432574942,2.9914103283322513e-111
5415,321320,502.3076432574942,2.9914103283322513e-111
5416,441928,502.3076432574942,2.9914103283322513e-111
5417,79172,502.3076432574942,2.9914103283322513e-111
5418,46271074,502.3076432574942,2.9914103283322513e-111
5419,4254512,502.3076432574942,2.9914103283322513e-111
5420,4045976,502.3076432574942,2.9914103283322513e-111
5421,4187364,502.3076432574942,2.9914103283322513e-111
5422,4132083,502.3076432574942,2.9914103283322513e-111
5423,80946,502.3076432574942,2.9914103283322513e-111
5424,4142060,502.3076432574942,2.9914103283322513e-111
5425,4164349,502.3076432574942,2.9914103283322513e-111
5426,4046360,502.3076432574942,2.9914103283322513e-111
5427,45766823,502.3076432574942,2.9914103283322513e-111
5428,45769863,502.3076432574942,2.9914103283322513e-111
5429,440919,502.3076432574942,2.9914103283322513e-111
5430,4266330,502.3076432574942,2.9914103283322513e-111
5431,439408,502.3076432574942,2.9914103283322513e-111
5432,81665,502.3076432574942,2.9914103283322513e-111
5433,4229897,502.3076432574942,2.9914103283322513e-111
5434,4316222,502.3076432574942,2.9914103283322513e-111
5435,377272,502.3076432574942,2.9914103283322513e-111
5436,134141,502.3076432574942,2.9914103283322513e-111
5437,437693,502.3076432574942,2.9914103283322513e-111
5438,4013605,502.3076432574942,2.9914103283322513e-111
5439,44782754,502.3076432574942,2.9914103283322513e-111
5440,4022076,502.3076432574942,2.9914103283322513e-111
5441,4003177,502.3076432574942,2.9914103283322513e-111
5442,4343935,502.3076432574942,2.9914103283322513e-111
5443,26719,502.3076432574942,2.9914103283322513e-111
5444,374037,502.3076432574942,2.9914103283322513e-111
5445,36684822,502.3076432574942,2.9914103283322513e-111
5446,372316,502.3076432574942,2.9914103283322513e-111
5447,439298,502.3076432574942,2.9914103283322513e-111
5448,4151832,502.3076432574942,2.9914103283322513e-111
5449,432962,502.3076432574942,2.9914103283322513e-111
5450,137829,502.3076432574942,2.9914103283322513e-111
5451,4113451,502.3076432574942,2.9914103283322513e-111
5452,4147183,502.3076432574942,2.9914103283322513e-111
5453,442781,502.3076432574942,2.9914103283322513e-111
5454,4146517,502.3076432574942,2.9914103283322513e-111
5455,4240913,502.3076432574942,2.9914103283322513e-111
5456,36715573,502.3076432574942,2.9914103283322513e-111
5457,133926,502.3076432574942,2.9914103283322513e-111
5458,4052690,502.3076432574942,2.9914103283322513e-111
5459,4014368,502.3076432574942,2.9914103283322513e-111
5460,4151528,502.3076432574942,2.9914103283322513e-111
5461,46270529,502.3076432574942,2.9914103283322513e-111
5462,72994,502.3076432574942,2.9914103283322513e-111
5463,254387,502.3076432574942,2.9914103283322513e-111
5464,4168693,502.3076432574942,2.9914103283322513e-111
5465,46270416,502.3076432574942,2.9914103283322513e-111
5466,4239337,502.3076432574942,2.9914103283322513e-111
5467,261895,502.3076432574942,2.9914103283322513e-111
5468,4344397,502.3076432574942,2.9914103283322513e-111
5469,4014199,502.3076432574942,2.9914103283322513e-111
5470,436996,502.3076432574942,2.9914103283322513e-111
5471,4046100,502.3076432574942,2.9914103283322513e-111
5472,4116928,502.3076432574942,2.9914103283322513e-111
5473,4093475,502.3076432574942,2.9914103283322513e-111
5474,35610328,502.3076432574942,2.9914103283322513e-111
5475,36684820,502.3076432574942,2.9914103283322513e-111
5476,437221,502.3076432574942,2.9914103283322513e-111
5477,4252885,502.3076432574942,2.9914103283322513e-111
5478,4035269,502.3076432574942,2.9914103283322513e-111
5479,320798,502.3076432574942,2.9914103283322513e-111
5480,436641,502.3076432574942,2.9914103283322513e-111
5481,439797,502.3076432574942,2.9914103283322513e-111
5482,441946,502.3076432574942,2.9914103283322513e-111
5483,4279548,502.3076432574942,2.9914103283322513e-111
5484,4050101,502.3076432574942,2.9914103283322513e-111
5485,4028939,502.3076432574942,2.9914103283322513e-111
5486,141648,502.3076432574942,2.9914103283322513e-111
5487,4242241,502.3076432574942,2.9914103283322513e-111
5488,137054,502.3076432574942,2.9914103283322513e-111
5489,441852,502.3076432574942,2.9914103283322513e-111
5490,432961,502.3076432574942,2.9914103283322513e-111
5491,433938,502.3076432574942,2.9914103283322513e-111
5492,4111413,502.3076432574942,2.9914103283322513e-111
5493,201388,502.3076432574942,2.9914103283322513e-111
5494,441394,502.3076432574942,2.9914103283322513e-111
5495,443736,502.3076432574942,2.9914103283322513e-111
5496,4040379,502.3076432574942,2.9914103283322513e-111
5497,46270365,502.3076432574942,2.9914103283322513e-111
5498,4111861,502.3076432574942,2.9914103283322513e-111
5499,4155195,502.3076432574942,2.9914103283322513e-111
5500,76790,502.3076432574942,2.9914103283322513e-111
5501,4120388,502.3076432574942,2.9914103283322513e-111
5502,375549,502.3076432574942,2.9914103283322513e-111
5503,4317685,502.3076432574942,2.9914103283322513e-111
5504,4151635,502.3076432574942,2.9914103283322513e-111
5505,36717312,502.3076432574942,2.9914103283322513e-111
5506,435086,502.3076432574942,2.9914103283322513e-111
5507,4079282,502.3076432574942,2.9914103283322513e-111
5508,40492458,502.3076432574942,2.9914103283322513e-111
5509,138117,502.3076432574942,2.9914103283322513e-111
5510,37310603,502.3076432574942,2.9914103283322513e-111
5511,4296627,502.3076432574942,2.9914103283322513e-111
5512,201125,502.3076432574942,2.9914103283322513e-111
5513,436837,502.3076432574942,2.9914103283322513e-111
5514,4045737,502.3076432574942,2.9914103283322513e-111
5515,46269886,502.3076432574942,2.9914103283322513e-111
5516,4006964,502.3076432574942,2.9914103283322513e-111
5517,433080,502.3076432574942,2.9914103283322513e-111
5518,4009035,502.3076432574942,2.9914103283322513e-111
5519,433777,502.3076432574942,2.9914103283322513e-111
5520,436042,502.3076432574942,2.9914103283322513e-111
5521,4247084,502.3076432574942,2.9914103283322513e-111
5522,36716599,502.3076432574942,2.9914103283322513e-111
5523,138501,502.3076432574942,2.9914103283322513e-111
5524,433417,502.3076432574942,2.9914103283322513e-111
5525,321710,502.3076432574942,2.9914103283322513e-111
5526,443411,502.3076432574942,2.9914103283322513e-111
5527,440385,502.3076432574942,2.9914103283322513e-111
5528,4029423,502.3076432574942,2.9914103283322513e-111
5529,4117518,502.3076432574942,2.9914103283322513e-111
5530,434869,502.3076432574942,2.9914103283322513e-111
5531,46269881,502.3076432574942,2.9914103283322513e-111
5532,37205044,502.3076432574942,2.9914103283322513e-111
5533,75010,502.3076432574942,2.9914103283322513e-111
5534,4159524,502.3076432574942,2.9914103283322513e-111
5535,4215117,502.3076432574942,2.9914103283322513e-111
5536,194589,502.3076432574942,2.9914103283322513e-111
5537,40486896,502.3076432574942,2.9914103283322513e-111
5538,4094834,502.3076432574942,2.9914103283322513e-111
5539,201164,502.3076432574942,2.9914103283322513e-111
5540,4118909,502.3076432574942,2.9914103283322513e-111
5541,4308632,502.3076432574942,2.9914103283322513e-111
5542,46269799,502.3076432574942,2.9914103283322513e-111
5543,375272,502.3076432574942,2.9914103283322513e-111
5544,37207869,502.3076432574942,2.9914103283322513e-111
5545,4052966,502.3076432574942,2.9914103283322513e-111
5546,432904,502.3076432574942,2.9914103283322513e-111
5547,81670,502.3076432574942,2.9914103283322513e-111
5548,442157,502.3076432574942,2.9914103283322513e-111
5549,4038842,502.3076432574942,2.9914103283322513e-111
5550,197206,502.3076432574942,2.9914103283322513e-111
5551,4055610,502.3076432574942,2.9914103283322513e-111
5552,133737,502.3076432574942,2.9914103283322513e-111
5553,141666,502.3076432574942,2.9914103283322513e-111
5554,200837,502.3076432574942,2.9914103283322513e-111
5555,4176464,502.3076432574942,2.9914103283322513e-111
5556,4202682,502.3076432574942,2.9914103283322513e-111
5557,45766895,502.3076432574942,2.9914103283322513e-111
5558,40483613,502.3076432574942,2.9914103283322513e-111
5559,439807,502.3076432574942,2.9914103283322513e-111
5560,380725,502.3076432574942,2.9914103283322513e-111
5561,45757263,502.3076432574942,2.9914103283322513e-111
5562,138612,502.3076432574942,2.9914103283322513e-111
5563,46270467,502.3076432574942,2.9914103283322513e-111
5564,313007,502.3076432574942,2.9914103283322513e-111
5565,439730,502.3076432574942,2.9914103283322513e-111
5566,443176,502.3076432574942,2.9914103283322513e-111
5567,4109197,502.3076432574942,2.9914103283322513e-111
5568,4134317,502.3076432574942,2.9914103283322513e-111
5569,4146461,502.3076432574942,2.9914103283322513e-111
5570,45757661,502.3076432574942,2.9914103283322513e-111
5571,4195585,502.3076432574942,2.9914103283322513e-111
5572,441016,502.3076432574942,2.9914103283322513e-111
5573,81695,502.3076432574942,2.9914103283322513e-111
5574,24602,502.3076432574942,2.9914103283322513e-111
5575,36684727,502.3076432574942,2.9914103283322513e-111
5576,380534,502.3076432574942,2.9914103283322513e-111
5577,441558,502.3076432574942,2.9914103283322513e-111
5578,4153126,502.3076432574942,2.9914103283322513e-111
5579,37208037,502.3076432574942,2.9914103283322513e-111
5580,433987,502.3076432574942,2.9914103283322513e-111
5581,434920,502.3076432574942,2.9914103283322513e-111
5582,45757763,502.3076432574942,2.9914103283322513e-111
5583,4095598,502.3076432574942,2.9914103283322513e-111
5584,373160,502.3076432574942,2.9914103283322513e-111
5585,4311117,502.3076432574942,2.9914103283322513e-111
5586,46274069,502.3076432574942,2.9914103283322513e-111
5587,317577,502.3076432574942,2.9914103283322513e-111
5588,4150465,502.3076432574942,2.9914103283322513e-111
5589,440977,502.3076432574942,2.9914103283322513e-111
5590,442187,502.3076432574942,2.9914103283322513e-111
5591,198192,502.3076432574942,2.9914103283322513e-111
5592,4175167,502.3076432574942,2.9914103283322513e-111
5593,443525,502.3076432574942,2.9914103283322513e-111
5594,4225434,502.3076432574942,2.9914103283322513e-111
5595,194410,502.3076432574942,2.9914103283322513e-111
5596,45757306,502.3076432574942,2.9914103283322513e-111
5597,4152935,502.3076432574942,2.9914103283322513e-111
5598,4061839,502.3076432574942,2.9914103283322513e-111
5599,434300,502.3076432574942,2.9914103283322513e-111
5600,443629,502.3076432574942,2.9914103283322513e-111
5601,373216,502.3076432574942,2.9914103283322513e-111
5602,4247836,502.3076432574942,2.9914103283322513e-111
5603,4174369,502.3076432574942,2.9914103283322513e-111
5604,442749,502.3076432574942,2.9914103283322513e-111
5605,40481820,502.3076432574942,2.9914103283322513e-111
5606,200906,502.3076432574942,2.9914103283322513e-111
5607,315531,502.3076432574942,2.9914103283322513e-111
5608,4309320,502.3076432574942,2.9914103283322513e-111
5609,46269890,502.3076432574942,2.9914103283322513e-111
5610,4103534,502.3076432574942,2.9914103283322513e-111
5611,442010,502.3076432574942,2.9914103283322513e-111
5612,4180771,502.3076432574942,2.9914103283322513e-111
5613,4342896,502.3076432574942,2.9914103283322513e-111
5614,376402,502.3076432574942,2.9914103283322513e-111
5615,142004,502.3076432574942,2.9914103283322513e-111
5616,4050977,502.3076432574942,2.9914103283322513e-111
5617,4211974,502.3076432574942,2.9914103283322513e-111
5618,45757134,502.3076432574942,2.9914103283322513e-111
5619,373182,502.3076432574942,2.9914103283322513e-111
5620,23865,502.3076432574942,2.9914103283322513e-111
5621,4176892,502.3076432574942,2.9914103283322513e-111
5622,72991,502.3076432574942,2.9914103283322513e-111
5623,4115178,502.3076432574942,2.9914103283322513e-111
5624,81713,502.3076432574942,2.9914103283322513e-111
5625,4114427,502.3076432574942,2.9914103283322513e-111
5626,435284,502.3076432574942,2.9914103283322513e-111
5627,321414,502.3076432574942,2.9914103283322513e-111
5628,201801,502.3076432574942,2.9914103283322513e-111
5629,4246290,502.3076432574942,2.9914103283322513e-111
5630,200675,502.3076432574942,2.9914103283322513e-111
5631,4326601,502.3076432574942,2.9914103283322513e-111
5632,4149688,502.3076432574942,2.9914103283322513e-111
5633,4096769,502.3076432574942,2.9914103283322513e-111
5634,42535175,502.3076432574942,2.9914103283322513e-111
5635,4089968,502.3076432574942,2.9914103283322513e-111
5636,437860,502.3076432574942,2.9914103283322513e-111
5637,194985,502.3076432574942,2.9914103283322513e-111
5638,433885,502.3076432574942,2.9914103283322513e-111
5639,436403,502.3076432574942,2.9914103283322513e-111
5640,4147164,502.3076432574942,2.9914103283322513e-111
5641,81141,502.3076432574942,2.9914103283322513e-111
5642,4159164,502.3076432574942,2.9914103283322513e-111
5643,80493,502.3076432574942,2.9914103283322513e-111
5644,4325857,502.3076432574942,2.9914103283322513e-111
5645,4319604,502.3076432574942,2.9914103283322513e-111
5646,440637,502.3076432574942,2.9914103283322513e-111
5647,442564,502.3076432574942,2.9914103283322513e-111
5648,442753,502.3076432574942,2.9914103283322513e-111
5649,437726,502.3076432574942,2.9914103283322513e-111
5650,136865,502.3076432574942,2.9914103283322513e-111
5651,434674,502.3076432574942,2.9914103283322513e-111
5652,4244488,502.3076432574942,2.9914103283322513e-111
5653,4239656,502.3076432574942,2.9914103283322513e-111
5654,441805,502.3076432574942,2.9914103283322513e-111
5655,432919,502.3076432574942,2.9914103283322513e-111
5656,73366,502.3076432574942,2.9914103283322513e-111
5657,138029,502.3076432574942,2.9914103283322513e-111
5658,4134182,502.3076432574942,2.9914103283322513e-111
5659,4053654,502.3076432574942,2.9914103283322513e-111
5660,4109116,502.3076432574942,2.9914103283322513e-111
5661,76745,502.3076432574942,2.9914103283322513e-111
5662,4032277,502.3076432574942,2.9914103283322513e-111
5663,432287,502.3076432574942,2.9914103283322513e-111
5664,4307885,502.3076432574942,2.9914103283322513e-111
5665,40318195,502.3076432574942,2.9914103283322513e-111
5666,4152852,502.3076432574942,2.9914103283322513e-111
5667,4340941,502.3076432574942,2.9914103283322513e-111
5668,4064032,502.3076432574942,2.9914103283322513e-111
5669,440432,502.3076432574942,2.9914103283322513e-111
5670,4344638,502.3076432574942,2.9914103283322513e-111
5671,377862,502.3076432574942,2.9914103283322513e-111
5672,441011,502.3076432574942,2.9914103283322513e-111
5673,80576,502.3076432574942,2.9914103283322513e-111
5674,75946,502.3076432574942,2.9914103283322513e-111
5675,4317020,502.3076432574942,2.9914103283322513e-111
5676,195464,502.3076432574942,2.9914103283322513e-111
5677,4049461,502.3076432574942,2.9914103283322513e-111
5678,35626038,502.3076432574942,2.9914103283322513e-111
5679,37397432,502.3076432574942,2.9914103283322513e-111
5680,313791,502.3076432574942,2.9914103283322513e-111
5681,440323,502.3076432574942,2.9914103283322513e-111
5682,4106352,502.3076432574942,2.9914103283322513e-111
5683,4001119,502.3076432574942,2.9914103283322513e-111
5684,36717471,502.3076432574942,2.9914103283322513e-111
5685,377874,502.3076432574942,2.9914103283322513e-111
5686,4155032,502.3076432574942,2.9914103283322513e-111
5687,442256,502.3076432574942,2.9914103283322513e-111
5688,4092685,502.3076432574942,2.9914103283322513e-111
5689,438738,502.3076432574942,2.9914103283322513e-111
5690,46269880,502.3076432574942,2.9914103283322513e-111
5691,193210,502.3076432574942,2.9914103283322513e-111
5692,435254,502.3076432574942,2.9914103283322513e-111
5693,444234,502.3076432574942,2.9914103283322513e-111
5694,138292,502.3076432574942,2.9914103283322513e-111
5695,443551,502.3076432574942,2.9914103283322513e-111
5696,442087,502.3076432574942,2.9914103283322513e-111
5697,4100723,502.3076432574942,2.9914103283322513e-111
5698,36716163,502.3076432574942,2.9914103283322513e-111
5699,4025165,502.3076432574942,2.9914103283322513e-111
5700,134243,502.3076432574942,2.9914103283322513e-111
5701,195559,502.3076432574942,2.9914103283322513e-111
5702,200143,502.3076432574942,2.9914103283322513e-111
5703,4166587,502.3076432574942,2.9914103283322513e-111
5704,4136563,502.3076432574942,2.9914103283322513e-111
5705,438532,502.3076432574942,2.9914103283322513e-111
5706,439780,502.3076432574942,2.9914103283322513e-111
5707,4170862,502.3076432574942,2.9914103283322513e-111
5708,4073921,502.3076432574942,2.9914103283322513e-111
5709,37208035,502.3076432574942,2.9914103283322513e-111
5710,432725,502.3076432574942,2.9914103283322513e-111
5711,4153068,502.3076432574942,2.9914103283322513e-111
5712,374342,502.3076432574942,2.9914103283322513e-111
5713,45757269,502.3076432574942,2.9914103283322513e-111
5714,440691,502.3076432574942,2.9914103283322513e-111
5715,200355,502.3076432574942,2.9914103283322513e-111
5716,46269849,502.3076432574942,2.9914103283322513e-111
5717,199752,502.3076432574942,2.9914103283322513e-111
5718,4249574,502.3076432574942,2.9914103283322513e-111
5719,4329565,502.3076432574942,2.9914103283322513e-111
5720,40482936,502.3076432574942,2.9914103283322513e-111
5721,432441,502.3076432574942,2.9914103283322513e-111
5722,4230473,502.3076432574942,2.9914103283322513e-111
5723,46270715,502.3076432574942,2.9914103283322513e-111
5724,37116633,502.3076432574942,2.9914103283322513e-111
5725,4208719,502.3076432574942,2.9914103283322513e-111
5726,373194,502.3076432574942,2.9914103283322513e-111
5727,381677,502.3076432574942,2.9914103283322513e-111
5728,436093,502.3076432574942,2.9914103283322513e-111
5729,4234973,502.3076432574942,2.9914103283322513e-111
5730,3655113,502.3076432574942,2.9914103283322513e-111
5731,433149,502.3076432574942,2.9914103283322513e-111
5732,4095399,502.3076432574942,2.9914103283322513e-111
5733,4183105,502.3076432574942,2.9914103283322513e-111
5734,4053178,502.3076432574942,2.9914103283322513e-111
5735,4002480,502.3076432574942,2.9914103283322513e-111
5736,37118661,502.3076432574942,2.9914103283322513e-111
5737,4244020,502.3076432574942,2.9914103283322513e-111
5738,193804,502.3076432574942,2.9914103283322513e-111
5739,195500,502.3076432574942,2.9914103283322513e-111
5740,4106360,502.3076432574942,2.9914103283322513e-111
5741,138965,502.3076432574942,2.9914103283322513e-111
5742,4099214,502.3076432574942,2.9914103283322513e-111
5743,437361,502.3076432574942,2.9914103283322513e-111
5744,36713154,502.3076432574942,2.9914103283322513e-111
5745,4192643,502.3076432574942,2.9914103283322513e-111
5746,37205060,502.3076432574942,2.9914103283322513e-111
5747,432461,502.3076432574942,2.9914103283322513e-111
5748,4182419,502.3076432574942,2.9914103283322513e-111
5749,435752,502.3076432574942,2.9914103283322513e-111
5750,4284559,502.3076432574942,2.9914103283322513e-111
5751,25486,502.3076432574942,2.9914103283322513e-111
5752,4019263,502.3076432574942,2.9914103283322513e-111
5753,76196,502.3076432574942,2.9914103283322513e-111
5754,4177362,502.3076432574942,2.9914103283322513e-111
5755,4177975,502.3076432574942,2.9914103283322513e-111
5756,4117572,502.3076432574942,2.9914103283322513e-111
5757,44783165,502.3076432574942,2.9914103283322513e-111
5758,40482655,502.3076432574942,2.9914103283322513e-111
5759,438961,502.3076432574942,2.9914103283322513e-111
5760,196156,502.3076432574942,2.9914103283322513e-111
5761,433171,502.3076432574942,2.9914103283322513e-111
5762,437655,502.3076432574942,2.9914103283322513e-111
5763,4123726,502.3076432574942,2.9914103283322513e-111
5764,132617,502.3076432574942,2.9914103283322513e-111
5765,4001328,502.3076432574942,2.9914103283322513e-111
5766,373404,502.3076432574942,2.9914103283322513e-111
5767,4321833,502.3076432574942,2.9914103283322513e-111
5768,434493,502.3076432574942,2.9914103283322513e-111
5769,376418,502.3076432574942,2.9914103283322513e-111
5770,439166,502.3076432574942,2.9914103283322513e-111
5771,36712678,502.3076432574942,2.9914103283322513e-111
5772,4150172,502.3076432574942,2.9914103283322513e-111
5773,4053832,502.3076432574942,2.9914103283322513e-111
5774,4129394,502.3076432574942,2.9914103283322513e-111
5775,4302754,502.3076432574942,2.9914103283322513e-111
5776,442628,502.3076432574942,2.9914103283322513e-111
5777,46273404,502.3076432574942,2.9914103283322513e-111
5778,252351,502.3076432574942,2.9914103283322513e-111
5779,4101305,502.3076432574942,2.9914103283322513e-111
5780,194419,502.3076432574942,2.9914103283322513e-111
5781,4032939,502.3076432574942,2.9914103283322513e-111
5782,45773220,502.3076432574942,2.9914103283322513e-111
5783,80573,502.3076432574942,2.9914103283322513e-111
5784,192958,502.3076432574942,2.9914103283322513e-111
5785,252946,502.3076432574942,2.9914103283322513e-111
5786,443889,502.3076432574942,2.9914103283322513e-111
5787,37016107,502.3076432574942,2.9914103283322513e-111
5788,40491872,502.3076432574942,2.9914103283322513e-111
5789,4278672,502.3076432574942,2.9914103283322513e-111
5790,375823,502.3076432574942,2.9914103283322513e-111
5791,432271,502.3076432574942,2.9914103283322513e-111
5792,433531,502.3076432574942,2.9914103283322513e-111
5793,4007425,502.3076432574942,2.9914103283322513e-111
5794,4082487,502.3076432574942,2.9914103283322513e-111
5795,4054859,502.3076432574942,2.9914103283322513e-111
5796,196895,502.3076432574942,2.9914103283322513e-111
5797,36713155,502.3076432574942,2.9914103283322513e-111
5798,440330,502.3076432574942,2.9914103283322513e-111
5799,4119850,502.3076432574942,2.9914103283322513e-111
5800,195793,502.3076432574942,2.9914103283322513e-111
5801,4246284,502.3076432574942,2.9914103283322513e-111
5802,45770877,502.3076432574942,2.9914103283322513e-111
5803,4347166,502.3076432574942,2.9914103283322513e-111
5804,4064029,502.3076432574942,2.9914103283322513e-111
5805,36715625,502.3076432574942,2.9914103283322513e-111
5806,437562,502.3076432574942,2.9914103283322513e-111
5807,312343,502.3076432574942,2.9914103283322513e-111
5808,45766894,502.3076432574942,2.9914103283322513e-111
5809,4147683,502.3076432574942,2.9914103283322513e-111
5810,4135745,502.3076432574942,2.9914103283322513e-111
5811,4102479,502.3076432574942,2.9914103283322513e-111
5812,138864,502.3076432574942,2.9914103283322513e-111
5813,438836,502.3076432574942,2.9914103283322513e-111
5814,374226,502.3076432574942,2.9914103283322513e-111
5815,4115107,502.3076432574942,2.9914103283322513e-111
5816,381858,502.3076432574942,2.9914103283322513e-111
5817,378765,502.3076432574942,2.9914103283322513e-111
5818,438122,502.3076432574942,2.9914103283322513e-111
5819,4008519,502.3076432574942,2.9914103283322513e-111
5820,4144328,502.3076432574942,2.9914103283322513e-111
5821,45766722,502.3076432574942,2.9914103283322513e-111
5822,72618,502.3076432574942,2.9914103283322513e-111
5823,434842,502.3076432574942,2.9914103283322513e-111
5824,376107,502.3076432574942,2.9914103283322513e-111
5825,376416,502.3076432574942,2.9914103283322513e-111
5826,376119,502.3076432574942,2.9914103283322513e-111
5827,4329511,502.3076432574942,2.9914103283322513e-111
5828,4153254,502.3076432574942,2.9914103283322513e-111
5829,198307,502.3076432574942,2.9914103283322513e-111
5830,375548,502.3076432574942,2.9914103283322513e-111
5831,140976,502.3076432574942,2.9914103283322513e-111
5832,375268,502.3076432574942,2.9914103283322513e-111
5833,4180636,502.3076432574942,2.9914103283322513e-111
5834,4072226,502.3076432574942,2.9914103283322513e-111
5835,76789,502.3076432574942,2.9914103283322513e-111
5836,4051432,502.3076432574942,2.9914103283322513e-111
5837,4108218,502.3076432574942,2.9914103283322513e-111
5838,441806,502.3076432574942,2.9914103283322513e-111
5839,4044708,502.3076432574942,2.9914103283322513e-111
5840,42709942,502.3076432574942,2.9914103283322513e-111
5841,4247348,502.3076432574942,2.9914103283322513e-111
5842,437700,502.3076432574942,2.9914103283322513e-111
5843,40490409,502.3076432574942,2.9914103283322513e-111
5844,4264925,502.3076432574942,2.9914103283322513e-111
5845,46270347,502.3076432574942,2.9914103283322513e-111
5846,439004,502.3076432574942,2.9914103283322513e-111
5847,4177623,502.3076432574942,2.9914103283322513e-111
5848,443220,502.3076432574942,2.9914103283322513e-111
5849,435666,502.3076432574942,2.9914103283322513e-111
5850,4186548,502.3076432574942,2.9914103283322513e-111
5851,4090414,502.3076432574942,2.9914103283322513e-111
5852,439273,502.3076432574942,2.9914103283322513e-111
5853,72576,502.3076432574942,2.9914103283322513e-111
5854,4154930,502.3076432574942,2.9914103283322513e-111
5855,40434290,502.3076432574942,2.9914103283322513e-111
5856,4024717,502.3076432574942,2.9914103283322513e-111
5857,45771410,502.3076432574942,2.9914103283322513e-111
5858,196044,502.3076432574942,2.9914103283322513e-111
5859,435381,502.3076432574942,2.9914103283322513e-111
5860,37312532,502.3076432574942,2.9914103283322513e-111
5861,435080,502.3076432574942,2.9914103283322513e-111
5862,379782,502.3076432574942,2.9914103283322513e-111
5863,45757310,502.3076432574942,2.9914103283322513e-111
5864,443726,502.3076432574942,2.9914103283322513e-111
5865,442582,502.3076432574942,2.9914103283322513e-111
5866,4078705,502.3076432574942,2.9914103283322513e-111
5867,765582,502.3076432574942,2.9914103283322513e-111
5868,4248223,502.3076432574942,2.9914103283322513e-111
5869,4140466,502.3076432574942,2.9914103283322513e-111
5870,434824,502.3076432574942,2.9914103283322513e-111
5871,4168842,502.3076432574942,2.9914103283322513e-111
5872,4100247,502.3076432574942,2.9914103283322513e-111
5873,136779,502.3076432574942,2.9914103283322513e-111
5874,4155497,502.3076432574942,2.9914103283322513e-111
5875,46270031,502.3076432574942,2.9914103283322513e-111
5876,134596,502.3076432574942,2.9914103283322513e-111
5877,4314637,502.3076432574942,2.9914103283322513e-111
5878,4281030,502.3076432574942,2.9914103283322513e-111
5879,4022639,502.3076432574942,2.9914103283322513e-111
5880,46273347,502.3076432574942,2.9914103283322513e-111
5881,374907,502.3076432574942,2.9914103283322513e-111
5882,437523,502.3076432574942,2.9914103283322513e-111
5883,433805,502.3076432574942,2.9914103283322513e-111
5884,436295,502.3076432574942,2.9914103283322513e-111
5885,440705,502.3076432574942,2.9914103283322513e-111
5886,4053151,502.3076432574942,2.9914103283322513e-111
5887,440990,502.3076432574942,2.9914103283322513e-111
5888,4344493,502.3076432574942,2.9914103283322513e-111
5889,377883,502.3076432574942,2.9914103283322513e-111
5890,4037874,502.3076432574942,2.9914103283322513e-111
5891,4110252,502.3076432574942,2.9914103283322513e-111
5892,4244438,502.3076432574942,2.9914103283322513e-111
5893,439676,502.3076432574942,2.9914103283322513e-111
5894,440369,502.3076432574942,2.9914103283322513e-111
5895,4313149,502.3076432574942,2.9914103283322513e-111
5896,319845,502.3076432574942,2.9914103283322513e-111
5897,4096766,502.3076432574942,2.9914103283322513e-111
5898,40481132,502.3076432574942,2.9914103283322513e-111
5899,4143700,502.3076432574942,2.9914103283322513e-111
5900,196431,502.3076432574942,2.9914103283322513e-111
5901,381308,502.3076432574942,2.9914103283322513e-111
5902,4175644,502.3076432574942,2.9914103283322513e-111
5903,45769832,502.3076432574942,2.9914103283322513e-111
5904,78073,502.3076432574942,2.9914103283322513e-111
5905,74104,502.3076432574942,2.9914103283322513e-111
5906,74698,502.3076432574942,2.9914103283322513e-111
5907,442355,502.3076432574942,2.9914103283322513e-111
5908,4096185,502.3076432574942,2.9914103283322513e-111
5909,40479284,502.3076432574942,2.9914103283322513e-111
5910,42538935,502.3076432574942,2.9914103283322513e-111
5911,4034214,502.3076432574942,2.9914103283322513e-111
5912,4300305,502.3076432574942,2.9914103283322513e-111
5913,45771409,502.3076432574942,2.9914103283322513e-111
5914,45763764,502.3076432574942,2.9914103283322513e-111
5915,4339544,502.3076432574942,2.9914103283322513e-111
5916,4135751,502.3076432574942,2.9914103283322513e-111
5917,4203625,502.3076432574942,2.9914103283322513e-111
5918,40493424,502.3076432574942,2.9914103283322513e-111
5919,4029633,502.3076432574942,2.9914103283322513e-111
5920,196284,502.3076432574942,2.9914103283322513e-111
5921,4190891,502.3076432574942,2.9914103283322513e-111
5922,4056780,502.3076432574942,2.9914103283322513e-111
5923,4137945,502.3076432574942,2.9914103283322513e-111
5924,437256,502.3076432574942,2.9914103283322513e-111
5925,4091486,502.3076432574942,2.9914103283322513e-111
5926,4147162,502.3076432574942,2.9914103283322513e-111
5927,433048,502.3076432574942,2.9914103283322513e-111
5928,439164,502.3076432574942,2.9914103283322513e-111
5929,201625,502.3076432574942,2.9914103283322513e-111
5930,40490361,502.3076432574942,2.9914103283322513e-111
5931,37016885,502.3076432574942,2.9914103283322513e-111
5932,40493415,502.3076432574942,2.9914103283322513e-111
5933,4059554,502.3076432574942,2.9914103283322513e-111
5934,46269887,502.3076432574942,2.9914103283322513e-111
5935,36676238,502.3076432574942,2.9914103283322513e-111
5936,4071727,502.3076432574942,2.9914103283322513e-111
5937,4047912,502.3076432574942,2.9914103283322513e-111
5938,4308713,502.3076432574942,2.9914103283322513e-111
5939,4099178,502.3076432574942,2.9914103283322513e-111
5940,77653,502.3076432574942,2.9914103283322513e-111
5941,4312290,502.3076432574942,2.9914103283322513e-111
5942,433996,502.3076432574942,2.9914103283322513e-111
5943,438948,502.3076432574942,2.9914103283322513e-111
5944,375404,502.3076432574942,2.9914103283322513e-111
5945,4116008,502.3076432574942,2.9914103283322513e-111
5946,4135744,502.3076432574942,2.9914103283322513e-111
5947,4334734,502.3076432574942,2.9914103283322513e-111
5948,199718,502.3076432574942,2.9914103283322513e-111
5949,4010385,502.3076432574942,2.9914103283322513e-111
5950,4098625,502.3076432574942,2.9914103283322513e-111
5951,198049,502.3076432574942,2.9914103283322513e-111
5952,4152932,502.3076432574942,2.9914103283322513e-111
5953,4059379,502.3076432574942,2.9914103283322513e-111
5954,4174893,502.3076432574942,2.9914103283322513e-111
5955,432589,502.3076432574942,2.9914103283322513e-111
5956,4120302,502.3076432574942,2.9914103283322513e-111
5957,4223303,502.3076432574942,2.9914103283322513e-111
5958,4189938,502.3076432574942,2.9914103283322513e-111
5959,4135082,502.3076432574942,2.9914103283322513e-111
5960,4119780,502.3076432574942,2.9914103283322513e-111
5961,73580,502.3076432574942,2.9914103283322513e-111
5962,375822,502.3076432574942,2.9914103283322513e-111
5963,439743,502.3076432574942,2.9914103283322513e-111
5964,139803,502.3076432574942,2.9914103283322513e-111
5965,35624485,502.3076432574942,2.9914103283322513e-111
5966,4024567,502.3076432574942,2.9914103283322513e-111
5967,138933,502.3076432574942,2.9914103283322513e-111
5968,436855,502.3076432574942,2.9914103283322513e-111
5969,26060,502.3076432574942,2.9914103283322513e-111
5970,45757433,502.3076432574942,2.9914103283322513e-111
5971,36715576,502.3076432574942,2.9914103283322513e-111
5972,197223,502.3076432574942,2.9914103283322513e-111
5973,195392,502.3076432574942,2.9914103283322513e-111
5974,4026125,502.3076432574942,2.9914103283322513e-111
5975,4309167,502.3076432574942,2.9914103283322513e-111
5976,4272486,502.3076432574942,2.9914103283322513e-111
5977,133003,502.3076432574942,2.9914103283322513e-111
5978,374748,502.3076432574942,2.9914103283322513e-111
5979,4152858,502.3076432574942,2.9914103283322513e-111
5980,46270367,502.3076432574942,2.9914103283322513e-111
5981,45773064,502.3076432574942,2.9914103283322513e-111
5982,36684787,502.3076432574942,2.9914103283322513e-111
5983,4029573,502.3076432574942,2.9914103283322513e-111
5984,4228443,502.3076432574942,2.9914103283322513e-111
5985,433783,502.3076432574942,2.9914103283322513e-111
5986,379756,502.3076432574942,2.9914103283322513e-111
5987,197506,502.3076432574942,2.9914103283322513e-111
5988,135491,502.3076432574942,2.9914103283322513e-111
5989,139210,502.3076432574942,2.9914103283322513e-111
5990,444022,502.3076432574942,2.9914103283322513e-111
5991,135767,502.3076432574942,2.9914103283322513e-111
5992,434656,502.3076432574942,2.9914103283322513e-111
5993,4324261,502.3076432574942,2.9914103283322513e-111
5994,46270406,502.3076432574942,2.9914103283322513e-111
5995,4153257,502.3076432574942,2.9914103283322513e-111
5996,37396201,502.3076432574942,2.9914103283322513e-111
5997,434766,502.3076432574942,2.9914103283322513e-111
5998,435094,502.3076432574942,2.9914103283322513e-111
5999,40492837,502.3076432574942,2.9914103283322513e-111
6000,4153695,502.3076432574942,2.9914103283322513e-111
6001,4297185,502.3076432574942,2.9914103283322513e-111
6002,137951,502.3076432574942,2.9914103283322513e-111
6003,78506,502.3076432574942,2.9914103283322513e-111
6004,435446,502.3076432574942,2.9914103283322513e-111
6005,4052225,502.3076432574942,2.9914103283322513e-111
6006,4271003,502.3076432574942,2.9914103283322513e-111
6007,257008,502.3076432574942,2.9914103283322513e-111
6008,4111714,502.3076432574942,2.9914103283322513e-111
6009,435648,502.3076432574942,2.9914103283322513e-111
6010,762446,502.3076432574942,2.9914103283322513e-111
6011,37395737,502.3076432574942,2.9914103283322513e-111
6012,28083,502.3076432574942,2.9914103283322513e-111
6013,435814,502.3076432574942,2.9914103283322513e-111
6014,4133990,502.3076432574942,2.9914103283322513e-111
6015,4053150,502.3076432574942,2.9914103283322513e-111
6016,45757285,502.3076432574942,2.9914103283322513e-111
6017,433774,502.3076432574942,2.9914103283322513e-111
6018,4246066,502.3076432574942,2.9914103283322513e-111
6019,4209223,502.3076432574942,2.9914103283322513e-111
6020,4170313,502.3076432574942,2.9914103283322513e-111
6021,434501,502.3076432574942,2.9914103283322513e-111
6022,441154,502.3076432574942,2.9914103283322513e-111
6023,4087776,502.3076432574942,2.9914103283322513e-111
6024,40486059,502.3076432574942,2.9914103283322513e-111
6025,40481522,502.3076432574942,2.9914103283322513e-111
6026,4285717,502.3076432574942,2.9914103283322513e-111
6027,37310609,502.3076432574942,2.9914103283322513e-111
6028,45771408,502.3076432574942,2.9914103283322513e-111
6029,4086197,502.3076432574942,2.9914103283322513e-111
6030,196217,502.3076432574942,2.9914103283322513e-111
6031,380107,502.3076432574942,2.9914103283322513e-111
6032,4216852,502.3076432574942,2.9914103283322513e-111
6033,4283689,502.3076432574942,2.9914103283322513e-111
6034,376121,502.3076432574942,2.9914103283322513e-111
6035,376394,502.3076432574942,2.9914103283322513e-111
6036,4149832,502.3076432574942,2.9914103283322513e-111
6037,436020,502.3076432574942,2.9914103283322513e-111
6038,4002994,502.3076432574942,2.9914103283322513e-111
6039,4287844,502.3076432574942,2.9914103283322513e-111
6040,441246,502.3076432574942,2.9914103283322513e-111
6041,437420,502.3076432574942,2.9914103283322513e-111
6042,45766842,502.3076432574942,2.9914103283322513e-111
6043,37207859,502.3076432574942,2.9914103283322513e-111
6044,80295,502.3076432574942,2.9914103283322513e-111
6045,4136842,502.3076432574942,2.9914103283322513e-111
6046,440973,502.3076432574942,2.9914103283322513e-111
6047,4134171,502.3076432574942,2.9914103283322513e-111
6048,45767042,502.3076432574942,2.9914103283322513e-111
6049,45771402,502.3076432574942,2.9914103283322513e-111
6050,432499,502.3076432574942,2.9914103283322513e-111
6051,765476,502.3076432574942,2.9914103283322513e-111
6052,4164568,502.3076432574942,2.9914103283322513e-111
6053,138616,502.3076432574942,2.9914103283322513e-111
6054,45766766,502.3076432574942,2.9914103283322513e-111
6055,440438,502.3076432574942,2.9914103283322513e-111
6056,436806,502.3076432574942,2.9914103283322513e-111
6057,434492,502.3076432574942,2.9914103283322513e-111
6058,73723,502.3076432574942,2.9914103283322513e-111
6059,4085550,502.3076432574942,2.9914103283322513e-111
6060,4297491,502.3076432574942,2.9914103283322513e-111
6061,193240,502.3076432574942,2.9914103283322513e-111
6062,4116241,502.3076432574942,2.9914103283322513e-111
6063,4001578,502.3076432574942,2.9914103283322513e-111
6064,436986,502.3076432574942,2.9914103283322513e-111
6065,140487,502.3076432574942,2.9914103283322513e-111
6066,4199769,502.3076432574942,2.9914103283322513e-111
6067,4167909,502.3076432574942,2.9914103283322513e-111
6068,4056591,502.3076432574942,2.9914103283322513e-111
6069,4309525,502.3076432574942,2.9914103283322513e-111
6070,4032003,502.3076432574942,2.9914103283322513e-111
6071,197303,502.3076432574942,2.9914103283322513e-111
6072,4009800,502.3076432574942,2.9914103283322513e-111
6073,4083784,502.3076432574942,2.9914103283322513e-111
6074,4341657,502.3076432574942,2.9914103283322513e-111
6075,381847,502.3076432574942,2.9914103283322513e-111
6076,45757597,502.3076432574942,2.9914103283322513e-111
6077,444198,502.3076432574942,2.9914103283322513e-111
6078,4195014,502.3076432574942,2.9914103283322513e-111
6079,4136721,502.3076432574942,2.9914103283322513e-111
6080,4100626,502.3076432574942,2.9914103283322513e-111
6081,26942,502.3076432574942,2.9914103283322513e-111
6082,375504,502.3076432574942,2.9914103283322513e-111
6083,4216915,502.3076432574942,2.9914103283322513e-111
6084,435983,502.3076432574942,2.9914103283322513e-111
6085,4085156,502.3076432574942,2.9914103283322513e-111
6086,40492312,502.3076432574942,2.9914103283322513e-111
6087,4196227,502.3076432574942,2.9914103283322513e-111
6088,435230,502.3076432574942,2.9914103283322513e-111
6089,441593,502.3076432574942,2.9914103283322513e-111
6090,76482,502.3076432574942,2.9914103283322513e-111
6091,133406,502.3076432574942,2.9914103283322513e-111
6092,75047,502.3076432574942,2.9914103283322513e-111
6093,443739,502.3076432574942,2.9914103283322513e-111
6094,4242348,502.3076432574942,2.9914103283322513e-111
6095,4117242,502.3076432574942,2.9914103283322513e-111
6096,435233,502.3076432574942,2.9914103283322513e-111
6097,43021253,502.3076432574942,2.9914103283322513e-111
6098,375820,502.3076432574942,2.9914103283322513e-111
6099,4193634,502.3076432574942,2.9914103283322513e-111
6100,45771405,502.3076432574942,2.9914103283322513e-111
6101,80182,502.3076432574942,2.9914103283322513e-111
6102,4134183,502.3076432574942,2.9914103283322513e-111
6103,4126292,502.3076432574942,2.9914103283322513e-111
6104,37108749,502.3076432574942,2.9914103283322513e-111
6105,4191592,502.3076432574942,2.9914103283322513e-111
6106,4009302,502.3076432574942,2.9914103283322513e-111
6107,4143460,502.3076432574942,2.9914103283322513e-111
6108,40485074,502.3076432574942,2.9914103283322513e-111
6109,4153138,502.3076432574942,2.9914103283322513e-111
6110,4015630,502.3076432574942,2.9914103283322513e-111
6111,4246808,502.3076432574942,2.9914103283322513e-111
6112,75994,502.3076432574942,2.9914103283322513e-111
6113,442005,502.3076432574942,2.9914103283322513e-111
6114,443509,502.3076432574942,2.9914103283322513e-111
6115,36674267,502.3076432574942,2.9914103283322513e-111
6116,37109493,502.3076432574942,2.9914103283322513e-111
6117,199881,502.3076432574942,2.9914103283322513e-111
6118,4328350,502.3076432574942,2.9914103283322513e-111
6119,45757760,502.3076432574942,2.9914103283322513e-111
6120,4236877,502.3076432574942,2.9914103283322513e-111
6121,4207617,502.3076432574942,2.9914103283322513e-111
6122,37116547,502.3076432574942,2.9914103283322513e-111
6123,315069,502.3076432574942,2.9914103283322513e-111
6124,4140207,502.3076432574942,2.9914103283322513e-111
6125,77355,502.3076432574942,2.9914103283322513e-111
6126,133468,502.3076432574942,2.9914103283322513e-111
6127,37018353,502.3076432574942,2.9914103283322513e-111
6128,316211,502.3076432574942,2.9914103283322513e-111
6129,760747,502.3076432574942,2.9914103283322513e-111
6130,4035134,502.3076432574942,2.9914103283322513e-111
6131,40492266,502.3076432574942,2.9914103283322513e-111
6132,377865,502.3076432574942,2.9914103283322513e-111
6133,434625,502.3076432574942,2.9914103283322513e-111
6134,441856,502.3076432574942,2.9914103283322513e-111
6135,437189,502.3076432574942,2.9914103283322513e-111
6136,436587,502.3076432574942,2.9914103283322513e-111
6137,4066505,502.3076432574942,2.9914103283322513e-111
6138,197034,502.3076432574942,2.9914103283322513e-111
6139,138826,502.3076432574942,2.9914103283322513e-111
6140,316814,502.3076432574942,2.9914103283322513e-111
6141,434670,502.3076432574942,2.9914103283322513e-111
6142,4191611,502.3076432574942,2.9914103283322513e-111
6143,4312122,502.3076432574942,2.9914103283322513e-111
6144,4173136,502.3076432574942,2.9914103283322513e-111
6145,4052685,502.3076432574942,2.9914103283322513e-111
6146,199767,502.3076432574942,2.9914103283322513e-111
6147,4309318,502.3076432574942,2.9914103283322513e-111
6148,4051005,502.3076432574942,2.9914103283322513e-111
6149,42537633,502.3076432574942,2.9914103283322513e-111
6150,440198,502.3076432574942,2.9914103283322513e-111
6151,4208028,502.3076432574942,2.9914103283322513e-111
6152,4344276,502.3076432574942,2.9914103283322513e-111
6153,4205584,502.3076432574942,2.9914103283322513e-111
6154,4290692,502.3076432574942,2.9914103283322513e-111
6155,443538,502.3076432574942,2.9914103283322513e-111
6156,197151,502.3076432574942,2.9914103283322513e-111
6157,379027,502.3076432574942,2.9914103283322513e-111
6158,436682,502.3076432574942,2.9914103283322513e-111
6159,4014159,502.3076432574942,2.9914103283322513e-111
6160,438440,502.3076432574942,2.9914103283322513e-111
6161,4039691,502.3076432574942,2.9914103283322513e-111
6162,4016359,502.3076432574942,2.9914103283322513e-111
6163,4230454,502.3076432574942,2.9914103283322513e-111
6164,4154480,502.3076432574942,2.9914103283322513e-111
6165,37206800,502.3076432574942,2.9914103283322513e-111
6166,4053588,502.3076432574942,2.9914103283322513e-111
6167,196365,502.3076432574942,2.9914103283322513e-111
6168,46270457,502.3076432574942,2.9914103283322513e-111
6169,4116717,502.3076432574942,2.9914103283322513e-111
6170,45772123,502.3076432574942,2.9914103283322513e-111
6171,37117135,502.3076432574942,2.9914103283322513e-111
6172,4111541,502.3076432574942,2.9914103283322513e-111
6173,4035751,502.3076432574942,2.9914103283322513e-111
6174,40484551,502.3076432574942,2.9914103283322513e-111
6175,380406,502.3076432574942,2.9914103283322513e-111
6176,133637,502.3076432574942,2.9914103283322513e-111
6177,4056343,502.3076432574942,2.9914103283322513e-111
6178,315116,502.3076432574942,2.9914103283322513e-111
6179,443870,502.3076432574942,2.9914103283322513e-111
6180,4116731,502.3076432574942,2.9914103283322513e-111
6181,45766942,502.3076432574942,2.9914103283322513e-111
6182,45757699,502.3076432574942,2.9914103283322513e-111
6183,37111520,502.3076432574942,2.9914103283322513e-111
6184,135303,502.3076432574942,2.9914103283322513e-111
6185,135338,502.3076432574942,2.9914103283322513e-111
6186,4279526,502.3076432574942,2.9914103283322513e-111
6187,40489912,502.3076432574942,2.9914103283322513e-111
6188,4003178,502.3076432574942,2.9914103283322513e-111
6189,4060296,502.3076432574942,2.9914103283322513e-111
6190,4103853,502.3076432574942,2.9914103283322513e-111
6191,4150456,502.3076432574942,2.9914103283322513e-111
6192,433862,502.3076432574942,2.9914103283322513e-111
6193,4106172,502.3076432574942,2.9914103283322513e-111
6194,4169977,502.3076432574942,2.9914103283322513e-111
6195,4299815,502.3076432574942,2.9914103283322513e-111
6196,433207,502.3076432574942,2.9914103283322513e-111
6197,443074,502.3076432574942,2.9914103283322513e-111
6198,380747,502.3076432574942,2.9914103283322513e-111
6199,764596,502.3076432574942,2.9914103283322513e-111
6200,4056690,502.3076432574942,2.9914103283322513e-111
6201,378352,502.3076432574942,2.9914103283322513e-111
6202,441787,502.3076432574942,2.9914103283322513e-111
6203,4015633,502.3076432574942,2.9914103283322513e-111
6204,40490390,502.3076432574942,2.9914103283322513e-111
6205,81988,502.3076432574942,2.9914103283322513e-111
6206,4154473,502.3076432574942,2.9914103283322513e-111
6207,46273489,502.3076432574942,2.9914103283322513e-111
6208,45757765,502.3076432574942,2.9914103283322513e-111
6209,195212,502.3076432574942,2.9914103283322513e-111
6210,4168682,502.3076432574942,2.9914103283322513e-111
6211,193439,502.3076432574942,2.9914103283322513e-111
6212,440863,502.3076432574942,2.9914103283322513e-111
6213,36675105,502.3076432574942,2.9914103283322513e-111
6214,198197,502.3076432574942,2.9914103283322513e-111
6215,4114164,502.3076432574942,2.9914103283322513e-111
6216,37311944,502.3076432574942,2.9914103283322513e-111
6217,196732,502.3076432574942,2.9914103283322513e-111
6218,4265479,502.3076432574942,2.9914103283322513e-111
6219,192422,502.3076432574942,2.9914103283322513e-111
6220,141524,502.3076432574942,2.9914103283322513e-111
6221,441615,502.3076432574942,2.9914103283322513e-111
6222,4100536,502.3076432574942,2.9914103283322513e-111
6223,4262584,502.3076432574942,2.9914103283322513e-111
6224,37311078,502.3076432574942,2.9914103283322513e-111
6225,45772703,502.3076432574942,2.9914103283322513e-111
6226,192577,502.3076432574942,2.9914103283322513e-111
6227,4312756,502.3076432574942,2.9914103283322513e-111
6228,4201904,502.3076432574942,2.9914103283322513e-111
6229,133436,502.3076432574942,2.9914103283322513e-111
6230,133296,502.3076432574942,2.9914103283322513e-111
6231,374349,502.3076432574942,2.9914103283322513e-111
6232,376411,502.3076432574942,2.9914103283322513e-111
6233,4017107,502.3076432574942,2.9914103283322513e-111
6234,372241,502.3076432574942,2.9914103283322513e-111
6235,37108590,502.3076432574942,2.9914103283322513e-111
6236,434654,502.3076432574942,2.9914103283322513e-111
6237,132772,502.3076432574942,2.9914103283322513e-111
6238,4105025,502.3076432574942,2.9914103283322513e-111
6239,4101000,502.3076432574942,2.9914103283322513e-111
6240,136205,502.3076432574942,2.9914103283322513e-111
6241,4152815,502.3076432574942,2.9914103283322513e-111
6242,45766960,502.3076432574942,2.9914103283322513e-111
6243,36687143,502.3076432574942,2.9914103283322513e-111
6244,441564,502.3076432574942,2.9914103283322513e-111
6245,4297887,502.3076432574942,2.9914103283322513e-111
6246,4116594,502.3076432574942,2.9914103283322513e-111
6247,46270317,502.3076432574942,2.9914103283322513e-111
6248,443268,502.3076432574942,2.9914103283322513e-111
6249,40478938,502.3076432574942,2.9914103283322513e-111
6250,37208010,502.3076432574942,2.9914103283322513e-111
6251,40480043,502.3076432574942,2.9914103283322513e-111
6252,375291,502.3076432574942,2.9914103283322513e-111
6253,439410,502.3076432574942,2.9914103283322513e-111
6254,443287,502.3076432574942,2.9914103283322513e-111
6255,46271106,502.3076432574942,2.9914103283322513e-111
6256,437214,502.3076432574942,2.9914103283322513e-111
6257,4153691,502.3076432574942,2.9914103283322513e-111
6258,259044,502.3076432574942,2.9914103283322513e-111
6259,200458,502.3076432574942,2.9914103283322513e-111
6260,192560,502.3076432574942,2.9914103283322513e-111
6261,4129371,502.3076432574942,2.9914103283322513e-111
6262,433696,502.3076432574942,2.9914103283322513e-111
6263,376123,502.3076432574942,2.9914103283322513e-111
6264,4084964,502.3076432574942,2.9914103283322513e-111
6265,4115689,502.3076432574942,2.9914103283322513e-111
6266,4056482,502.3076432574942,2.9914103283322513e-111
6267,140064,502.3076432574942,2.9914103283322513e-111
6268,37110728,502.3076432574942,2.9914103283322513e-111
6269,77956,502.3076432574942,2.9914103283322513e-111
6270,4001665,502.3076432574942,2.9914103283322513e-111
6271,4005275,502.3076432574942,2.9914103283322513e-111
6272,4096616,502.3076432574942,2.9914103283322513e-111
6273,372917,502.3076432574942,2.9914103283322513e-111
6274,4238682,502.3076432574942,2.9914103283322513e-111
6275,4042407,502.3076432574942,2.9914103283322513e-111
6276,4139063,502.3076432574942,2.9914103283322513e-111
6277,4201174,502.3076432574942,2.9914103283322513e-111
6278,4077963,502.3076432574942,2.9914103283322513e-111
6279,4168089,502.3076432574942,2.9914103283322513e-111
6280,4058243,502.3076432574942,2.9914103283322513e-111
6281,45773201,502.3076432574942,2.9914103283322513e-111
6282,4311280,502.3076432574942,2.9914103283322513e-111
6283,4237824,502.3076432574942,2.9914103283322513e-111
6284,35626043,502.3076432574942,2.9914103283322513e-111
6285,4101287,502.3076432574942,2.9914103283322513e-111
6286,438456,502.3076432574942,2.9914103283322513e-111
6287,4104577,502.3076432574942,2.9914103283322513e-111
6288,196048,502.3076432574942,2.9914103283322513e-111
6289,4345447,502.3076432574942,2.9914103283322513e-111
6290,4012580,502.3076432574942,2.9914103283322513e-111
6291,4173459,502.3076432574942,2.9914103283322513e-111
6292,4219348,502.3076432574942,2.9914103283322513e-111
6293,441044,502.3076432574942,2.9914103283322513e-111
6294,76573,502.3076432574942,2.9914103283322513e-111
6295,436133,502.3076432574942,2.9914103283322513e-111
6296,45766905,502.3076432574942,2.9914103283322513e-111
6297,140057,502.3076432574942,2.9914103283322513e-111
6298,44784644,502.3076432574942,2.9914103283322513e-111
6299,75048,502.3076432574942,2.9914103283322513e-111
6300,4002990,502.3076432574942,2.9914103283322513e-111
6301,4230340,502.3076432574942,2.9914103283322513e-111
6302,441875,502.3076432574942,2.9914103283322513e-111
6303,45771411,502.3076432574942,2.9914103283322513e-111
6304,4223997,502.3076432574942,2.9914103283322513e-111
6305,439261,502.3076432574942,2.9914103283322513e-111
6306,40318194,502.3076432574942,2.9914103283322513e-111
6307,4001458,502.3076432574942,2.9914103283322513e-111
6308,45767104,502.3076432574942,2.9914103283322513e-111
6309,4057588,502.3076432574942,2.9914103283322513e-111
6310,197416,502.3076432574942,2.9914103283322513e-111
6311,442773,502.3076432574942,2.9914103283322513e-111
6312,4151275,502.3076432574942,2.9914103283322513e-111
6313,4323893,502.3076432574942,2.9914103283322513e-111
6314,4126451,502.3076432574942,2.9914103283322513e-111
6315,4001456,502.3076432574942,2.9914103283322513e-111
6316,4002139,502.3076432574942,2.9914103283322513e-111
6317,4029601,502.3076432574942,2.9914103283322513e-111
6318,4153263,502.3076432574942,2.9914103283322513e-111
6319,4170635,502.3076432574942,2.9914103283322513e-111
6320,36715582,502.3076432574942,2.9914103283322513e-111
6321,72857,502.3076432574942,2.9914103283322513e-111
6322,28403,502.3076432574942,2.9914103283322513e-111
6323,4033617,502.3076432574942,2.9914103283322513e-111
6324,74763,502.3076432574942,2.9914103283322513e-111
6325,201529,502.3076432574942,2.9914103283322513e-111
6326,435514,502.3076432574942,2.9914103283322513e-111
6327,37119157,502.3076432574942,2.9914103283322513e-111
6328,433887,502.3076432574942,2.9914103283322513e-111
6329,36715622,502.3076432574942,2.9914103283322513e-111
6330,37208027,502.3076432574942,2.9914103283322513e-111
6331,22666,502.3076432574942,2.9914103283322513e-111
6332,443406,502.3076432574942,2.9914103283322513e-111
6333,442324,502.3076432574942,2.9914103283322513e-111
6334,4083682,502.3076432574942,2.9914103283322513e-111
6335,36712713,502.3076432574942,2.9914103283322513e-111
6336,134597,502.3076432574942,2.9914103283322513e-111
6337,141498,502.3076432574942,2.9914103283322513e-111
6338,40480938,502.3076432574942,2.9914103283322513e-111
6339,4338894,502.3076432574942,2.9914103283322513e-111
6340,4207660,502.3076432574942,2.9914103283322513e-111
6341,4041799,502.3076432574942,2.9914103283322513e-111
6342,81623,502.3076432574942,2.9914103283322513e-111
6343,42534962,502.3076432574942,2.9914103283322513e-111
6344,4138287,502.3076432574942,2.9914103283322513e-111
6345,4137754,502.3076432574942,2.9914103283322513e-111
6346,4047635,502.3076432574942,2.9914103283322513e-111
6347,4093950,502.3076432574942,2.9914103283322513e-111
6348,4019056,502.3076432574942,2.9914103283322513e-111
6349,201129,502.3076432574942,2.9914103283322513e-111
6350,4199541,502.3076432574942,2.9914103283322513e-111
6351,4140154,502.3076432574942,2.9914103283322513e-111
6352,4133017,502.3076432574942,2.9914103283322513e-111
6353,441641,502.3076432574942,2.9914103283322513e-111
6354,4306496,502.3076432574942,2.9914103283322513e-111
6355,437986,502.3076432574942,2.9914103283322513e-111
6356,4241919,502.3076432574942,2.9914103283322513e-111
6357,4110195,502.3076432574942,2.9914103283322513e-111
6358,45772686,502.3076432574942,2.9914103283322513e-111
6359,46269843,502.3076432574942,2.9914103283322513e-111
6360,4001315,502.3076432574942,2.9914103283322513e-111
6361,4161309,502.3076432574942,2.9914103283322513e-111
6362,4015992,502.3076432574942,2.9914103283322513e-111
6363,438350,502.3076432574942,2.9914103283322513e-111
6364,441768,502.3076432574942,2.9914103283322513e-111
6365,4132434,502.3076432574942,2.9914103283322513e-111
6366,74777,502.3076432574942,2.9914103283322513e-111
6367,80229,502.3076432574942,2.9914103283322513e-111
6368,4134614,502.3076432574942,2.9914103283322513e-111
6369,37207959,502.3076432574942,2.9914103283322513e-111
6370,4332880,502.3076432574942,2.9914103283322513e-111
6371,4174044,502.3076432574942,2.9914103283322513e-111
6372,4314093,502.3076432574942,2.9914103283322513e-111
6373,4074169,502.3076432574942,2.9914103283322513e-111
6374,440996,502.3076432574942,2.9914103283322513e-111
6375,4155495,502.3076432574942,2.9914103283322513e-111
6376,376989,502.3076432574942,2.9914103283322513e-111
6377,440384,502.3076432574942,2.9914103283322513e-111
6378,40482937,502.3076432574942,2.9914103283322513e-111
6379,4122221,502.3076432574942,2.9914103283322513e-111
6380,4050098,502.3076432574942,2.9914103283322513e-111
6381,4002340,502.3076432574942,2.9914103283322513e-111
6382,434251,502.3076432574942,2.9914103283322513e-111
6383,4106505,502.3076432574942,2.9914103283322513e-111
6384,4329847,502.3076432574942,2.9914103283322513e-111
6385,4306640,502.3076432574942,2.9914103283322513e-111
6386,40491865,502.3076432574942,2.9914103283322513e-111
6387,4181477,502.3076432574942,2.9914103283322513e-111
6388,440583,502.3076432574942,2.9914103283322513e-111
6389,28109,502.3076432574942,2.9914103283322513e-111
6390,40482847,502.3076432574942,2.9914103283322513e-111
6391,4317822,502.3076432574942,2.9914103283322513e-111
6392,35626042,502.3076432574942,2.9914103283322513e-111
6393,197795,502.3076432574942,2.9914103283322513e-111
6394,4095312,502.3076432574942,2.9914103283322513e-111
6395,4325344,502.3076432574942,2.9914103283322513e-111
6396,4177631,502.3076432574942,2.9914103283322513e-111
6397,138690,502.3076432574942,2.9914103283322513e-111
6398,436404,502.3076432574942,2.9914103283322513e-111
6399,4046110,502.3076432574942,2.9914103283322513e-111
6400,201730,502.3076432574942,2.9914103283322513e-111
6401,40481365,502.3076432574942,2.9914103283322513e-111
6402,4013156,502.3076432574942,2.9914103283322513e-111
6403,4066941,502.3076432574942,2.9914103283322513e-111
6404,4339469,502.3076432574942,2.9914103283322513e-111
6405,442131,502.3076432574942,2.9914103283322513e-111
6406,440302,502.3076432574942,2.9914103283322513e-111
6407,4117406,502.3076432574942,2.9914103283322513e-111
6408,440272,502.3076432574942,2.9914103283322513e-111
6409,4249740,502.3076432574942,2.9914103283322513e-111
6410,4003466,502.3076432574942,2.9914103283322513e-111
6411,439233,502.3076432574942,2.9914103283322513e-111
6412,35626044,502.3076432574942,2.9914103283322513e-111
6413,4316347,502.3076432574942,2.9914103283322513e-111
6414,192763,502.3076432574942,2.9914103283322513e-111
6415,317713,502.3076432574942,2.9914103283322513e-111
6416,199879,502.3076432574942,2.9914103283322513e-111
6417,435182,502.3076432574942,2.9914103283322513e-111
6418,4238559,502.3076432574942,2.9914103283322513e-111
6419,4241576,502.3076432574942,2.9914103283322513e-111
6420,42534836,502.3076432574942,2.9914103283322513e-111
6421,433776,502.3076432574942,2.9914103283322513e-111
6422,4032586,502.3076432574942,2.9914103283322513e-111
6423,40480068,502.3076432574942,2.9914103283322513e-111
6424,4313298,502.3076432574942,2.9914103283322513e-111
6425,4194890,502.3076432574942,2.9914103283322513e-111
6426,40491339,502.3076432574942,2.9914103283322513e-111
6427,37207896,502.3076432574942,2.9914103283322513e-111
6428,372605,502.3076432574942,2.9914103283322513e-111
6429,440547,502.3076432574942,2.9914103283322513e-111
6430,45766890,502.3076432574942,2.9914103283322513e-111
6431,77517,502.3076432574942,2.9914103283322513e-111
6432,4101284,502.3076432574942,2.9914103283322513e-111
6433,194878,502.3076432574942,2.9914103283322513e-111
6434,4057033,502.3076432574942,2.9914103283322513e-111
6435,4098622,502.3076432574942,2.9914103283322513e-111
6436,40483560,502.3076432574942,2.9914103283322513e-111
6437,197806,502.3076432574942,2.9914103283322513e-111
6438,35625043,502.3076432574942,2.9914103283322513e-111
6439,194071,502.3076432574942,2.9914103283322513e-111
6440,4224517,502.3076432574942,2.9914103283322513e-111
6441,435774,502.3076432574942,2.9914103283322513e-111
6442,4166129,502.3076432574942,2.9914103283322513e-111
6443,4242669,502.3076432574942,2.9914103283322513e-111
6444,79104,502.3076432574942,2.9914103283322513e-111
6445,440335,502.3076432574942,2.9914103283322513e-111
6446,139830,502.3076432574942,2.9914103283322513e-111
6447,45766922,502.3076432574942,2.9914103283322513e-111
6448,4146660,502.3076432574942,2.9914103283322513e-111
6449,443565,502.3076432574942,2.9914103283322513e-111
6450,439382,502.3076432574942,2.9914103283322513e-111
6451,46269876,502.3076432574942,2.9914103283322513e-111
6452,436976,502.3076432574942,2.9914103283322513e-111
6453,4155038,502.3076432574942,2.9914103283322513e-111
6454,4228490,502.3076432574942,2.9914103283322513e-111
6455,74533,502.3076432574942,2.9914103283322513e-111
6456,443871,502.3076432574942,2.9914103283322513e-111
6457,36715680,502.3076432574942,2.9914103283322513e-111
6458,438945,502.3076432574942,2.9914103283322513e-111
6459,198212,502.3076432574942,2.9914103283322513e-111
6460,4322726,502.3076432574942,2.9914103283322513e-111
6461,46270413,502.3076432574942,2.9914103283322513e-111
6462,4159157,502.3076432574942,2.9914103283322513e-111
6463,197507,502.3076432574942,2.9914103283322513e-111
6464,4043395,502.3076432574942,2.9914103283322513e-111
6465,436678,502.3076432574942,2.9914103283322513e-111
6466,4006600,502.3076432574942,2.9914103283322513e-111
6467,198334,502.3076432574942,2.9914103283322513e-111
6468,74468,502.3076432574942,2.9914103283322513e-111
6469,45757304,502.3076432574942,2.9914103283322513e-111
6470,435567,502.3076432574942,2.9914103283322513e-111
6471,75114,502.3076432574942,2.9914103283322513e-111
6472,42536891,502.3076432574942,2.9914103283322513e-111
6473,195876,502.3076432574942,2.9914103283322513e-111
6474,138622,502.3076432574942,2.9914103283322513e-111
6475,37312531,502.3076432574942,2.9914103283322513e-111
6476,4286349,502.3076432574942,2.9914103283322513e-111
6477,441260,502.3076432574942,2.9914103283322513e-111
6478,36717157,502.3076432574942,2.9914103283322513e-111
6479,443560,502.3076432574942,2.9914103283322513e-111
6480,432473,502.3076432574942,2.9914103283322513e-111
6481,321119,502.3076432574942,2.9914103283322513e-111
6482,440758,502.3076432574942,2.9914103283322513e-111
6483,441513,502.3076432574942,2.9914103283322513e-111
6484,4216427,502.3076432574942,2.9914103283322513e-111
6485,4265393,502.3076432574942,2.9914103283322513e-111
6486,45766915,502.3076432574942,2.9914103283322513e-111
6487,4001632,502.3076432574942,2.9914103283322513e-111
6488,45757754,502.3076432574942,2.9914103283322513e-111
6489,45770827,502.3076432574942,2.9914103283322513e-111
6490,200616,502.3076432574942,2.9914103283322513e-111
6491,434094,502.3076432574942,2.9914103283322513e-111
6492,4309779,502.3076432574942,2.9914103283322513e-111
6493,435150,502.3076432574942,2.9914103283322513e-111
6494,437876,502.3076432574942,2.9914103283322513e-111
6495,434497,502.3076432574942,2.9914103283322513e-111
6496,438782,502.3076432574942,2.9914103283322513e-111
6497,139753,502.3076432574942,2.9914103283322513e-111
6498,440076,502.3076432574942,2.9914103283322513e-111
6499,46269888,502.3076432574942,2.9914103283322513e-111
6500,314370,502.3076432574942,2.9914103283322513e-111
6501,37108588,502.3076432574942,2.9914103283322513e-111
6502,440740,502.3076432574942,2.9914103283322513e-111
6503,4199331,502.3076432574942,2.9914103283322513e-111
6504,139980,502.3076432574942,2.9914103283322513e-111
6505,4305587,502.3076432574942,2.9914103283322513e-111
6506,40651279,502.3076432574942,2.9914103283322513e-111
6507,433981,502.3076432574942,2.9914103283322513e-111
6508,37018348,502.3076432574942,2.9914103283322513e-111
6509,4094817,502.3076432574942,2.9914103283322513e-111
6510,255362,502.3076432574942,2.9914103283322513e-111
6511,36712715,502.3076432574942,2.9914103283322513e-111
6512,435853,502.3076432574942,2.9914103283322513e-111
6513,437787,502.3076432574942,2.9914103283322513e-111
6514,760795,502.3076432574942,2.9914103283322513e-111
6515,78093,502.3076432574942,2.9914103283322513e-111
6516,440047,502.3076432574942,2.9914103283322513e-111
6517,439416,502.3076432574942,2.9914103283322513e-111
6518,4125659,502.3076432574942,2.9914103283322513e-111
6519,444068,502.3076432574942,2.9914103283322513e-111
6520,40599994,502.3076432574942,2.9914103283322513e-111
6521,378435,502.3076432574942,2.9914103283322513e-111
6522,374623,502.3076432574942,2.9914103283322513e-111
6523,433716,502.3076432574942,2.9914103283322513e-111
6524,438559,502.3076432574942,2.9914103283322513e-111
6525,40490306,502.3076432574942,2.9914103283322513e-111
6526,80294,502.3076432574942,2.9914103283322513e-111
6527,4246141,502.3076432574942,2.9914103283322513e-111
6528,4002341,502.3076432574942,2.9914103283322513e-111
6529,4105126,502.3076432574942,2.9914103283322513e-111
6530,443599,502.3076432574942,2.9914103283322513e-111
6531,4102492,502.3076432574942,2.9914103283322513e-111
6532,42536393,502.3076432574942,2.9914103283322513e-111
6533,438761,502.3076432574942,2.9914103283322513e-111
6534,438451,502.3076432574942,2.9914103283322513e-111
6535,4344376,502.3076432574942,2.9914103283322513e-111
6536,434577,502.3076432574942,2.9914103283322513e-111
6537,4063582,502.3076432574942,2.9914103283322513e-111
6538,436250,502.3076432574942,2.9914103283322513e-111
6539,4110483,502.3076432574942,2.9914103283322513e-111
6540,4101584,502.3076432574942,2.9914103283322513e-111
6541,46269891,502.3076432574942,2.9914103283322513e-111
6542,4334322,502.3076432574942,2.9914103283322513e-111
6543,432898,502.3076432574942,2.9914103283322513e-111
6544,434953,502.3076432574942,2.9914103283322513e-111
6545,4093002,502.3076432574942,2.9914103283322513e-111
6546,45757704,502.3076432574942,2.9914103283322513e-111
6547,374050,502.3076432574942,2.9914103283322513e-111
6548,375428,502.3076432574942,2.9914103283322513e-111
6549,4322951,502.3076432574942,2.9914103283322513e-111
6550,137016,502.3076432574942,2.9914103283322513e-111
6551,4177365,502.3076432574942,2.9914103283322513e-111
6552,133367,502.3076432574942,2.9914103283322513e-111
6553,4276354,502.3076432574942,2.9914103283322513e-111
6554,438368,502.3076432574942,2.9914103283322513e-111
6555,194607,502.3076432574942,2.9914103283322513e-111
6556,75037,502.3076432574942,2.9914103283322513e-111
6557,45763779,502.3076432574942,2.9914103283322513e-111
6558,4149583,502.3076432574942,2.9914103283322513e-111
6559,4012753,502.3076432574942,2.9914103283322513e-111
6560,4147373,502.3076432574942,2.9914103283322513e-111
6561,438105,502.3076432574942,2.9914103283322513e-111
6562,4274491,502.3076432574942,2.9914103283322513e-111
6563,435781,502.3076432574942,2.9914103283322513e-111
6564,192549,502.3076432574942,2.9914103283322513e-111
6565,4096031,502.3076432574942,2.9914103283322513e-111
6566,40487063,502.3076432574942,2.9914103283322513e-111
6567,434271,502.3076432574942,2.9914103283322513e-111
6568,4180634,502.3076432574942,2.9914103283322513e-111
6569,30683,502.3076432574942,2.9914103283322513e-111
6570,134579,502.3076432574942,2.9914103283322513e-111
6571,40480516,502.3076432574942,2.9914103283322513e-111
6572,4033450,502.3076432574942,2.9914103283322513e-111
6573,4043378,502.3076432574942,2.9914103283322513e-111
6574,37116419,502.3076432574942,2.9914103283322513e-111
6575,140950,502.3076432574942,2.9914103283322513e-111
6576,258787,502.3076432574942,2.9914103283322513e-111
6577,762338,502.3076432574942,2.9914103283322513e-111
6578,4340385,502.3076432574942,2.9914103283322513e-111
6579,36686543,502.3076432574942,2.9914103283322513e-111
6580,4080398,502.3076432574942,2.9914103283322513e-111
6581,4201172,502.3076432574942,2.9914103283322513e-111
6582,380405,502.3076432574942,2.9914103283322513e-111
6583,40397365,502.3076432574942,2.9914103283322513e-111
6584,378433,502.3076432574942,2.9914103283322513e-111
6585,4003834,502.3076432574942,2.9914103283322513e-111
6586,132573,502.3076432574942,2.9914103283322513e-111
6587,4031003,502.3076432574942,2.9914103283322513e-111
6588,135429,502.3076432574942,2.9914103283322513e-111
6589,440382,502.3076432574942,2.9914103283322513e-111
6590,437245,502.3076432574942,2.9914103283322513e-111
6591,441181,502.3076432574942,2.9914103283322513e-111
6592,44788772,502.3076432574942,2.9914103283322513e-111
6593,438744,502.3076432574942,2.9914103283322513e-111
6594,4301373,502.3076432574942,2.9914103283322513e-111
6595,77437,502.3076432574942,2.9914103283322513e-111
6596,134534,502.3076432574942,2.9914103283322513e-111
6597,4333000,502.3076432574942,2.9914103283322513e-111
6598,4111626,502.3076432574942,2.9914103283322513e-111
6599,37016176,502.3076432574942,2.9914103283322513e-111
6600,442274,502.3076432574942,2.9914103283322513e-111
6601,440634,502.3076432574942,2.9914103283322513e-111
6602,438759,502.3076432574942,2.9914103283322513e-111
6603,760748,502.3076432574942,2.9914103283322513e-111
6604,196465,502.3076432574942,2.9914103283322513e-111
6605,4087800,502.3076432574942,2.9914103283322513e-111
6606,4142989,502.3076432574942,2.9914103283322513e-111
6607,44782456,502.3076432574942,2.9914103283322513e-111
6608,443462,502.3076432574942,2.9914103283322513e-111
6609,4215982,502.3076432574942,2.9914103283322513e-111
6610,762337,502.3076432574942,2.9914103283322513e-111
6611,4087897,502.3076432574942,2.9914103283322513e-111
6612,4046804,502.3076432574942,2.9914103283322513e-111
6613,437727,502.3076432574942,2.9914103283322513e-111
6614,4225656,502.3076432574942,2.9914103283322513e-111
6615,78308,502.3076432574942,2.9914103283322513e-111
6616,4207615,502.3076432574942,2.9914103283322513e-111
6617,43530951,502.3076432574942,2.9914103283322513e-111
6618,379015,502.3076432574942,2.9914103283322513e-111
6619,4197544,502.3076432574942,2.9914103283322513e-111
6620,436206,502.3076432574942,2.9914103283322513e-111
6621,45766970,502.3076432574942,2.9914103283322513e-111
6622,46274046,502.3076432574942,2.9914103283322513e-111
6623,4234742,502.3076432574942,2.9914103283322513e-111
6624,4082948,502.3076432574942,2.9914103283322513e-111
6625,40481943,502.3076432574942,2.9914103283322513e-111
6626,132724,502.3076432574942,2.9914103283322513e-111
6627,4091490,502.3076432574942,2.9914103283322513e-111
6628,37207865,502.3076432574942,2.9914103283322513e-111
6629,438543,502.3076432574942,2.9914103283322513e-111
6630,443874,502.3076432574942,2.9914103283322513e-111
6631,442553,502.3076432574942,2.9914103283322513e-111
6632,373489,502.3076432574942,2.9914103283322513e-111
6633,4317981,502.3076432574942,2.9914103283322513e-111
6634,45757380,502.3076432574942,2.9914103283322513e-111
6635,435138,502.3076432574942,2.9914103283322513e-111
6636,4038843,502.3076432574942,2.9914103283322513e-111
6637,438020,502.3076432574942,2.9914103283322513e-111
6638,4029277,502.3076432574942,2.9914103283322513e-111
6639,4029280,502.3076432574942,2.9914103283322513e-111
6640,75634,502.3076432574942,2.9914103283322513e-111
6641,257513,502.3076432574942,2.9914103283322513e-111
6642,46269866,502.3076432574942,2.9914103283322513e-111
6643,40492252,502.3076432574942,2.9914103283322513e-111
6644,4049520,502.3076432574942,2.9914103283322513e-111
6645,81237,502.3076432574942,2.9914103283322513e-111
6646,4034970,502.3076432574942,2.9914103283322513e-111
6647,45766959,502.3076432574942,2.9914103283322513e-111
6648,194685,502.3076432574942,2.9914103283322513e-111
6649,435754,502.3076432574942,2.9914103283322513e-111
6650,4198185,502.3076432574942,2.9914103283322513e-111
6651,36715575,502.3076432574942,2.9914103283322513e-111
6652,45763685,502.3076432574942,2.9914103283322513e-111
6653,4063560,502.3076432574942,2.9914103283322513e-111
6654,4197765,502.3076432574942,2.9914103283322513e-111
6655,46273476,502.3076432574942,2.9914103283322513e-111
6656,195861,502.3076432574942,2.9914103283322513e-111
6657,4087749,502.3076432574942,2.9914103283322513e-111
6658,4094163,502.3076432574942,2.9914103283322513e-111
6659,4316995,502.3076432574942,2.9914103283322513e-111
6660,4308707,502.3076432574942,2.9914103283322513e-111
6661,4091469,502.3076432574942,2.9914103283322513e-111
6662,437867,502.3076432574942,2.9914103283322513e-111
6663,4314071,502.3076432574942,2.9914103283322513e-111
6664,444394,502.3076432574942,2.9914103283322513e-111
6665,40486465,502.3076432574942,2.9914103283322513e-111
6666,4178668,502.3076432574942,2.9914103283322513e-111
6667,193434,502.3076432574942,2.9914103283322513e-111
6668,438694,502.3076432574942,2.9914103283322513e-111
6669,37204824,502.3076432574942,2.9914103283322513e-111
6670,194101,502.3076432574942,2.9914103283322513e-111
6671,134651,502.3076432574942,2.9914103283322513e-111
6672,439438,502.3076432574942,2.9914103283322513e-111
6673,4062790,502.3076432574942,2.9914103283322513e-111
6674,441421,502.3076432574942,2.9914103283322513e-111
6675,4101286,502.3076432574942,2.9914103283322513e-111
6676,201338,502.3076432574942,2.9914103283322513e-111
6677,4035267,502.3076432574942,2.9914103283322513e-111
6678,436344,502.3076432574942,2.9914103283322513e-111
6679,37207864,502.3076432574942,2.9914103283322513e-111
6680,4118017,502.3076432574942,2.9914103283322513e-111
6681,72984,502.3076432574942,2.9914103283322513e-111
6682,36717277,502.3076432574942,2.9914103283322513e-111
6683,4168706,502.3076432574942,2.9914103283322513e-111
6684,4197631,502.3076432574942,2.9914103283322513e-111
6685,200677,502.3076432574942,2.9914103283322513e-111
6686,78274,502.3076432574942,2.9914103283322513e-111
6687,4013461,502.3076432574942,2.9914103283322513e-111
6688,432768,502.3076432574942,2.9914103283322513e-111
6689,45767635,502.3076432574942,2.9914103283322513e-111
6690,45767662,502.3076432574942,2.9914103283322513e-111
6691,254389,502.3076432574942,2.9914103283322513e-111
6692,440785,502.3076432574942,2.9914103283322513e-111
6693,4095288,502.3076432574942,2.9914103283322513e-111
6694,197932,502.3076432574942,2.9914103283322513e-111
6695,4161430,502.3076432574942,2.9914103283322513e-111
6696,439808,502.3076432574942,2.9914103283322513e-111
6697,45771089,502.3076432574942,2.9914103283322513e-111
6698,138526,502.3076432574942,2.9914103283322513e-111
6699,37116529,502.3076432574942,2.9914103283322513e-111
6700,436551,502.3076432574942,2.9914103283322513e-111
6701,44783946,502.3076432574942,2.9914103283322513e-111
6702,4199780,502.3076432574942,2.9914103283322513e-111
6703,194693,502.3076432574942,2.9914103283322513e-111
6704,4345206,502.3076432574942,2.9914103283322513e-111
6705,36715597,502.3076432574942,2.9914103283322513e-111
6706,4164432,502.3076432574942,2.9914103283322513e-111
6707,4004094,502.3076432574942,2.9914103283322513e-111
6708,4302744,502.3076432574942,2.9914103283322513e-111
6709,200974,502.3076432574942,2.9914103283322513e-111
6710,442799,502.3076432574942,2.9914103283322513e-111
6711,374642,502.3076432574942,2.9914103283322513e-111
6712,4311941,502.3076432574942,2.9914103283322513e-111
6713,45766755,502.3076432574942,2.9914103283322513e-111
6714,4159144,502.3076432574942,2.9914103283322513e-111
6715,40485376,502.3076432574942,2.9914103283322513e-111
6716,4096646,502.3076432574942,2.9914103283322513e-111
6717,36712948,502.3076432574942,2.9914103283322513e-111
6718,42536868,502.3076432574942,2.9914103283322513e-111
6719,24198,502.3076432574942,2.9914103283322513e-111
6720,135852,502.3076432574942,2.9914103283322513e-111
6721,4217564,502.3076432574942,2.9914103283322513e-111
6722,377571,502.3076432574942,2.9914103283322513e-111
6723,4109797,502.3076432574942,2.9914103283322513e-111
6724,4016837,502.3076432574942,2.9914103283322513e-111
6725,37207918,502.3076432574942,2.9914103283322513e-111
6726,4176898,502.3076432574942,2.9914103283322513e-111
6727,4028058,502.3076432574942,2.9914103283322513e-111
6728,374631,502.3076432574942,2.9914103283322513e-111
6729,437897,502.3076432574942,2.9914103283322513e-111
6730,4016121,502.3076432574942,2.9914103283322513e-111
6731,46270494,502.3076432574942,2.9914103283322513e-111
6732,4220669,502.3076432574942,2.9914103283322513e-111
6733,4020886,502.3076432574942,2.9914103283322513e-111
6734,4211244,502.3076432574942,2.9914103283322513e-111
6735,76744,502.3076432574942,2.9914103283322513e-111
6736,439746,502.3076432574942,2.9914103283322513e-111
6737,4226354,502.3076432574942,2.9914103283322513e-111
6738,198806,502.3076432574942,2.9914103283322513e-111
6739,433257,502.3076432574942,2.9914103283322513e-111
6740,45766782,502.3076432574942,2.9914103283322513e-111
6741,36684661,502.3076432574942,2.9914103283322513e-111
6742,81945,502.3076432574942,2.9914103283322513e-111
6743,438783,502.3076432574942,2.9914103283322513e-111
6744,134295,502.3076432574942,2.9914103283322513e-111
6745,40482636,502.3076432574942,2.9914103283322513e-111
6746,4343913,502.3076432574942,2.9914103283322513e-111
6747,42534961,502.3076432574942,2.9914103283322513e-111
6748,4066378,502.3076432574942,2.9914103283322513e-111
6749,134380,502.3076432574942,2.9914103283322513e-111
6750,434293,502.3076432574942,2.9914103283322513e-111
6751,4061539,502.3076432574942,2.9914103283322513e-111
6752,4059714,502.3076432574942,2.9914103283322513e-111
6753,4106410,502.3076432574942,2.9914103283322513e-111
6754,4164347,502.3076432574942,2.9914103283322513e-111
6755,4045227,502.3076432574942,2.9914103283322513e-111
6756,4100065,502.3076432574942,2.9914103283322513e-111
6757,4184438,502.3076432574942,2.9914103283322513e-111
6758,434143,502.3076432574942,2.9914103283322513e-111
6759,40484025,502.3076432574942,2.9914103283322513e-111
6760,198313,502.3076432574942,2.9914103283322513e-111
6761,46272381,502.3076432574942,2.9914103283322513e-111
6762,437217,502.3076432574942,2.9914103283322513e-111
6763,261393,502.3076432574942,2.9914103283322513e-111
6764,4099094,502.3076432574942,2.9914103283322513e-111
6765,374355,502.3076432574942,2.9914103283322513e-111
6766,4117701,502.3076432574942,2.9914103283322513e-111
6767,440732,502.3076432574942,2.9914103283322513e-111
6768,440851,502.3076432574942,2.9914103283322513e-111
6769,4269209,502.3076432574942,2.9914103283322513e-111
6770,437268,502.3076432574942,2.9914103283322513e-111
6771,375821,502.3076432574942,2.9914103283322513e-111
6772,4269878,502.3076432574942,2.9914103283322513e-111
6773,4168152,502.3076432574942,2.9914103283322513e-111
6774,45766839,502.3076432574942,2.9914103283322513e-111
6775,438242,502.3076432574942,2.9914103283322513e-111
6776,253235,502.3076432574942,2.9914103283322513e-111
6777,78510,502.3076432574942,2.9914103283322513e-111
6778,4136716,502.3076432574942,2.9914103283322513e-111
6779,46269863,502.3076432574942,2.9914103283322513e-111
6780,4137448,502.3076432574942,2.9914103283322513e-111
6781,4211842,502.3076432574942,2.9914103283322513e-111
6782,45757412,502.3076432574942,2.9914103283322513e-111
6783,192815,502.3076432574942,2.9914103283322513e-111
6784,4044402,502.3076432574942,2.9914103283322513e-111
6785,433222,502.3076432574942,2.9914103283322513e-111
6786,253328,502.3076432574942,2.9914103283322513e-111
6787,435188,502.3076432574942,2.9914103283322513e-111
6788,200440,502.3076432574942,2.9914103283322513e-111
6789,4176120,502.3076432574942,2.9914103283322513e-111
6790,80471,502.3076432574942,2.9914103283322513e-111
6791,37016152,502.3076432574942,2.9914103283322513e-111
6792,433978,502.3076432574942,2.9914103283322513e-111
6793,36715621,502.3076432574942,2.9914103283322513e-111
6794,432297,502.3076432574942,2.9914103283322513e-111
6795,76595,502.3076432574942,2.9914103283322513e-111
6796,195664,502.3076432574942,2.9914103283322513e-111
6797,194265,502.3076432574942,2.9914103283322513e-111
6798,441828,502.3076432574942,2.9914103283322513e-111
6799,4169985,502.3076432574942,2.9914103283322513e-111
6800,4082454,502.3076432574942,2.9914103283322513e-111
6801,377811,502.3076432574942,2.9914103283322513e-111
6802,45767654,502.3076432574942,2.9914103283322513e-111
6803,4239312,502.3076432574942,2.9914103283322513e-111
6804,81763,502.3076432574942,2.9914103283322513e-111
6805,45757708,502.3076432574942,2.9914103283322513e-111
6806,4185093,502.3076432574942,2.9914103283322513e-111
6807,40481857,502.3076432574942,2.9914103283322513e-111
6808,440999,502.3076432574942,2.9914103283322513e-111
6809,4315953,502.3076432574942,2.9914103283322513e-111
6810,4201438,502.3076432574942,2.9914103283322513e-111
6811,141456,502.3076432574942,2.9914103283322513e-111
6812,433146,502.3076432574942,2.9914103283322513e-111
6813,45773540,502.3076432574942,2.9914103283322513e-111
6814,444450,502.3076432574942,2.9914103283322513e-111
6815,4009159,502.3076432574942,2.9914103283322513e-111
6816,380413,502.3076432574942,2.9914103283322513e-111
6817,4286663,502.3076432574942,2.9914103283322513e-111
6818,433738,502.3076432574942,2.9914103283322513e-111
6819,438297,502.3076432574942,2.9914103283322513e-111
6820,444463,502.3076432574942,2.9914103283322513e-111
6821,4025001,502.3076432574942,2.9914103283322513e-111
6822,4129710,502.3076432574942,2.9914103283322513e-111
6823,194987,502.3076432574942,2.9914103283322513e-111
6824,137005,502.3076432574942,2.9914103283322513e-111
6825,4117553,502.3076432574942,2.9914103283322513e-111
6826,36715583,502.3076432574942,2.9914103283322513e-111
6827,4009299,502.3076432574942,2.9914103283322513e-111
6828,4153256,502.3076432574942,2.9914103283322513e-111
6829,373206,502.3076432574942,2.9914103283322513e-111
6830,133803,502.3076432574942,2.9914103283322513e-111
6831,4099508,502.3076432574942,2.9914103283322513e-111
6832,378436,502.3076432574942,2.9914103283322513e-111
6833,440023,502.3076432574942,2.9914103283322513e-111
6834,37016193,502.3076432574942,2.9914103283322513e-111
6835,432848,502.3076432574942,2.9914103283322513e-111
6836,435478,502.3076432574942,2.9914103283322513e-111
6837,4167532,502.3076432574942,2.9914103283322513e-111
6838,4155073,502.3076432574942,2.9914103283322513e-111
6839,443115,502.3076432574942,2.9914103283322513e-111
6840,135764,502.3076432574942,2.9914103283322513e-111
6841,73318,502.3076432574942,2.9914103283322513e-111
6842,4145142,502.3076432574942,2.9914103283322513e-111
6843,252365,502.3076432574942,2.9914103283322513e-111
6844,434584,502.3076432574942,2.9914103283322513e-111
6845,4141395,502.3076432574942,2.9914103283322513e-111
6846,36715594,502.3076432574942,2.9914103283322513e-111
6847,196613,502.3076432574942,2.9914103283322513e-111
6848,4208064,502.3076432574942,2.9914103283322513e-111
6849,45757557,502.3076432574942,2.9914103283322513e-111
6850,437117,502.3076432574942,2.9914103283322513e-111
6851,4015629,502.3076432574942,2.9914103283322513e-111
6852,435684,502.3076432574942,2.9914103283322513e-111
6853,43021408,502.3076432574942,2.9914103283322513e-111
6854,197518,502.3076432574942,2.9914103283322513e-111
6855,440716,502.3076432574942,2.9914103283322513e-111
6856,194420,502.3076432574942,2.9914103283322513e-111
6857,4120090,502.3076432574942,2.9914103283322513e-111
6858,198645,502.3076432574942,2.9914103283322513e-111
6859,4055718,502.3076432574942,2.9914103283322513e-111
6860,37208032,502.3076432574942,2.9914103283322513e-111
6861,4009439,502.3076432574942,2.9914103283322513e-111
6862,192785,502.3076432574942,2.9914103283322513e-111
6863,4020111,502.3076432574942,2.9914103283322513e-111
6864,373188,502.3076432574942,2.9914103283322513e-111
6865,4053597,502.3076432574942,2.9914103283322513e-111
6866,46269751,502.3076432574942,2.9914103283322513e-111
6867,4284824,502.3076432574942,2.9914103283322513e-111
6868,45770921,502.3076432574942,2.9914103283322513e-111
6869,433333,502.3076432574942,2.9914103283322513e-111
6870,4083686,502.3076432574942,2.9914103283322513e-111
6871,253717,502.3076432574942,2.9914103283322513e-111
6872,46270410,502.3076432574942,2.9914103283322513e-111
6873,4186577,502.3076432574942,2.9914103283322513e-111
6874,439977,502.3076432574942,2.9914103283322513e-111
6875,198104,502.3076432574942,2.9914103283322513e-111
6876,432559,502.3076432574942,2.9914103283322513e-111
6877,36674775,502.3076432574942,2.9914103283322513e-111
6878,37208033,502.3076432574942,2.9914103283322513e-111
6879,134454,502.3076432574942,2.9914103283322513e-111
6880,3656854,502.3076432574942,2.9914103283322513e-111
6881,3656938,502.3076432574942,2.9914103283322513e-111
6882,4025198,502.3076432574942,2.9914103283322513e-111
6883,374939,502.3076432574942,2.9914103283322513e-111
6884,4011656,502.3076432574942,2.9914103283322513e-111
6885,4098464,502.3076432574942,2.9914103283322513e-111
6886,192952,502.3076432574942,2.9914103283322513e-111
6887,4168230,502.3076432574942,2.9914103283322513e-111
6888,436643,502.3076432574942,2.9914103283322513e-111
6889,4149024,502.3076432574942,2.9914103283322513e-111
6890,37118663,502.3076432574942,2.9914103283322513e-111
6891,81496,502.3076432574942,2.9914103283322513e-111
6892,4027383,502.3076432574942,2.9914103283322513e-111
6893,4031170,502.3076432574942,2.9914103283322513e-111
6894,4138157,502.3076432574942,2.9914103283322513e-111
6895,22281,502.3076432574942,2.9914103283322513e-111
6896,254062,502.3076432574942,2.9914103283322513e-111
6897,4115180,502.3076432574942,2.9914103283322513e-111
6898,4115546,502.3076432574942,2.9914103283322513e-111
6899,4207623,502.3076432574942,2.9914103283322513e-111
6900,442561,502.3076432574942,2.9914103283322513e-111
6901,4031101,502.3076432574942,2.9914103283322513e-111
6902,432656,502.3076432574942,2.9914103283322513e-111
6903,4138155,502.3076432574942,2.9914103283322513e-111
6904,433704,502.3076432574942,2.9914103283322513e-111
6905,436702,502.3076432574942,2.9914103283322513e-111
6906,45769873,502.3076432574942,2.9914103283322513e-111
6907,40484966,502.3076432574942,2.9914103283322513e-111
6908,320749,502.3076432574942,2.9914103283322513e-111
6909,198198,502.3076432574942,2.9914103283322513e-111
6910,4050547,502.3076432574942,2.9914103283322513e-111
6911,4214869,502.3076432574942,2.9914103283322513e-111
6912,432282,502.3076432574942,2.9914103283322513e-111
6913,79213,502.3076432574942,2.9914103283322513e-111
6914,46270479,502.3076432574942,2.9914103283322513e-111
6915,433486,502.3076432574942,2.9914103283322513e-111
6916,4120610,502.3076432574942,2.9914103283322513e-111
6917,4133194,502.3076432574942,2.9914103283322513e-111
6918,194306,502.3076432574942,2.9914103283322513e-111
6919,444023,502.3076432574942,2.9914103283322513e-111
6920,40481620,502.3076432574942,2.9914103283322513e-111
6921,198291,502.3076432574942,2.9914103283322513e-111
6922,198911,502.3076432574942,2.9914103283322513e-111
6923,4111414,502.3076432574942,2.9914103283322513e-111
6924,75708,502.3076432574942,2.9914103283322513e-111
6925,434859,502.3076432574942,2.9914103283322513e-111
6926,4111720,502.3076432574942,2.9914103283322513e-111
6927,441896,502.3076432574942,2.9914103283322513e-111
6928,4130020,502.3076432574942,2.9914103283322513e-111
6929,35609010,502.3076432574942,2.9914103283322513e-111
6930,4055713,502.3076432574942,2.9914103283322513e-111
6931,4003476,502.3076432574942,2.9914103283322513e-111
6932,4179811,502.3076432574942,2.9914103283322513e-111
6933,4243456,502.3076432574942,2.9914103283322513e-111
6934,4169102,502.3076432574942,2.9914103283322513e-111
6935,4164911,502.3076432574942,2.9914103283322513e-111
6936,440270,502.3076432574942,2.9914103283322513e-111
6937,4111552,502.3076432574942,2.9914103283322513e-111
6938,36716654,502.3076432574942,2.9914103283322513e-111
6939,4137687,502.3076432574942,2.9914103283322513e-111
6940,45766216,502.3076432574942,2.9914103283322513e-111
6941,4062388,502.3076432574942,2.9914103283322513e-111
6942,4264281,502.3076432574942,2.9914103283322513e-111
6943,45763773,502.3076432574942,2.9914103283322513e-111
6944,4098463,502.3076432574942,2.9914103283322513e-111
6945,438701,502.3076432574942,2.9914103283322513e-111
6946,4120401,502.3076432574942,2.9914103283322513e-111
6947,253482,502.3076432574942,2.9914103283322513e-111
6948,4048716,502.3076432574942,2.9914103283322513e-111
6949,37116526,502.3076432574942,2.9914103283322513e-111
6950,197926,502.3076432574942,2.9914103283322513e-111
6951,4047852,502.3076432574942,2.9914103283322513e-111
6952,257778,502.3076432574942,2.9914103283322513e-111
6953,378774,502.3076432574942,2.9914103283322513e-111
6954,432893,502.3076432574942,2.9914103283322513e-111
6955,4021397,502.3076432574942,2.9914103283322513e-111
6956,132494,502.3076432574942,2.9914103283322513e-111
6957,43021985,502.3076432574942,2.9914103283322513e-111
6958,4268046,502.3076432574942,2.9914103283322513e-111
6959,380722,502.3076432574942,2.9914103283322513e-111
6960,4101425,502.3076432574942,2.9914103283322513e-111
6961,321886,502.3076432574942,2.9914103283322513e-111
6962,37118664,502.3076432574942,2.9914103283322513e-111
6963,376698,502.3076432574942,2.9914103283322513e-111
6964,4023985,502.3076432574942,2.9914103283322513e-111
6965,4188413,502.3076432574942,2.9914103283322513e-111
6966,201780,502.3076432574942,2.9914103283322513e-111
6967,438583,502.3076432574942,2.9914103283322513e-111
6968,440856,502.3076432574942,2.9914103283322513e-111
6969,136774,502.3076432574942,2.9914103283322513e-111
6970,4175814,502.3076432574942,2.9914103283322513e-111
6971,45757722,502.3076432574942,2.9914103283322513e-111
6972,4177007,502.3076432574942,2.9914103283322513e-111
6973,432660,502.3076432574942,2.9914103283322513e-111
6974,441190,502.3076432574942,2.9914103283322513e-111
6975,75920,502.3076432574942,2.9914103283322513e-111
6976,138181,502.3076432574942,2.9914103283322513e-111
6977,45766919,502.3076432574942,2.9914103283322513e-111
6978,36715645,502.3076432574942,2.9914103283322513e-111
6979,137520,502.3076432574942,2.9914103283322513e-111
6980,4228112,502.3076432574942,2.9914103283322513e-111
6981,372652,502.3076432574942,2.9914103283322513e-111
6982,437281,502.3076432574942,2.9914103283322513e-111
6983,4009176,502.3076432574942,2.9914103283322513e-111
6984,4063581,502.3076432574942,2.9914103283322513e-111
6985,36717026,502.3076432574942,2.9914103283322513e-111
6986,435840,502.3076432574942,2.9914103283322513e-111
6987,4174506,502.3076432574942,2.9914103283322513e-111
6988,73854,502.3076432574942,2.9914103283322513e-111
6989,440296,502.3076432574942,2.9914103283322513e-111
6990,4335159,502.3076432574942,2.9914103283322513e-111
6991,4262580,502.3076432574942,2.9914103283322513e-111
6992,4309020,502.3076432574942,2.9914103283322513e-111
6993,4152952,502.3076432574942,2.9914103283322513e-111
6994,4319903,502.3076432574942,2.9914103283322513e-111
6995,135029,502.3076432574942,2.9914103283322513e-111
6996,435485,502.3076432574942,2.9914103283322513e-111
6997,36684824,502.3076432574942,2.9914103283322513e-111
6998,4118277,502.3076432574942,2.9914103283322513e-111
6999,45757361,502.3076432574942,2.9914103283322513e-111
7000,37111388,502.3076432574942,2.9914103283322513e-111
7001,4318111,502.3076432574942,2.9914103283322513e-111
7002,438608,502.3076432574942,2.9914103283322513e-111
7003,46270468,502.3076432574942,2.9914103283322513e-111
7004,132392,502.3076432574942,2.9914103283322513e-111
7005,139737,502.3076432574942,2.9914103283322513e-111
7006,441827,502.3076432574942,2.9914103283322513e-111
7007,4035610,502.3076432574942,2.9914103283322513e-111
7008,374650,502.3076432574942,2.9914103283322513e-111
7009,135766,502.3076432574942,2.9914103283322513e-111
7010,261528,502.3076432574942,2.9914103283322513e-111
7011,4056290,502.3076432574942,2.9914103283322513e-111
7012,440893,502.3076432574942,2.9914103283322513e-111
7013,4020302,502.3076432574942,2.9914103283322513e-111
7014,136950,502.3076432574942,2.9914103283322513e-111
7015,4083357,502.3076432574942,2.9914103283322513e-111
7016,4276356,502.3076432574942,2.9914103283322513e-111
7017,436003,502.3076432574942,2.9914103283322513e-111
7018,4061712,502.3076432574942,2.9914103283322513e-111
7019,376697,502.3076432574942,2.9914103283322513e-111
7020,4126291,502.3076432574942,2.9914103283322513e-111
7021,441130,502.3076432574942,2.9914103283322513e-111
7022,259988,502.3076432574942,2.9914103283322513e-111
7023,252655,502.3076432574942,2.9914103283322513e-111
7024,4101283,502.3076432574942,2.9914103283322513e-111
7025,444267,502.3076432574942,2.9914103283322513e-111
7026,46273431,502.3076432574942,2.9914103283322513e-111
7027,437805,502.3076432574942,2.9914103283322513e-111
7028,36715617,502.3076432574942,2.9914103283322513e-111
7029,135923,502.3076432574942,2.9914103283322513e-111
7030,46273592,502.3076432574942,2.9914103283322513e-111
7031,46270455,502.3076432574942,2.9914103283322513e-111
7032,196625,502.3076432574942,2.9914103283322513e-111
7033,40481907,502.3076432574942,2.9914103283322513e-111
7034,45757720,502.3076432574942,2.9914103283322513e-111
7035,4016356,502.3076432574942,2.9914103283322513e-111
7036,4001322,502.3076432574942,2.9914103283322513e-111
7037,433869,502.3076432574942,2.9914103283322513e-111
7038,440105,502.3076432574942,2.9914103283322513e-111
7039,4134173,502.3076432574942,2.9914103283322513e-111
7040,4054513,502.3076432574942,2.9914103283322513e-111
7041,4147222,502.3076432574942,2.9914103283322513e-111
7042,35625035,502.3076432574942,2.9914103283322513e-111
7043,29979,502.3076432574942,2.9914103283322513e-111
7044,78609,502.3076432574942,2.9914103283322513e-111
7045,4066373,502.3076432574942,2.9914103283322513e-111
7046,437798,502.3076432574942,2.9914103283322513e-111
7047,4308563,502.3076432574942,2.9914103283322513e-111
7048,436297,502.3076432574942,2.9914103283322513e-111
7049,4230065,502.3076432574942,2.9914103283322513e-111
7050,436903,502.3076432574942,2.9914103283322513e-111
7051,4063918,502.3076432574942,2.9914103283322513e-111
7052,376512,502.3076432574942,2.9914103283322513e-111
7053,4323827,502.3076432574942,2.9914103283322513e-111
7054,199867,502.3076432574942,2.9914103283322513e-111
7055,37116490,502.3076432574942,2.9914103283322513e-111
7056,4098145,502.3076432574942,2.9914103283322513e-111
7057,380723,502.3076432574942,2.9914103283322513e-111
7058,258684,502.3076432574942,2.9914103283322513e-111
7059,35615028,502.3076432574942,2.9914103283322513e-111
7060,37209501,502.3076432574942,2.9914103283322513e-111
7061,373771,502.3076432574942,2.9914103283322513e-111
7062,4049120,502.3076432574942,2.9914103283322513e-111
7063,4160264,502.3076432574942,2.9914103283322513e-111
7064,435773,502.3076432574942,2.9914103283322513e-111
7065,4080753,502.3076432574942,2.9914103283322513e-111
7066,44782781,502.3076432574942,2.9914103283322513e-111
7067,23988,502.3076432574942,2.9914103283322513e-111
7068,4223448,502.3076432574942,2.9914103283322513e-111
7069,195976,502.3076432574942,2.9914103283322513e-111
7070,439026,502.3076432574942,2.9914103283322513e-111
7071,441006,502.3076432574942,2.9914103283322513e-111
7072,4106999,502.3076432574942,2.9914103283322513e-111
7073,197599,502.3076432574942,2.9914103283322513e-111
7074,46273638,502.3076432574942,2.9914103283322513e-111
7075,136853,502.3076432574942,2.9914103283322513e-111
7076,4102979,502.3076432574942,2.9914103283322513e-111
7077,40479244,502.3076432574942,2.9914103283322513e-111
7078,133419,502.3076432574942,2.9914103283322513e-111
7079,433131,502.3076432574942,2.9914103283322513e-111
7080,372900,502.3076432574942,2.9914103283322513e-111
7081,141050,502.3076432574942,2.9914103283322513e-111
7082,199066,502.3076432574942,2.9914103283322513e-111
7083,45757783,502.3076432574942,2.9914103283322513e-111
7084,440066,502.3076432574942,2.9914103283322513e-111
7085,197253,502.3076432574942,2.9914103283322513e-111
7086,46270475,502.3076432574942,2.9914103283322513e-111
7087,3656984,502.3076432574942,2.9914103283322513e-111
7088,437543,502.3076432574942,2.9914103283322513e-111
7089,433894,502.3076432574942,2.9914103283322513e-111
7090,4041800,502.3076432574942,2.9914103283322513e-111
7091,4312802,502.3076432574942,2.9914103283322513e-111
7092,372649,502.3076432574942,2.9914103283322513e-111
7093,4342995,502.3076432574942,2.9914103283322513e-111
7094,4166907,502.3076432574942,2.9914103283322513e-111
7095,380096,502.3076432574942,2.9914103283322513e-111
7096,4014218,502.3076432574942,2.9914103283322513e-111
7097,133669,502.3076432574942,2.9914103283322513e-111
7098,4216263,502.3076432574942,2.9914103283322513e-111
7099,43530640,502.3076432574942,2.9914103283322513e-111
7100,440203,502.3076432574942,2.9914103283322513e-111
7101,439052,502.3076432574942,2.9914103283322513e-111
7102,436248,502.3076432574942,2.9914103283322513e-111
7103,133078,502.3076432574942,2.9914103283322513e-111
7104,444079,502.3076432574942,2.9914103283322513e-111
7105,4244582,502.3076432574942,2.9914103283322513e-111
7106,4159804,502.3076432574942,2.9914103283322513e-111
7107,4096938,502.3076432574942,2.9914103283322513e-111
7108,76022,502.3076432574942,2.9914103283322513e-111
7109,200146,502.3076432574942,2.9914103283322513e-111
7110,434003,502.3076432574942,2.9914103283322513e-111
7111,4200680,502.3076432574942,2.9914103283322513e-111
7112,4012456,502.3076432574942,2.9914103283322513e-111
7113,432244,502.3076432574942,2.9914103283322513e-111
7114,372613,502.3076432574942,2.9914103283322513e-111
7115,75210,502.3076432574942,2.9914103283322513e-111
7116,196758,502.3076432574942,2.9914103283322513e-111
7117,45766901,502.3076432574942,2.9914103283322513e-111
7118,439971,502.3076432574942,2.9914103283322513e-111
7119,4170723,502.3076432574942,2.9914103283322513e-111
7120,436027,502.3076432574942,2.9914103283322513e-111
7121,4141481,502.3076432574942,2.9914103283322513e-111
7122,4055711,502.3076432574942,2.9914103283322513e-111
7123,4097998,502.3076432574942,2.9914103283322513e-111
7124,140681,502.3076432574942,2.9914103283322513e-111
7125,35624441,502.3076432574942,2.9914103283322513e-111
7126,4275410,502.3076432574942,2.9914103283322513e-111
7127,45771401,502.3076432574942,2.9914103283322513e-111
7128,376413,502.3076432574942,2.9914103283322513e-111
7129,133154,502.3076432574942,2.9914103283322513e-111
7130,434010,502.3076432574942,2.9914103283322513e-111
7131,35624443,502.3076432574942,2.9914103283322513e-111
7132,434354,502.3076432574942,2.9914103283322513e-111
7133,197311,502.3076432574942,2.9914103283322513e-111
7134,4049121,502.3076432574942,2.9914103283322513e-111
7135,4138290,502.3076432574942,2.9914103283322513e-111
7136,380632,502.3076432574942,2.9914103283322513e-111
7137,45757682,502.3076432574942,2.9914103283322513e-111
7138,4182983,502.3076432574942,2.9914103283322513e-111
7139,4334472,502.3076432574942,2.9914103283322513e-111
7140,194691,502.3076432574942,2.9914103283322513e-111
7141,75413,502.3076432574942,2.9914103283322513e-111
7142,440984,502.3076432574942,2.9914103283322513e-111
7143,4015506,502.3076432574942,2.9914103283322513e-111
7144,45766897,502.3076432574942,2.9914103283322513e-111
7145,438542,502.3076432574942,2.9914103283322513e-111
7146,4013468,502.3076432574942,2.9914103283322513e-111
7147,4194631,502.3076432574942,2.9914103283322513e-111
7148,4083552,502.3076432574942,2.9914103283322513e-111
7149,4185758,502.3076432574942,2.9914103283322513e-111
7150,437093,502.3076432574942,2.9914103283322513e-111
7151,196528,502.3076432574942,2.9914103283322513e-111
7152,36717576,502.3076432574942,2.9914103283322513e-111
7153,440351,502.3076432574942,2.9914103283322513e-111
7154,44782594,502.3076432574942,2.9914103283322513e-111
7155,37016170,502.3076432574942,2.9914103283322513e-111
7156,4028933,502.3076432574942,2.9914103283322513e-111
7157,4322528,502.3076432574942,2.9914103283322513e-111
7158,436684,502.3076432574942,2.9914103283322513e-111
7159,374956,502.3076432574942,2.9914103283322513e-111
7160,4108642,502.3076432574942,2.9914103283322513e-111
7161,4308715,502.3076432574942,2.9914103283322513e-111
7162,4068232,502.3076432574942,2.9914103283322513e-111
7163,4276495,502.3076432574942,2.9914103283322513e-111
7164,379813,502.3076432574942,2.9914103283322513e-111
7165,193719,502.3076432574942,2.9914103283322513e-111
7166,4092223,502.3076432574942,2.9914103283322513e-111
7167,4104196,502.3076432574942,2.9914103283322513e-111
7168,433514,502.3076432574942,2.9914103283322513e-111
7169,434895,502.3076432574942,2.9914103283322513e-111
7170,4134922,502.3076432574942,2.9914103283322513e-111
7171,4111721,502.3076432574942,2.9914103283322513e-111
7172,438024,502.3076432574942,2.9914103283322513e-111
7173,4119619,502.3076432574942,2.9914103283322513e-111
7174,438692,502.3076432574942,2.9914103283322513e-111
7175,37108748,502.3076432574942,2.9914103283322513e-111
7176,440193,502.3076432574942,2.9914103283322513e-111
7177,444300,502.3076432574942,2.9914103283322513e-111
7178,198695,502.3076432574942,2.9914103283322513e-111
7179,4155080,502.3076432574942,2.9914103283322513e-111
7180,140099,502.3076432574942,2.9914103283322513e-111
7181,37207902,502.3076432574942,2.9914103283322513e-111
7182,37016211,502.3076432574942,2.9914103283322513e-111
7183,432580,502.3076432574942,2.9914103283322513e-111
7184,374353,502.3076432574942,2.9914103283322513e-111
7185,4253536,502.3076432574942,2.9914103283322513e-111
7186,4091467,502.3076432574942,2.9914103283322513e-111
7187,80592,502.3076432574942,2.9914103283322513e-111
7188,45763720,502.3076432574942,2.9914103283322513e-111
7189,74723,502.3076432574942,2.9914103283322513e-111
7190,46270037,502.3076432574942,2.9914103283322513e-111
7191,4341658,502.3076432574942,2.9914103283322513e-111
7192,4013469,502.3076432574942,2.9914103283322513e-111
7193,40481852,502.3076432574942,2.9914103283322513e-111
7194,438982,502.3076432574942,2.9914103283322513e-111
7195,439678,502.3076432574942,2.9914103283322513e-111
7196,4115548,502.3076432574942,2.9914103283322513e-111
7197,46269818,502.3076432574942,2.9914103283322513e-111
7198,4263345,502.3076432574942,2.9914103283322513e-111
7199,4226238,502.3076432574942,2.9914103283322513e-111
7200,443272,502.3076432574942,2.9914103283322513e-111
7201,4039932,502.3076432574942,2.9914103283322513e-111
7202,81939,502.3076432574942,2.9914103283322513e-111
7203,77182,502.3076432574942,2.9914103283322513e-111
7204,4016130,502.3076432574942,2.9914103283322513e-111
7205,198475,502.3076432574942,2.9914103283322513e-111
7206,44782924,502.3076432574942,2.9914103283322513e-111
7207,4185026,502.3076432574942,2.9914103283322513e-111
7208,4203927,502.3076432574942,2.9914103283322513e-111
7209,432307,502.3076432574942,2.9914103283322513e-111
7210,443702,502.3076432574942,2.9914103283322513e-111
7211,4003980,502.3076432574942,2.9914103283322513e-111
7212,434227,502.3076432574942,2.9914103283322513e-111
7213,433762,502.3076432574942,2.9914103283322513e-111
7214,42537740,502.3076432574942,2.9914103283322513e-111
7215,4171115,502.3076432574942,2.9914103283322513e-111
7216,4108637,502.3076432574942,2.9914103283322513e-111
7217,381306,502.3076432574942,2.9914103283322513e-111
7218,4186285,502.3076432574942,2.9914103283322513e-111
7219,76199,502.3076432574942,2.9914103283322513e-111
7220,27516,502.3076432574942,2.9914103283322513e-111
7221,441026,502.3076432574942,2.9914103283322513e-111
7222,40490826,502.3076432574942,2.9914103283322513e-111
7223,44784591,502.3076432574942,2.9914103283322513e-111
7224,444259,502.3076432574942,2.9914103283322513e-111
7225,4239871,502.3076432574942,2.9914103283322513e-111
7226,434365,502.3076432574942,2.9914103283322513e-111
7227,43530876,502.3076432574942,2.9914103283322513e-111
7228,444229,502.3076432574942,2.9914103283322513e-111
7229,4262590,502.3076432574942,2.9914103283322513e-111
7230,4197245,502.3076432574942,2.9914103283322513e-111
7231,193306,502.3076432574942,2.9914103283322513e-111
7232,4262720,502.3076432574942,2.9914103283322513e-111
7233,381135,502.3076432574942,2.9914103283322513e-111
7234,4102049,502.3076432574942,2.9914103283322513e-111
7235,46270412,502.3076432574942,2.9914103283322513e-111
7236,442184,502.3076432574942,2.9914103283322513e-111
7237,134290,502.3076432574942,2.9914103283322513e-111
7238,4153689,502.3076432574942,2.9914103283322513e-111
7239,78110,502.3076432574942,2.9914103283322513e-111
7240,4152373,502.3076432574942,2.9914103283322513e-111
7241,434111,502.3076432574942,2.9914103283322513e-111
7242,4062551,502.3076432574942,2.9914103283322513e-111
7243,201817,502.3076432574942,2.9914103283322513e-111
7244,4132810,502.3076432574942,2.9914103283322513e-111
7245,375221,502.3076432574942,2.9914103283322513e-111
7246,79765,502.3076432574942,2.9914103283322513e-111
7247,4290538,502.3076432574942,2.9914103283322513e-111
7248,43530688,502.3076432574942,2.9914103283322513e-111
7249,4007583,502.3076432574942,2.9914103283322513e-111
7250,45763849,502.3076432574942,2.9914103283322513e-111
7251,4124841,502.3076432574942,2.9914103283322513e-111
7252,4130026,502.3076432574942,2.9914103283322513e-111
7253,4320024,502.3076432574942,2.9914103283322513e-111
7254,372636,502.3076432574942,2.9914103283322513e-111
7255,37207925,502.3076432574942,2.9914103283322513e-111
7256,45757715,502.3076432574942,2.9914103283322513e-111
7257,45763787,502.3076432574942,2.9914103283322513e-111
7258,4320634,502.3076432574942,2.9914103283322513e-111
7259,40490827,502.3076432574942,2.9914103283322513e-111
7260,4095553,502.3076432574942,2.9914103283322513e-111
7261,432844,502.3076432574942,2.9914103283322513e-111
7262,434340,502.3076432574942,2.9914103283322513e-111
7263,438970,502.3076432574942,2.9914103283322513e-111
7264,4150471,502.3076432574942,2.9914103283322513e-111
7265,45767664,502.3076432574942,2.9914103283322513e-111
7266,4053720,502.3076432574942,2.9914103283322513e-111
7267,44783943,502.3076432574942,2.9914103283322513e-111
7268,4027384,502.3076432574942,2.9914103283322513e-111
7269,198108,502.3076432574942,2.9914103283322513e-111
7270,4055651,502.3076432574942,2.9914103283322513e-111
7271,434557,502.3076432574942,2.9914103283322513e-111
7272,4056346,502.3076432574942,2.9914103283322513e-111
7273,442325,502.3076432574942,2.9914103283322513e-111
7274,197606,502.3076432574942,2.9914103283322513e-111
7275,35610318,502.3076432574942,2.9914103283322513e-111
7276,196307,502.3076432574942,2.9914103283322513e-111
7277,4001124,502.3076432574942,2.9914103283322513e-111
7278,437130,502.3076432574942,2.9914103283322513e-111
7279,4003139,502.3076432574942,2.9914103283322513e-111
7280,434484,502.3076432574942,2.9914103283322513e-111
7281,436166,502.3076432574942,2.9914103283322513e-111
7282,444461,502.3076432574942,2.9914103283322513e-111
7283,4097608,502.3076432574942,2.9914103283322513e-111
7284,4189538,502.3076432574942,2.9914103283322513e-111
7285,4002804,502.3076432574942,2.9914103283322513e-111
7286,380844,502.3076432574942,2.9914103283322513e-111
7287,4133018,502.3076432574942,2.9914103283322513e-111
7288,4015631,502.3076432574942,2.9914103283322513e-111
7289,4038814,502.3076432574942,2.9914103283322513e-111
7290,4117405,502.3076432574942,2.9914103283322513e-111
7291,4224254,502.3076432574942,2.9914103283322513e-111
7292,760811,502.3076432574942,2.9914103283322513e-111
7293,438739,502.3076432574942,2.9914103283322513e-111
7294,4033942,502.3076432574942,2.9914103283322513e-111
7295,46273461,502.3076432574942,2.9914103283322513e-111
7296,433773,502.3076432574942,2.9914103283322513e-111
7297,437732,502.3076432574942,2.9914103283322513e-111
7298,45772708,502.3076432574942,2.9914103283322513e-111
7299,4050147,502.3076432574942,2.9914103283322513e-111
7300,372331,502.3076432574942,2.9914103283322513e-111
7301,4098825,502.3076432574942,2.9914103283322513e-111
7302,4063438,502.3076432574942,2.9914103283322513e-111
7303,4155186,502.3076432574942,2.9914103283322513e-111
7304,440965,502.3076432574942,2.9914103283322513e-111
7305,4050091,502.3076432574942,2.9914103283322513e-111
7306,381024,502.3076432574942,2.9914103283322513e-111
7307,3656899,502.3076432574942,2.9914103283322513e-111
7308,441793,502.3076432574942,2.9914103283322513e-111
7309,4086219,502.3076432574942,2.9914103283322513e-111
7310,22839,502.3076432574942,2.9914103283322513e-111
7311,440549,502.3076432574942,2.9914103283322513e-111
7312,4310082,502.3076432574942,2.9914103283322513e-111
7313,444124,502.3076432574942,2.9914103283322513e-111
7314,40481585,502.3076432574942,2.9914103283322513e-111
7315,313878,502.3076432574942,2.9914103283322513e-111
7316,434154,502.3076432574942,2.9914103283322513e-111
7317,40479208,502.3076432574942,2.9914103283322513e-111
7318,192819,502.3076432574942,2.9914103283322513e-111
7319,4184499,502.3076432574942,2.9914103283322513e-111
7320,4002617,502.3076432574942,2.9914103283322513e-111
7321,4176400,502.3076432574942,2.9914103283322513e-111
7322,198850,502.3076432574942,2.9914103283322513e-111
7323,37118673,502.3076432574942,2.9914103283322513e-111
7324,4162391,502.3076432574942,2.9914103283322513e-111
7325,4006994,502.3076432574942,2.9914103283322513e-111
7326,45766908,502.3076432574942,2.9914103283322513e-111
7327,4155171,502.3076432574942,2.9914103283322513e-111
7328,4241026,502.3076432574942,2.9914103283322513e-111
7329,4016540,502.3076432574942,2.9914103283322513e-111
7330,437623,502.3076432574942,2.9914103283322513e-111
7331,4024659,502.3076432574942,2.9914103283322513e-111
7332,36712695,502.3076432574942,2.9914103283322513e-111
7333,4002155,502.3076432574942,2.9914103283322513e-111
7334,314667,502.3076432574942,2.9914103283322513e-111
7335,4194543,502.3076432574942,2.9914103283322513e-111
7336,45757753,502.3076432574942,2.9914103283322513e-111
7337,140885,502.3076432574942,2.9914103283322513e-111
7338,4066010,502.3076432574942,2.9914103283322513e-111
7339,4162115,502.3076432574942,2.9914103283322513e-111
7340,4285734,502.3076432574942,2.9914103283322513e-111
7341,435492,502.3076432574942,2.9914103283322513e-111
7342,4114975,502.3076432574942,2.9914103283322513e-111
7343,4266230,502.3076432574942,2.9914103283322513e-111
7344,4314086,502.3076432574942,2.9914103283322513e-111
7345,37117752,502.3076432574942,2.9914103283322513e-111
7346,44783882,502.3076432574942,2.9914103283322513e-111
7347,440328,502.3076432574942,2.9914103283322513e-111
7348,254066,502.3076432574942,2.9914103283322513e-111
7349,442601,502.3076432574942,2.9914103283322513e-111
7350,4065761,502.3076432574942,2.9914103283322513e-111
7351,45768755,502.3076432574942,2.9914103283322513e-111
7352,4022078,502.3076432574942,2.9914103283322513e-111
7353,4054878,502.3076432574942,2.9914103283322513e-111
7354,372326,502.3076432574942,2.9914103283322513e-111
7355,436913,502.3076432574942,2.9914103283322513e-111
7356,4314634,502.3076432574942,2.9914103283322513e-111
7357,4176807,502.3076432574942,2.9914103283322513e-111
7358,4059857,502.3076432574942,2.9914103283322513e-111
7359,4153262,502.3076432574942,2.9914103283322513e-111
7360,4170728,502.3076432574942,2.9914103283322513e-111
7361,40487453,502.3076432574942,2.9914103283322513e-111
7362,438685,502.3076432574942,2.9914103283322513e-111
7363,73183,502.3076432574942,2.9914103283322513e-111
7364,435980,502.3076432574942,2.9914103283322513e-111
7365,434480,502.3076432574942,2.9914103283322513e-111
7366,4108760,502.3076432574942,2.9914103283322513e-111
7367,36685160,502.3076432574942,2.9914103283322513e-111
7368,43020459,502.3076432574942,2.9914103283322513e-111
7369,4344395,502.3076432574942,2.9914103283322513e-111
7370,437149,502.3076432574942,2.9914103283322513e-111
7371,442147,502.3076432574942,2.9914103283322513e-111
7372,43530910,502.3076432574942,2.9914103283322513e-111
7373,4173746,502.3076432574942,2.9914103283322513e-111
7374,434672,502.3076432574942,2.9914103283322513e-111
7375,4003191,502.3076432574942,2.9914103283322513e-111
7376,4057580,502.3076432574942,2.9914103283322513e-111
7377,4344166,502.3076432574942,2.9914103283322513e-111
7378,4314207,502.3076432574942,2.9914103283322513e-111
7379,140435,502.3076432574942,2.9914103283322513e-111
7380,140955,502.3076432574942,2.9914103283322513e-111
7381,37016171,502.3076432574942,2.9914103283322513e-111
7382,45772701,502.3076432574942,2.9914103283322513e-111
7383,4172917,502.3076432574942,2.9914103283322513e-111
7384,4221189,502.3076432574942,2.9914103283322513e-111
7385,4221182,502.3076432574942,2.9914103283322513e-111
7386,36687111,502.3076432574942,2.9914103283322513e-111
7387,437316,502.3076432574942,2.9914103283322513e-111
7388,374945,502.3076432574942,2.9914103283322513e-111
7389,4079687,502.3076432574942,2.9914103283322513e-111
7390,4309018,502.3076432574942,2.9914103283322513e-111
7391,4094639,502.3076432574942,2.9914103283322513e-111
7392,4343221,502.3076432574942,2.9914103283322513e-111
7393,75407,502.3076432574942,2.9914103283322513e-111
7394,134248,502.3076432574942,2.9914103283322513e-111
7395,4293479,502.3076432574942,2.9914103283322513e-111
7396,4110362,502.3076432574942,2.9914103283322513e-111
7397,37203928,502.3076432574942,2.9914103283322513e-111
7398,436926,502.3076432574942,2.9914103283322513e-111
7399,4044931,502.3076432574942,2.9914103283322513e-111
7400,4110933,502.3076432574942,2.9914103283322513e-111
7401,43530717,502.3076432574942,2.9914103283322513e-111
7402,4067970,502.3076432574942,2.9914103283322513e-111
7403,45766772,502.3076432574942,2.9914103283322513e-111
7404,4042502,502.3076432574942,2.9914103283322513e-111
7405,4145240,502.3076432574942,2.9914103283322513e-111
7406,4058696,502.3076432574942,2.9914103283322513e-111
7407,437791,502.3076432574942,2.9914103283322513e-111
7408,35626772,502.3076432574942,2.9914103283322513e-111
7409,432419,502.3076432574942,2.9914103283322513e-111
7410,4001118,502.3076432574942,2.9914103283322513e-111
7411,4008520,502.3076432574942,2.9914103283322513e-111
7412,432558,502.3076432574942,2.9914103283322513e-111
7413,4262519,502.3076432574942,2.9914103283322513e-111
7414,372272,502.3076432574942,2.9914103283322513e-111
7415,196051,502.3076432574942,2.9914103283322513e-111
7416,378429,502.3076432574942,2.9914103283322513e-111
7417,4069115,502.3076432574942,2.9914103283322513e-111
7418,432966,502.3076432574942,2.9914103283322513e-111
7419,45770929,502.3076432574942,2.9914103283322513e-111
7420,4059253,502.3076432574942,2.9914103283322513e-111
7421,4145607,502.3076432574942,2.9914103283322513e-111
7422,438751,502.3076432574942,2.9914103283322513e-111
7423,433046,502.3076432574942,2.9914103283322513e-111
7424,4222723,502.3076432574942,2.9914103283322513e-111
7425,443559,502.3076432574942,2.9914103283322513e-111
7426,435038,502.3076432574942,2.9914103283322513e-111
7427,4100823,502.3076432574942,2.9914103283322513e-111
7428,377869,502.3076432574942,2.9914103283322513e-111
7429,4033835,502.3076432574942,2.9914103283322513e-111
7430,4003138,502.3076432574942,2.9914103283322513e-111
7431,195398,502.3076432574942,2.9914103283322513e-111
7432,433760,502.3076432574942,2.9914103283322513e-111
7433,4185547,502.3076432574942,2.9914103283322513e-111
7434,381576,502.3076432574942,2.9914103283322513e-111
7435,4086221,502.3076432574942,2.9914103283322513e-111
7436,4090861,502.3076432574942,2.9914103283322513e-111
7437,4050689,502.3076432574942,2.9914103283322513e-111
7438,4103650,502.3076432574942,2.9914103283322513e-111
7439,4316372,502.3076432574942,2.9914103283322513e-111
7440,40482933,502.3076432574942,2.9914103283322513e-111
7441,140191,502.3076432574942,2.9914103283322513e-111
7442,434942,502.3076432574942,2.9914103283322513e-111
7443,45757247,502.3076432574942,2.9914103283322513e-111
7444,4177387,502.3076432574942,2.9914103283322513e-111
7445,4095892,502.3076432574942,2.9914103283322513e-111
7446,198124,502.3076432574942,2.9914103283322513e-111
7447,4137770,502.3076432574942,2.9914103283322513e-111
7448,4184754,502.3076432574942,2.9914103283322513e-111
7449,440642,502.3076432574942,2.9914103283322513e-111
7450,4119774,502.3076432574942,2.9914103283322513e-111
7451,252544,502.3076432574942,2.9914103283322513e-111
7452,4179911,502.3076432574942,2.9914103283322513e-111
7453,40479608,502.3076432574942,2.9914103283322513e-111
7454,4221998,502.3076432574942,2.9914103283322513e-111
7455,4295722,502.3076432574942,2.9914103283322513e-111
7456,46270368,502.3076432574942,2.9914103283322513e-111
7457,45766784,502.3076432574942,2.9914103283322513e-111
7458,198030,502.3076432574942,2.9914103283322513e-111
7459,378048,502.3076432574942,2.9914103283322513e-111
7460,80854,502.3076432574942,2.9914103283322513e-111
7461,4091714,502.3076432574942,2.9914103283322513e-111
7462,434486,502.3076432574942,2.9914103283322513e-111
7463,4082029,502.3076432574942,2.9914103283322513e-111
7464,437872,502.3076432574942,2.9914103283322513e-111
7465,4287383,502.3076432574942,2.9914103283322513e-111
7466,440825,502.3076432574942,2.9914103283322513e-111
7467,30678,502.3076432574942,2.9914103283322513e-111
7468,436031,502.3076432574942,2.9914103283322513e-111
7469,4127408,502.3076432574942,2.9914103283322513e-111
7470,4051642,502.3076432574942,2.9914103283322513e-111
7471,43531007,502.3076432574942,2.9914103283322513e-111
7472,45757124,502.3076432574942,2.9914103283322513e-111
7473,4171910,502.3076432574942,2.9914103283322513e-111
7474,440195,502.3076432574942,2.9914103283322513e-111
7475,135424,502.3076432574942,2.9914103283322513e-111
7476,137909,502.3076432574942,2.9914103283322513e-111
7477,4067312,502.3076432574942,2.9914103283322513e-111
7478,434474,502.3076432574942,2.9914103283322513e-111
7479,376408,502.3076432574942,2.9914103283322513e-111
7480,4105584,502.3076432574942,2.9914103283322513e-111
7481,40493208,502.3076432574942,2.9914103283322513e-111
7482,4054872,502.3076432574942,2.9914103283322513e-111
7483,201121,502.3076432574942,2.9914103283322513e-111
7484,200338,502.3076432574942,2.9914103283322513e-111
7485,4193176,502.3076432574942,2.9914103283322513e-111
7486,4224176,502.3076432574942,2.9914103283322513e-111
7487,46269877,502.3076432574942,2.9914103283322513e-111
7488,443610,502.3076432574942,2.9914103283322513e-111
7489,4069933,502.3076432574942,2.9914103283322513e-111
7490,4034232,502.3076432574942,2.9914103283322513e-111
7491,4013612,502.3076432574942,2.9914103283322513e-111
7492,45766783,502.3076432574942,2.9914103283322513e-111
7493,24296,502.3076432574942,2.9914103283322513e-111
7494,432493,502.3076432574942,2.9914103283322513e-111
7495,40491360,502.3076432574942,2.9914103283322513e-111
7496,260034,502.3076432574942,2.9914103283322513e-111
7497,436054,502.3076432574942,2.9914103283322513e-111
7498,432430,502.3076432574942,2.9914103283322513e-111
7499,45757122,502.3076432574942,2.9914103283322513e-111
7500,4179319,502.3076432574942,2.9914103283322513e-111
7501,4031011,502.3076432574942,2.9914103283322513e-111
7502,4116926,502.3076432574942,2.9914103283322513e-111
7503,4002803,502.3076432574942,2.9914103283322513e-111
7504,433694,502.3076432574942,2.9914103283322513e-111
7505,438969,502.3076432574942,2.9914103283322513e-111
7506,4195522,502.3076432574942,2.9914103283322513e-111
7507,4271572,502.3076432574942,2.9914103283322513e-111
7508,4225982,502.3076432574942,2.9914103283322513e-111
7509,442024,502.3076432574942,2.9914103283322513e-111
7510,4055899,502.3076432574942,2.9914103283322513e-111
7511,4230779,502.3076432574942,2.9914103283322513e-111
7512,4323580,502.3076432574942,2.9914103283322513e-111
7513,4173657,502.3076432574942,2.9914103283322513e-111
7514,36683644,502.3076432574942,2.9914103283322513e-111
7515,45766912,502.3076432574942,2.9914103283322513e-111
7516,43020664,502.3076432574942,2.9914103283322513e-111
7517,4096770,502.3076432574942,2.9914103283322513e-111
7518,42535174,502.3076432574942,2.9914103283322513e-111
7519,435701,502.3076432574942,2.9914103283322513e-111
7520,372930,502.3076432574942,2.9914103283322513e-111
7521,4296638,502.3076432574942,2.9914103283322513e-111
7522,201478,502.3076432574942,2.9914103283322513e-111
7523,201332,502.3076432574942,2.9914103283322513e-111
7524,4232106,502.3076432574942,2.9914103283322513e-111
7525,45757690,502.3076432574942,2.9914103283322513e-111
7526,442769,502.3076432574942,2.9914103283322513e-111
7527,444098,502.3076432574942,2.9914103283322513e-111
7528,4283690,502.3076432574942,2.9914103283322513e-111
7529,132565,502.3076432574942,2.9914103283322513e-111
7530,4219010,502.3076432574942,2.9914103283322513e-111
7531,45766939,502.3076432574942,2.9914103283322513e-111
7532,43530646,502.3076432574942,2.9914103283322513e-111
7533,4319334,502.3076432574942,2.9914103283322513e-111
7534,79915,502.3076432574942,2.9914103283322513e-111
7535,4033300,502.3076432574942,2.9914103283322513e-111
7536,45771407,502.3076432574942,2.9914103283322513e-111
7537,4048434,502.3076432574942,2.9914103283322513e-111
7538,4002572,502.3076432574942,2.9914103283322513e-111
7539,134865,502.3076432574942,2.9914103283322513e-111
7540,141816,502.3076432574942,2.9914103283322513e-111
7541,73383,502.3076432574942,2.9914103283322513e-111
7542,4242875,502.3076432574942,2.9914103283322513e-111
7543,36685932,502.3076432574942,2.9914103283322513e-111
7544,4055483,502.3076432574942,2.9914103283322513e-111
7545,439018,502.3076432574942,2.9914103283322513e-111
7546,437220,502.3076432574942,2.9914103283322513e-111
7547,433340,502.3076432574942,2.9914103283322513e-111
7548,4065355,502.3076432574942,2.9914103283322513e-111
7549,4043387,502.3076432574942,2.9914103283322513e-111
7550,4009168,502.3076432574942,2.9914103283322513e-111
7551,74445,502.3076432574942,2.9914103283322513e-111
7552,4056430,502.3076432574942,2.9914103283322513e-111
7553,75628,502.3076432574942,2.9914103283322513e-111
7554,4283942,502.3076432574942,2.9914103283322513e-111
7555,441406,502.3076432574942,2.9914103283322513e-111
7556,4323825,502.3076432574942,2.9914103283322513e-111
7557,4110510,502.3076432574942,2.9914103283322513e-111
7558,443528,502.3076432574942,2.9914103283322513e-111
7559,372243,502.3076432574942,2.9914103283322513e-111
7560,37205092,502.3076432574942,2.9914103283322513e-111
7561,4122199,502.3076432574942,2.9914103283322513e-111
7562,78257,502.3076432574942,2.9914103283322513e-111
7563,79174,502.3076432574942,2.9914103283322513e-111
7564,4263569,502.3076432574942,2.9914103283322513e-111
7565,4337373,502.3076432574942,2.9914103283322513e-111
7566,201619,502.3076432574942,2.9914103283322513e-111
7567,4215933,502.3076432574942,2.9914103283322513e-111
7568,136915,502.3076432574942,2.9914103283322513e-111
7569,27235,502.3076432574942,2.9914103283322513e-111
7570,433135,502.3076432574942,2.9914103283322513e-111
7571,437836,502.3076432574942,2.9914103283322513e-111
7572,440080,502.3076432574942,2.9914103283322513e-111
7573,76570,502.3076432574942,2.9914103283322513e-111
7574,30061,502.3076432574942,2.9914103283322513e-111
7575,4148093,502.3076432574942,2.9914103283322513e-111
7576,45773388,502.3076432574942,2.9914103283322513e-111
7577,432260,502.3076432574942,2.9914103283322513e-111
7578,4023944,502.3076432574942,2.9914103283322513e-111
7579,432593,502.3076432574942,2.9914103283322513e-111
7580,4338897,502.3076432574942,2.9914103283322513e-111
7581,195482,502.3076432574942,2.9914103283322513e-111
7582,137219,502.3076432574942,2.9914103283322513e-111
7583,4033662,502.3076432574942,2.9914103283322513e-111
7584,46273369,502.3076432574942,2.9914103283322513e-111
7585,4111297,502.3076432574942,2.9914103283322513e-111
7586,37399393,502.3076432574942,2.9914103283322513e-111
7587,4177097,502.3076432574942,2.9914103283322513e-111
7588,40403168,502.3076432574942,2.9914103283322513e-111
7589,4087778,502.3076432574942,2.9914103283322513e-111
7590,434302,502.3076432574942,2.9914103283322513e-111
7591,40490360,502.3076432574942,2.9914103283322513e-111
7592,4026136,502.3076432574942,2.9914103283322513e-111
7593,4109398,502.3076432574942,2.9914103283322513e-111
7594,46271527,502.3076432574942,2.9914103283322513e-111
7595,436176,502.3076432574942,2.9914103283322513e-111
7596,4167493,502.3076432574942,2.9914103283322513e-111
7597,74373,502.3076432574942,2.9914103283322513e-111
7598,4031134,502.3076432574942,2.9914103283322513e-111
7599,438963,502.3076432574942,2.9914103283322513e-111
7600,4117255,502.3076432574942,2.9914103283322513e-111
7601,373101,502.3076432574942,2.9914103283322513e-111
7602,440511,502.3076432574942,2.9914103283322513e-111
7603,4033891,502.3076432574942,2.9914103283322513e-111
7604,441085,502.3076432574942,2.9914103283322513e-111
7605,134741,502.3076432574942,2.9914103283322513e-111
7606,4175582,502.3076432574942,2.9914103283322513e-111
7607,4102351,502.3076432574942,2.9914103283322513e-111
7608,42537493,502.3076432574942,2.9914103283322513e-111
7609,373692,502.3076432574942,2.9914103283322513e-111
7610,4009644,502.3076432574942,2.9914103283322513e-111
7611,4007447,502.3076432574942,2.9914103283322513e-111
7612,437396,502.3076432574942,2.9914103283322513e-111
7613,4315940,502.3076432574942,2.9914103283322513e-111
7614,44782755,502.3076432574942,2.9914103283322513e-111
7615,201399,502.3076432574942,2.9914103283322513e-111
7616,140046,502.3076432574942,2.9914103283322513e-111
7617,4187913,502.3076432574942,2.9914103283322513e-111
7618,4243874,502.3076432574942,2.9914103283322513e-111
7619,437998,502.3076432574942,2.9914103283322513e-111
7620,4262578,502.3076432574942,2.9914103283322513e-111
7621,4221077,502.3076432574942,2.9914103283322513e-111
7622,438762,502.3076432574942,2.9914103283322513e-111
7623,4180770,502.3076432574942,2.9914103283322513e-111
7624,4087449,502.3076432574942,2.9914103283322513e-111
7625,443878,502.3076432574942,2.9914103283322513e-111
7626,37116495,502.3076432574942,2.9914103283322513e-111
7627,4338958,502.3076432574942,2.9914103283322513e-111
7628,79165,502.3076432574942,2.9914103283322513e-111
7629,4057178,502.3076432574942,2.9914103283322513e-111
7630,36685231,502.3076432574942,2.9914103283322513e-111
7631,4096314,502.3076432574942,2.9914103283322513e-111
7632,77357,502.3076432574942,2.9914103283322513e-111
7633,434559,502.3076432574942,2.9914103283322513e-111
7634,760799,502.3076432574942,2.9914103283322513e-111
7635,37016352,502.3076432574942,2.9914103283322513e-111
7636,444125,502.3076432574942,2.9914103283322513e-111
7637,4340962,502.3076432574942,2.9914103283322513e-111
7638,4108968,502.3076432574942,2.9914103283322513e-111
7639,4155198,502.3076432574942,2.9914103283322513e-111
7640,4172185,502.3076432574942,2.9914103283322513e-111
7641,75095,502.3076432574942,2.9914103283322513e-111
7642,45757764,502.3076432574942,2.9914103283322513e-111
7643,46269836,502.3076432574942,2.9914103283322513e-111
7644,4031189,502.3076432574942,2.9914103283322513e-111
7645,4345685,502.3076432574942,2.9914103283322513e-111
7646,439017,502.3076432574942,2.9914103283322513e-111
7647,192268,502.3076432574942,2.9914103283322513e-111
7648,442163,502.3076432574942,2.9914103283322513e-111
7649,4108677,502.3076432574942,2.9914103283322513e-111
7650,81247,502.3076432574942,2.9914103283322513e-111
7651,4135090,502.3076432574942,2.9914103283322513e-111
7652,4081250,502.3076432574942,2.9914103283322513e-111
7653,45757325,502.3076432574942,2.9914103283322513e-111
7654,75375,502.3076432574942,2.9914103283322513e-111
7655,258449,502.3076432574942,2.9914103283322513e-111
7656,760800,502.3076432574942,2.9914103283322513e-111
7657,4002496,502.3076432574942,2.9914103283322513e-111
7658,442129,502.3076432574942,2.9914103283322513e-111
7659,4338035,502.3076432574942,2.9914103283322513e-111
7660,4239550,502.3076432574942,2.9914103283322513e-111
7661,78621,502.3076432574942,2.9914103283322513e-111
7662,4159691,502.3076432574942,2.9914103283322513e-111
7663,40483847,502.3076432574942,2.9914103283322513e-111
7664,433423,502.3076432574942,2.9914103283322513e-111
7665,78314,502.3076432574942,2.9914103283322513e-111
7666,4112813,502.3076432574942,2.9914103283322513e-111
7667,134569,502.3076432574942,2.9914103283322513e-111
7668,134734,502.3076432574942,2.9914103283322513e-111
7669,4113942,502.3076432574942,2.9914103283322513e-111
7670,372647,502.3076432574942,2.9914103283322513e-111
7671,37312674,502.3076432574942,2.9914103283322513e-111
7672,45757775,502.3076432574942,2.9914103283322513e-111
7673,377555,502.3076432574942,2.9914103283322513e-111
7674,4057743,502.3076432574942,2.9914103283322513e-111
7675,138377,502.3076432574942,2.9914103283322513e-111
7676,4030847,502.3076432574942,2.9914103283322513e-111
7677,37309681,502.3076432574942,2.9914103283322513e-111
7678,438664,502.3076432574942,2.9914103283322513e-111
7679,4189531,502.3076432574942,2.9914103283322513e-111
7680,4110186,502.3076432574942,2.9914103283322513e-111
7681,46269931,502.3076432574942,2.9914103283322513e-111
7682,197225,502.3076432574942,2.9914103283322513e-111
7683,77640,502.3076432574942,2.9914103283322513e-111
7684,46270516,502.3076432574942,2.9914103283322513e-111
7685,4167918,502.3076432574942,2.9914103283322513e-111
7686,439160,502.3076432574942,2.9914103283322513e-111
7687,4007916,502.3076432574942,2.9914103283322513e-111
7688,438329,502.3076432574942,2.9914103283322513e-111
7689,4181885,502.3076432574942,2.9914103283322513e-111
7690,435739,502.3076432574942,2.9914103283322513e-111
7691,4139034,502.3076432574942,2.9914103283322513e-111
7692,4215747,502.3076432574942,2.9914103283322513e-111
7693,45766087,502.3076432574942,2.9914103283322513e-111
7694,439853,502.3076432574942,2.9914103283322513e-111
7695,3656971,502.3076432574942,2.9914103283322513e-111
7696,4143480,502.3076432574942,2.9914103283322513e-111
7697,198195,502.3076432574942,2.9914103283322513e-111
7698,36715682,502.3076432574942,2.9914103283322513e-111
7699,4013449,502.3076432574942,2.9914103283322513e-111
7700,377085,502.3076432574942,2.9914103283322513e-111
7701,4108641,502.3076432574942,2.9914103283322513e-111
7702,4105020,502.3076432574942,2.9914103283322513e-111
7703,197343,502.3076432574942,2.9914103283322513e-111
7704,4116447,502.3076432574942,2.9914103283322513e-111
7705,45757216,502.3076432574942,2.9914103283322513e-111
7706,4095360,502.3076432574942,2.9914103283322513e-111
7707,35625873,502.3076432574942,2.9914103283322513e-111
7708,315763,502.3076432574942,2.9914103283322513e-111
7709,439738,502.3076432574942,2.9914103283322513e-111
7710,315202,502.3076432574942,2.9914103283322513e-111
7711,75908,502.3076432574942,2.9914103283322513e-111
7712,45763788,502.3076432574942,2.9914103283322513e-111
7713,45757336,502.3076432574942,2.9914103283322513e-111
7714,4044055,502.3076432574942,2.9914103283322513e-111
7715,4217219,502.3076432574942,2.9914103283322513e-111
7716,4058513,502.3076432574942,2.9914103283322513e-111
7717,4141588,502.3076432574942,2.9914103283322513e-111
7718,376663,502.3076432574942,2.9914103283322513e-111
7719,4220197,502.3076432574942,2.9914103283322513e-111
7720,133511,502.3076432574942,2.9914103283322513e-111
7721,372633,502.3076432574942,2.9914103283322513e-111
7722,438733,502.3076432574942,2.9914103283322513e-111
7723,193830,502.3076432574942,2.9914103283322513e-111
7724,4310964,502.3076432574942,2.9914103283322513e-111
7725,195513,502.3076432574942,2.9914103283322513e-111
7726,443552,502.3076432574942,2.9914103283322513e-111
7727,4244530,502.3076432574942,2.9914103283322513e-111
7728,4100152,502.3076432574942,2.9914103283322513e-111
7729,4242974,502.3076432574942,2.9914103283322513e-111
7730,37116507,502.3076432574942,2.9914103283322513e-111
7731,4067054,502.3076432574942,2.9914103283322513e-111
7732,37116623,502.3076432574942,2.9914103283322513e-111
7733,37116624,502.3076432574942,2.9914103283322513e-111
7734,40493243,502.3076432574942,2.9914103283322513e-111
7735,24909,502.3076432574942,2.9914103283322513e-111
7736,443956,502.3076432574942,2.9914103283322513e-111
7737,4106203,502.3076432574942,2.9914103283322513e-111
7738,4051764,502.3076432574942,2.9914103283322513e-111
7739,4183457,502.3076432574942,2.9914103283322513e-111
7740,4140301,502.3076432574942,2.9914103283322513e-111
7741,197782,502.3076432574942,2.9914103283322513e-111
7742,43530650,502.3076432574942,2.9914103283322513e-111
7743,200671,502.3076432574942,2.9914103283322513e-111
7744,4009754,502.3076432574942,2.9914103283322513e-111
7745,44782753,502.3076432574942,2.9914103283322513e-111
7746,760176,502.3076432574942,2.9914103283322513e-111
7747,438411,502.3076432574942,2.9914103283322513e-111
7748,4001170,502.3076432574942,2.9914103283322513e-111
7749,4241909,502.3076432574942,2.9914103283322513e-111
7750,4316362,502.3076432574942,2.9914103283322513e-111
7751,436090,502.3076432574942,2.9914103283322513e-111
7752,4340397,502.3076432574942,2.9914103283322513e-111
7753,4120604,502.3076432574942,2.9914103283322513e-111
7754,36717004,502.3076432574942,2.9914103283322513e-111
7755,4020007,502.3076432574942,2.9914103283322513e-111
7756,435130,502.3076432574942,2.9914103283322513e-111
7757,441761,502.3076432574942,2.9914103283322513e-111
7758,4020005,502.3076432574942,2.9914103283322513e-111
7759,4102350,502.3076432574942,2.9914103283322513e-111
7760,433618,502.3076432574942,2.9914103283322513e-111
7761,40489826,502.3076432574942,2.9914103283322513e-111
7762,4092697,502.3076432574942,2.9914103283322513e-111
7763,4343239,502.3076432574942,2.9914103283322513e-111
7764,4299149,502.3076432574942,2.9914103283322513e-111
7765,44784338,502.3076432574942,2.9914103283322513e-111
7766,261883,502.3076432574942,2.9914103283322513e-111
7767,4094087,502.3076432574942,2.9914103283322513e-111
7768,4032899,502.3076432574942,2.9914103283322513e-111
7769,4129550,502.3076432574942,2.9914103283322513e-111
7770,4092828,502.3076432574942,2.9914103283322513e-111
7771,377101,502.3076432574942,2.9914103283322513e-111
7772,46269924,502.3076432574942,2.9914103283322513e-111
7773,437090,502.3076432574942,2.9914103283322513e-111
7774,192974,502.3076432574942,2.9914103283322513e-111
7775,4126257,502.3076432574942,2.9914103283322513e-111
7776,46269951,502.3076432574942,2.9914103283322513e-111
7777,81948,502.3076432574942,2.9914103283322513e-111
7778,4185800,502.3076432574942,2.9914103283322513e-111
7779,4290062,502.3076432574942,2.9914103283322513e-111
7780,4318653,502.3076432574942,2.9914103283322513e-111
7781,4001144,502.3076432574942,2.9914103283322513e-111
7782,4152968,502.3076432574942,2.9914103283322513e-111
7783,46270333,502.3076432574942,2.9914103283322513e-111
7784,375270,502.3076432574942,2.9914103283322513e-111
7785,374317,502.3076432574942,2.9914103283322513e-111
7786,440220,502.3076432574942,2.9914103283322513e-111
7787,193422,502.3076432574942,2.9914103283322513e-111
7788,4139587,502.3076432574942,2.9914103283322513e-111
7789,434932,502.3076432574942,2.9914103283322513e-111
7790,433100,502.3076432574942,2.9914103283322513e-111
7791,4100824,502.3076432574942,2.9914103283322513e-111
7792,4102936,502.3076432574942,2.9914103283322513e-111
7793,4115355,502.3076432574942,2.9914103283322513e-111
7794,434929,502.3076432574942,2.9914103283322513e-111
7795,436833,502.3076432574942,2.9914103283322513e-111
7796,37116540,502.3076432574942,2.9914103283322513e-111
7797,433864,502.3076432574942,2.9914103283322513e-111
7798,436740,502.3076432574942,2.9914103283322513e-111
7799,36712703,502.3076432574942,2.9914103283322513e-111
7800,4002306,502.3076432574942,2.9914103283322513e-111
7801,4066727,502.3076432574942,2.9914103283322513e-111
7802,4239065,502.3076432574942,2.9914103283322513e-111
7803,79102,502.3076432574942,2.9914103283322513e-111
7804,45757241,502.3076432574942,2.9914103283322513e-111
7805,4079686,502.3076432574942,2.9914103283322513e-111
7806,46273644,502.3076432574942,2.9914103283322513e-111
7807,4199407,502.3076432574942,2.9914103283322513e-111
7808,132704,502.3076432574942,2.9914103283322513e-111
7809,4305376,502.3076432574942,2.9914103283322513e-111
7810,438152,502.3076432574942,2.9914103283322513e-111
7811,40488799,502.3076432574942,2.9914103283322513e-111
7812,4044930,502.3076432574942,2.9914103283322513e-111
7813,4233224,502.3076432574942,2.9914103283322513e-111
7814,4028980,502.3076432574942,2.9914103283322513e-111
7815,255084,502.3076432574942,2.9914103283322513e-111
7816,4336230,502.3076432574942,2.9914103283322513e-111
7817,433173,502.3076432574942,2.9914103283322513e-111
7818,4173974,502.3076432574942,2.9914103283322513e-111
7819,4029268,502.3076432574942,2.9914103283322513e-111
7820,4033717,502.3076432574942,2.9914103283322513e-111
7821,37117754,502.3076432574942,2.9914103283322513e-111
7822,4292525,502.3076432574942,2.9914103283322513e-111
7823,78987,502.3076432574942,2.9914103283322513e-111
7824,44783281,502.3076432574942,2.9914103283322513e-111
7825,4169915,502.3076432574942,2.9914103283322513e-111
7826,4014526,502.3076432574942,2.9914103283322513e-111
7827,36685933,502.3076432574942,2.9914103283322513e-111
7828,437850,502.3076432574942,2.9914103283322513e-111
7829,4096625,502.3076432574942,2.9914103283322513e-111
7830,4302329,502.3076432574942,2.9914103283322513e-111
7831,42538227,502.3076432574942,2.9914103283322513e-111
7832,4117554,502.3076432574942,2.9914103283322513e-111
7833,4122189,502.3076432574942,2.9914103283322513e-111
7834,375921,502.3076432574942,2.9914103283322513e-111
7835,36674346,502.3076432574942,2.9914103283322513e-111
7836,193722,502.3076432574942,2.9914103283322513e-111
7837,4271140,502.3076432574942,2.9914103283322513e-111
7838,443428,502.3076432574942,2.9914103283322513e-111
7839,4136562,502.3076432574942,2.9914103283322513e-111
7840,78829,502.3076432574942,2.9914103283322513e-111
7841,4195797,502.3076432574942,2.9914103283322513e-111
7842,443282,502.3076432574942,2.9914103283322513e-111
7843,4135092,502.3076432574942,2.9914103283322513e-111
7844,4092563,502.3076432574942,2.9914103283322513e-111
7845,438167,502.3076432574942,2.9914103283322513e-111
7846,433490,502.3076432574942,2.9914103283322513e-111
7847,380118,502.3076432574942,2.9914103283322513e-111
7848,4241890,502.3076432574942,2.9914103283322513e-111
7849,136639,502.3076432574942,2.9914103283322513e-111
7850,4035750,502.3076432574942,2.9914103283322513e-111
7851,4002494,502.3076432574942,2.9914103283322513e-111
7852,137322,502.3076432574942,2.9914103283322513e-111
7853,261495,502.3076432574942,2.9914103283322513e-111
7854,4209550,502.3076432574942,2.9914103283322513e-111
7855,4050706,502.3076432574942,2.9914103283322513e-111
7856,78830,502.3076432574942,2.9914103283322513e-111
7857,4054058,502.3076432574942,2.9914103283322513e-111
7858,373769,502.3076432574942,2.9914103283322513e-111
7859,4179720,502.3076432574942,2.9914103283322513e-111
7860,432625,502.3076432574942,2.9914103283322513e-111
7861,37311061,502.3076432574942,2.9914103283322513e-111
7862,4067885,502.3076432574942,2.9914103283322513e-111
7863,4239520,502.3076432574942,2.9914103283322513e-111
7864,377566,502.3076432574942,2.9914103283322513e-111
7865,4287493,502.3076432574942,2.9914103283322513e-111
7866,379814,502.3076432574942,2.9914103283322513e-111
7867,45763789,502.3076432574942,2.9914103283322513e-111
7868,75692,502.3076432574942,2.9914103283322513e-111
7869,75488,502.3076432574942,2.9914103283322513e-111
7870,4094984,502.3076432574942,2.9914103283322513e-111
7871,439857,502.3076432574942,2.9914103283322513e-111
7872,432830,502.3076432574942,2.9914103283322513e-111
7873,46271915,502.3076432574942,2.9914103283322513e-111
7874,380995,502.3076432574942,2.9914103283322513e-111
7875,441311,502.3076432574942,2.9914103283322513e-111
7876,4009170,502.3076432574942,2.9914103283322513e-111
7877,4111321,502.3076432574942,2.9914103283322513e-111
7878,4201700,502.3076432574942,2.9914103283322513e-111
7879,30333,502.3076432574942,2.9914103283322513e-111
7880,4218193,502.3076432574942,2.9914103283322513e-111
7881,4134335,502.3076432574942,2.9914103283322513e-111
7882,4177207,502.3076432574942,2.9914103283322513e-111
7883,4100825,502.3076432574942,2.9914103283322513e-111
7884,46269860,502.3076432574942,2.9914103283322513e-111
7885,4161830,502.3076432574942,2.9914103283322513e-111
7886,440119,502.3076432574942,2.9914103283322513e-111
7887,4150816,502.3076432574942,2.9914103283322513e-111
7888,433979,502.3076432574942,2.9914103283322513e-111
7889,201221,502.3076432574942,2.9914103283322513e-111
7890,72693,502.3076432574942,2.9914103283322513e-111
7891,437538,502.3076432574942,2.9914103283322513e-111
7892,435646,502.3076432574942,2.9914103283322513e-111
7893,4112814,502.3076432574942,2.9914103283322513e-111
7894,4049797,502.3076432574942,2.9914103283322513e-111
7895,73373,502.3076432574942,2.9914103283322513e-111
7896,4024688,502.3076432574942,2.9914103283322513e-111
7897,4024266,502.3076432574942,2.9914103283322513e-111
7898,4065483,502.3076432574942,2.9914103283322513e-111
7899,72401,502.3076432574942,2.9914103283322513e-111
7900,4019044,502.3076432574942,2.9914103283322513e-111
7901,435253,502.3076432574942,2.9914103283322513e-111
7902,4030362,502.3076432574942,2.9914103283322513e-111
7903,4178915,502.3076432574942,2.9914103283322513e-111
7904,4051447,502.3076432574942,2.9914103283322513e-111
7905,4135715,502.3076432574942,2.9914103283322513e-111
7906,4049014,502.3076432574942,2.9914103283322513e-111
7907,4307213,502.3076432574942,2.9914103283322513e-111
7908,4311480,502.3076432574942,2.9914103283322513e-111
7909,136932,502.3076432574942,2.9914103283322513e-111
7910,4010378,502.3076432574942,2.9914103283322513e-111
7911,4095571,502.3076432574942,2.9914103283322513e-111
7912,45757748,502.3076432574942,2.9914103283322513e-111
7913,442754,502.3076432574942,2.9914103283322513e-111
7914,80205,502.3076432574942,2.9914103283322513e-111
7915,4185780,502.3076432574942,2.9914103283322513e-111
7916,4146482,502.3076432574942,2.9914103283322513e-111
7917,4024671,502.3076432574942,2.9914103283322513e-111
7918,4160362,502.3076432574942,2.9914103283322513e-111
7919,373211,502.3076432574942,2.9914103283322513e-111
7920,4299398,502.3076432574942,2.9914103283322513e-111
7921,201111,502.3076432574942,2.9914103283322513e-111
7922,4173169,502.3076432574942,2.9914103283322513e-111
7923,4055331,502.3076432574942,2.9914103283322513e-111
7924,133158,502.3076432574942,2.9914103283322513e-111
7925,43021407,502.3076432574942,2.9914103283322513e-111
7926,4060950,502.3076432574942,2.9914103283322513e-111
7927,132258,502.3076432574942,2.9914103283322513e-111
7928,258981,502.3076432574942,2.9914103283322513e-111
7929,4221139,502.3076432574942,2.9914103283322513e-111
7930,36715642,502.3076432574942,2.9914103283322513e-111
7931,439060,502.3076432574942,2.9914103283322513e-111
7932,4309021,502.3076432574942,2.9914103283322513e-111
7933,4060429,502.3076432574942,2.9914103283322513e-111
7934,437369,502.3076432574942,2.9914103283322513e-111
7935,133710,502.3076432574942,2.9914103283322513e-111
7936,259755,502.3076432574942,2.9914103283322513e-111
7937,4095748,502.3076432574942,2.9914103283322513e-111
7938,4015356,502.3076432574942,2.9914103283322513e-111
7939,435271,502.3076432574942,2.9914103283322513e-111
7940,443721,502.3076432574942,2.9914103283322513e-111
7941,76771,502.3076432574942,2.9914103283322513e-111
7942,375263,502.3076432574942,2.9914103283322513e-111
7943,4095551,502.3076432574942,2.9914103283322513e-111
7944,313989,502.3076432574942,2.9914103283322513e-111
7945,4099495,502.3076432574942,2.9914103283322513e-111
7946,4245646,502.3076432574942,2.9914103283322513e-111
7947,76467,502.3076432574942,2.9914103283322513e-111
7948,442796,502.3076432574942,2.9914103283322513e-111
7949,80494,502.3076432574942,2.9914103283322513e-111
7950,4067539,502.3076432574942,2.9914103283322513e-111
7951,4229262,502.3076432574942,2.9914103283322513e-111
7952,43020489,502.3076432574942,2.9914103283322513e-111
7953,4030750,502.3076432574942,2.9914103283322513e-111
7954,435987,502.3076432574942,2.9914103283322513e-111
7955,4278814,502.3076432574942,2.9914103283322513e-111
7956,45757462,502.3076432574942,2.9914103283322513e-111
7957,4166908,502.3076432574942,2.9914103283322513e-111
7958,4015718,502.3076432574942,2.9914103283322513e-111
7959,4297284,502.3076432574942,2.9914103283322513e-111
7960,46269862,502.3076432574942,2.9914103283322513e-111
7961,4284533,502.3076432574942,2.9914103283322513e-111
7962,439851,502.3076432574942,2.9914103283322513e-111
7963,4273714,502.3076432574942,2.9914103283322513e-111
7964,4115836,502.3076432574942,2.9914103283322513e-111
7965,4009628,502.3076432574942,2.9914103283322513e-111
7966,443719,502.3076432574942,2.9914103283322513e-111
7967,46270483,502.3076432574942,2.9914103283322513e-111
7968,4296450,502.3076432574942,2.9914103283322513e-111
7969,4056460,502.3076432574942,2.9914103283322513e-111
7970,4033836,502.3076432574942,2.9914103283322513e-111
7971,45757272,502.3076432574942,2.9914103283322513e-111
7972,4053417,502.3076432574942,2.9914103283322513e-111
7973,36684810,502.3076432574942,2.9914103283322513e-111
7974,4035426,502.3076432574942,2.9914103283322513e-111
7975,433039,502.3076432574942,2.9914103283322513e-111
7976,24897,502.3076432574942,2.9914103283322513e-111
7977,436407,502.3076432574942,2.9914103283322513e-111
7978,45757329,502.3076432574942,2.9914103283322513e-111
7979,4057246,502.3076432574942,2.9914103283322513e-111
7980,4151674,502.3076432574942,2.9914103283322513e-111
7981,4343205,502.3076432574942,2.9914103283322513e-111
7982,440112,502.3076432574942,2.9914103283322513e-111
7983,4220292,502.3076432574942,2.9914103283322513e-111
7984,46270393,502.3076432574942,2.9914103283322513e-111
7985,434742,502.3076432574942,2.9914103283322513e-111
7986,760798,502.3076432574942,2.9914103283322513e-111
7987,193120,502.3076432574942,2.9914103283322513e-111
7988,75408,502.3076432574942,2.9914103283322513e-111
7989,193079,502.3076432574942,2.9914103283322513e-111
7990,193597,502.3076432574942,2.9914103283322513e-111
7991,4323194,502.3076432574942,2.9914103283322513e-111
7992,4226798,502.3076432574942,2.9914103283322513e-111
7993,4111716,502.3076432574942,2.9914103283322513e-111
7994,4159298,502.3076432574942,2.9914103283322513e-111
7995,441563,502.3076432574942,2.9914103283322513e-111
7996,75932,502.3076432574942,2.9914103283322513e-111
7997,373648,502.3076432574942,2.9914103283322513e-111
7998,381034,502.3076432574942,2.9914103283322513e-111
7999,4345598,502.3076432574942,2.9914103283322513e-111
8000,372567,502.3076432574942,2.9914103283322513e-111
8001,4153293,502.3076432574942,2.9914103283322513e-111
8002,4109410,502.3076432574942,2.9914103283322513e-111
8003,4217892,502.3076432574942,2.9914103283322513e-111
8004,257755,502.3076432574942,2.9914103283322513e-111
8005,4310665,502.3076432574942,2.9914103283322513e-111
8006,44782607,502.3076432574942,2.9914103283322513e-111
8007,73925,502.3076432574942,2.9914103283322513e-111
8008,4153869,502.3076432574942,2.9914103283322513e-111
8009,133420,502.3076432574942,2.9914103283322513e-111
8010,192292,502.3076432574942,2.9914103283322513e-111
8011,440344,502.3076432574942,2.9914103283322513e-111
8012,4281027,502.3076432574942,2.9914103283322513e-111
8013,373492,502.3076432574942,2.9914103283322513e-111
8014,4032870,502.3076432574942,2.9914103283322513e-111
8015,439776,502.3076432574942,2.9914103283322513e-111
8016,4099492,502.3076432574942,2.9914103283322513e-111
8017,4306136,502.3076432574942,2.9914103283322513e-111
8018,4218100,502.3076432574942,2.9914103283322513e-111
8019,4244051,502.3076432574942,2.9914103283322513e-111
8020,195483,502.3076432574942,2.9914103283322513e-111
8021,433931,502.3076432574942,2.9914103283322513e-111
8022,4335174,502.3076432574942,2.9914103283322513e-111
8023,194209,502.3076432574942,2.9914103283322513e-111
8024,438338,502.3076432574942,2.9914103283322513e-111
8025,4266517,502.3076432574942,2.9914103283322513e-111
8026,4108900,502.3076432574942,2.9914103283322513e-111
8027,4079874,502.3076432574942,2.9914103283322513e-111
8028,4062791,502.3076432574942,2.9914103283322513e-111
8029,4309332,502.3076432574942,2.9914103283322513e-111
8030,194476,502.3076432574942,2.9914103283322513e-111
8031,435944,502.3076432574942,2.9914103283322513e-111
8032,4082627,502.3076432574942,2.9914103283322513e-111
8033,138582,502.3076432574942,2.9914103283322513e-111
8034,4049458,502.3076432574942,2.9914103283322513e-111
8035,376105,502.3076432574942,2.9914103283322513e-111
8036,4196020,502.3076432574942,2.9914103283322513e-111
8037,23806,502.3076432574942,2.9914103283322513e-111
8038,381686,502.3076432574942,2.9914103283322513e-111
8039,4062252,502.3076432574942,2.9914103283322513e-111
8040,4108219,502.3076432574942,2.9914103283322513e-111
8041,4143857,502.3076432574942,2.9914103283322513e-111
8042,4327939,502.3076432574942,2.9914103283322513e-111
8043,436527,502.3076432574942,2.9914103283322513e-111
8044,199868,502.3076432574942,2.9914103283322513e-111
8045,73301,502.3076432574942,2.9914103283322513e-111
8046,374346,502.3076432574942,2.9914103283322513e-111
8047,435758,502.3076432574942,2.9914103283322513e-111
8048,4203152,502.3076432574942,2.9914103283322513e-111
8049,4243667,502.3076432574942,2.9914103283322513e-111
8050,136854,502.3076432574942,2.9914103283322513e-111
8051,4322711,502.3076432574942,2.9914103283322513e-111
8052,4103313,502.3076432574942,2.9914103283322513e-111
8053,4143351,502.3076432574942,2.9914103283322513e-111
8054,437657,502.3076432574942,2.9914103283322513e-111
8055,4257827,502.3076432574942,2.9914103283322513e-111
8056,4001115,502.3076432574942,2.9914103283322513e-111
8057,4253626,502.3076432574942,2.9914103283322513e-111
8058,77637,502.3076432574942,2.9914103283322513e-111
8059,46273426,502.3076432574942,2.9914103283322513e-111
8060,4095279,502.3076432574942,2.9914103283322513e-111
8061,4003404,502.3076432574942,2.9914103283322513e-111
8062,444289,502.3076432574942,2.9914103283322513e-111
8063,436021,502.3076432574942,2.9914103283322513e-111
8064,444378,502.3076432574942,2.9914103283322513e-111
8065,4197475,502.3076432574942,2.9914103283322513e-111
8066,436414,502.3076432574942,2.9914103283322513e-111
8067,4071059,502.3076432574942,2.9914103283322513e-111
8068,46272970,502.3076432574942,2.9914103283322513e-111
8069,381580,502.3076432574942,2.9914103283322513e-111
8070,4308689,502.3076432574942,2.9914103283322513e-111
8071,4089500,502.3076432574942,2.9914103283322513e-111
8072,136911,502.3076432574942,2.9914103283322513e-111
8073,4134336,502.3076432574942,2.9914103283322513e-111
8074,4149044,502.3076432574942,2.9914103283322513e-111
8075,4345352,502.3076432574942,2.9914103283322513e-111
8076,200907,502.3076432574942,2.9914103283322513e-111
8077,442113,502.3076432574942,2.9914103283322513e-111
8078,4132549,502.3076432574942,2.9914103283322513e-111
8079,44806406,502.3076432574942,2.9914103283322513e-111
8080,4064030,502.3076432574942,2.9914103283322513e-111
8081,377383,502.3076432574942,2.9914103283322513e-111
8082,4002836,502.3076432574942,2.9914103283322513e-111
8083,45757676,502.3076432574942,2.9914103283322513e-111
8084,45770922,502.3076432574942,2.9914103283322513e-111
8085,440390,502.3076432574942,2.9914103283322513e-111
8086,4084803,502.3076432574942,2.9914103283322513e-111
8087,4110485,502.3076432574942,2.9914103283322513e-111
8088,436952,502.3076432574942,2.9914103283322513e-111
8089,36674268,502.3076432574942,2.9914103283322513e-111
8090,133123,502.3076432574942,2.9914103283322513e-111
8091,4164648,502.3076432574942,2.9914103283322513e-111
8092,36686289,502.3076432574942,2.9914103283322513e-111
8093,4115696,502.3076432574942,2.9914103283322513e-111
8094,436040,502.3076432574942,2.9914103283322513e-111
8095,438080,502.3076432574942,2.9914103283322513e-111
8096,4340811,502.3076432574942,2.9914103283322513e-111
8097,4265179,502.3076432574942,2.9914103283322513e-111
8098,4089860,502.3076432574942,2.9914103283322513e-111
8099,443444,502.3076432574942,2.9914103283322513e-111
8100,433083,502.3076432574942,2.9914103283322513e-111
8101,4069772,502.3076432574942,2.9914103283322513e-111
8102,4152998,502.3076432574942,2.9914103283322513e-111
8103,194593,502.3076432574942,2.9914103283322513e-111
8104,439673,502.3076432574942,2.9914103283322513e-111
8105,45767135,502.3076432574942,2.9914103283322513e-111
8106,4173311,502.3076432574942,2.9914103283322513e-111
8107,36684630,502.3076432574942,2.9914103283322513e-111
8108,4290339,502.3076432574942,2.9914103283322513e-111
8109,4153133,502.3076432574942,2.9914103283322513e-111
8110,4153134,502.3076432574942,2.9914103283322513e-111
8111,4154477,502.3076432574942,2.9914103283322513e-111
8112,4059109,502.3076432574942,2.9914103283322513e-111
8113,4173740,502.3076432574942,2.9914103283322513e-111
8114,25748,502.3076432574942,2.9914103283322513e-111
8115,760755,502.3076432574942,2.9914103283322513e-111
8116,40486482,502.3076432574942,2.9914103283322513e-111
8117,433465,502.3076432574942,2.9914103283322513e-111
8118,436988,502.3076432574942,2.9914103283322513e-111
8119,434590,502.3076432574942,2.9914103283322513e-111
8120,4101333,502.3076432574942,2.9914103283322513e-111
8121,4177053,502.3076432574942,2.9914103283322513e-111
8122,441669,502.3076432574942,2.9914103283322513e-111
8123,4009926,502.3076432574942,2.9914103283322513e-111
8124,4173420,502.3076432574942,2.9914103283322513e-111
8125,37116491,502.3076432574942,2.9914103283322513e-111
8126,4241917,502.3076432574942,2.9914103283322513e-111
8127,193355,502.3076432574942,2.9914103283322513e-111
8128,201517,502.3076432574942,2.9914103283322513e-111
8129,4174403,502.3076432574942,2.9914103283322513e-111
8130,4184657,502.3076432574942,2.9914103283322513e-111
8131,443382,502.3076432574942,2.9914103283322513e-111
8132,45757231,502.3076432574942,2.9914103283322513e-111
8133,372607,502.3076432574942,2.9914103283322513e-111
8134,4116325,502.3076432574942,2.9914103283322513e-111
8135,4103387,502.3076432574942,2.9914103283322513e-111
8136,193431,502.3076432574942,2.9914103283322513e-111
8137,45766820,502.3076432574942,2.9914103283322513e-111
8138,36685124,502.3076432574942,2.9914103283322513e-111
8139,4264889,502.3076432574942,2.9914103283322513e-111
8140,4109624,502.3076432574942,2.9914103283322513e-111
8141,4110182,502.3076432574942,2.9914103283322513e-111
8142,4263312,502.3076432574942,2.9914103283322513e-111
8143,4243266,502.3076432574942,2.9914103283322513e-111
8144,44784339,502.3076432574942,2.9914103283322513e-111
8145,375807,502.3076432574942,2.9914103283322513e-111
8146,192261,502.3076432574942,2.9914103283322513e-111
8147,197490,502.3076432574942,2.9914103283322513e-111
8148,36712793,502.3076432574942,2.9914103283322513e-111
8149,77665,502.3076432574942,2.9914103283322513e-111
8150,436091,502.3076432574942,2.9914103283322513e-111
8151,434866,502.3076432574942,2.9914103283322513e-111
8152,40490828,502.3076432574942,2.9914103283322513e-111
8153,4053285,502.3076432574942,2.9914103283322513e-111
8154,43020462,502.3076432574942,2.9914103283322513e-111
8155,443576,502.3076432574942,2.9914103283322513e-111
8156,37309840,502.3076432574942,2.9914103283322513e-111
8157,44783317,502.3076432574942,2.9914103283322513e-111
8158,42534834,502.3076432574942,2.9914103283322513e-111
8159,196325,502.3076432574942,2.9914103283322513e-111
8160,4100475,502.3076432574942,2.9914103283322513e-111
8161,46270495,502.3076432574942,2.9914103283322513e-111
8162,40483536,502.3076432574942,2.9914103283322513e-111
8163,4200532,502.3076432574942,2.9914103283322513e-111
8164,192369,502.3076432574942,2.9914103283322513e-111
8165,4263510,502.3076432574942,2.9914103283322513e-111
8166,77619,502.3076432574942,2.9914103283322513e-111
8167,4065254,502.3076432574942,2.9914103283322513e-111
8168,438760,502.3076432574942,2.9914103283322513e-111
8169,436485,502.3076432574942,2.9914103283322513e-111
8170,4027120,502.3076432574942,2.9914103283322513e-111
8171,193317,502.3076432574942,2.9914103283322513e-111
8172,432882,502.3076432574942,2.9914103283322513e-111
8173,4204062,502.3076432574942,2.9914103283322513e-111
8174,81195,502.3076432574942,2.9914103283322513e-111
8175,4032727,502.3076432574942,2.9914103283322513e-111
8176,45766896,502.3076432574942,2.9914103283322513e-111
8177,436829,502.3076432574942,2.9914103283322513e-111
8178,434744,502.3076432574942,2.9914103283322513e-111
8179,4151678,502.3076432574942,2.9914103283322513e-111
8180,443913,502.3076432574942,2.9914103283322513e-111
8181,134214,502.3076432574942,2.9914103283322513e-111
8182,441571,502.3076432574942,2.9914103283322513e-111
8183,4029188,502.3076432574942,2.9914103283322513e-111
8184,4020311,502.3076432574942,2.9914103283322513e-111
8185,438038,502.3076432574942,2.9914103283322513e-111
8186,45770895,502.3076432574942,2.9914103283322513e-111
8187,4042934,502.3076432574942,2.9914103283322513e-111
8188,4107566,502.3076432574942,2.9914103283322513e-111
8189,4053128,502.3076432574942,2.9914103283322513e-111
8190,4059254,502.3076432574942,2.9914103283322513e-111
8191,4339476,502.3076432574942,2.9914103283322513e-111
8192,198092,502.3076432574942,2.9914103283322513e-111
8193,4001654,502.3076432574942,2.9914103283322513e-111
8194,440603,502.3076432574942,2.9914103283322513e-111
8195,440653,502.3076432574942,2.9914103283322513e-111
8196,4052209,502.3076432574942,2.9914103283322513e-111
8197,4134331,502.3076432574942,2.9914103283322513e-111
8198,4145016,502.3076432574942,2.9914103283322513e-111
8199,4246029,502.3076432574942,2.9914103283322513e-111
8200,77962,502.3076432574942,2.9914103283322513e-111
8201,78633,502.3076432574942,2.9914103283322513e-111
8202,37116369,502.3076432574942,2.9914103283322513e-111
8203,259874,502.3076432574942,2.9914103283322513e-111
8204,199869,502.3076432574942,2.9914103283322513e-111
8205,4172646,502.3076432574942,2.9914103283322513e-111
8206,373204,502.3076432574942,2.9914103283322513e-111
8207,381552,502.3076432574942,2.9914103283322513e-111
8208,4334791,502.3076432574942,2.9914103283322513e-111
8209,192259,502.3076432574942,2.9914103283322513e-111
8210,4108645,502.3076432574942,2.9914103283322513e-111
8211,433642,502.3076432574942,2.9914103283322513e-111
8212,439394,502.3076432574942,2.9914103283322513e-111
8213,45766785,502.3076432574942,2.9914103283322513e-111
8214,444027,502.3076432574942,2.9914103283322513e-111
8215,4276583,502.3076432574942,2.9914103283322513e-111
8216,40479565,502.3076432574942,2.9914103283322513e-111
8217,432872,502.3076432574942,2.9914103283322513e-111
8218,436283,502.3076432574942,2.9914103283322513e-111
8219,79914,502.3076432574942,2.9914103283322513e-111
8220,3661895,502.3076432574942,2.9914103283322513e-111
8221,138293,502.3076432574942,2.9914103283322513e-111
8222,4034233,502.3076432574942,2.9914103283322513e-111
8223,437553,502.3076432574942,2.9914103283322513e-111
8224,4320028,502.3076432574942,2.9914103283322513e-111
8225,4248551,502.3076432574942,2.9914103283322513e-111
8226,4187850,502.3076432574942,2.9914103283322513e-111
8227,140357,502.3076432574942,2.9914103283322513e-111
8228,256810,502.3076432574942,2.9914103283322513e-111
8229,434301,502.3076432574942,2.9914103283322513e-111
8230,4024296,502.3076432574942,2.9914103283322513e-111
8231,4052359,502.3076432574942,2.9914103283322513e-111
8232,4340394,502.3076432574942,2.9914103283322513e-111
8233,4056480,502.3076432574942,2.9914103283322513e-111
8234,79112,502.3076432574942,2.9914103283322513e-111
8235,380724,502.3076432574942,2.9914103283322513e-111
8236,4114976,502.3076432574942,2.9914103283322513e-111
8237,78706,502.3076432574942,2.9914103283322513e-111
8238,45766958,502.3076432574942,2.9914103283322513e-111
8239,441423,502.3076432574942,2.9914103283322513e-111
8240,4284263,502.3076432574942,2.9914103283322513e-111
8241,435474,502.3076432574942,2.9914103283322513e-111
8242,442558,502.3076432574942,2.9914103283322513e-111
8243,4138837,502.3076432574942,2.9914103283322513e-111
8244,201954,502.3076432574942,2.9914103283322513e-111
8245,440920,502.3076432574942,2.9914103283322513e-111
8246,45757752,502.3076432574942,2.9914103283322513e-111
8247,4185575,502.3076432574942,2.9914103283322513e-111
8248,4100089,502.3076432574942,2.9914103283322513e-111
8249,433038,502.3076432574942,2.9914103283322513e-111
8250,77131,502.3076432574942,2.9914103283322513e-111
8251,4101563,502.3076432574942,2.9914103283322513e-111
8252,80165,502.3076432574942,2.9914103283322513e-111
8253,194088,502.3076432574942,2.9914103283322513e-111
8254,434299,502.3076432574942,2.9914103283322513e-111
8255,4247008,502.3076432574942,2.9914103283322513e-111
8256,4118008,502.3076432574942,2.9914103283322513e-111
8257,4344502,502.3076432574942,2.9914103283322513e-111
8258,43530681,502.3076432574942,2.9914103283322513e-111
8259,75206,502.3076432574942,2.9914103283322513e-111
8260,138644,502.3076432574942,2.9914103283322513e-111
8261,433180,502.3076432574942,2.9914103283322513e-111
8262,75690,502.3076432574942,2.9914103283322513e-111
8263,76574,502.3076432574942,2.9914103283322513e-111
8264,193312,502.3076432574942,2.9914103283322513e-111
8265,314617,502.3076432574942,2.9914103283322513e-111
8266,196715,502.3076432574942,2.9914103283322513e-111
8267,435803,502.3076432574942,2.9914103283322513e-111
8268,440069,502.3076432574942,2.9914103283322513e-111
8269,45770893,502.3076432574942,2.9914103283322513e-111
8270,4154471,502.3076432574942,2.9914103283322513e-111
8271,45757111,502.3076432574942,2.9914103283322513e-111
8272,46273389,502.3076432574942,2.9914103283322513e-111
8273,141411,502.3076432574942,2.9914103283322513e-111
8274,42537743,502.3076432574942,2.9914103283322513e-111
8275,195978,502.3076432574942,2.9914103283322513e-111
8276,4083100,502.3076432574942,2.9914103283322513e-111
8277,434567,502.3076432574942,2.9914103283322513e-111
8278,4281313,502.3076432574942,2.9914103283322513e-111
8279,436352,502.3076432574942,2.9914103283322513e-111
8280,40481524,502.3076432574942,2.9914103283322513e-111
8281,4152480,502.3076432574942,2.9914103283322513e-111
8282,40493039,502.3076432574942,2.9914103283322513e-111
8283,40479661,502.3076432574942,2.9914103283322513e-111
8284,433778,502.3076432574942,2.9914103283322513e-111
8285,196907,502.3076432574942,2.9914103283322513e-111
8286,4135077,502.3076432574942,2.9914103283322513e-111
8287,378533,502.3076432574942,2.9914103283322513e-111
8288,4019253,502.3076432574942,2.9914103283322513e-111
8289,376970,502.3076432574942,2.9914103283322513e-111
8290,436477,502.3076432574942,2.9914103283322513e-111
8291,4264891,502.3076432574942,2.9914103283322513e-111
8292,46270385,502.3076432574942,2.9914103283322513e-111
8293,40488896,502.3076432574942,2.9914103283322513e-111
8294,375250,502.3076432574942,2.9914103283322513e-111
8295,4059565,502.3076432574942,2.9914103283322513e-111
8296,40482261,502.3076432574942,2.9914103283322513e-111
8297,36713101,502.3076432574942,2.9914103283322513e-111
8298,436607,502.3076432574942,2.9914103283322513e-111
8299,4237155,502.3076432574942,2.9914103283322513e-111
8300,76521,502.3076432574942,2.9914103283322513e-111
8301,4271033,502.3076432574942,2.9914103283322513e-111
8302,4274633,502.3076432574942,2.9914103283322513e-111
8303,40490974,502.3076432574942,2.9914103283322513e-111
8304,4007584,502.3076432574942,2.9914103283322513e-111
8305,440699,502.3076432574942,2.9914103283322513e-111
8306,4026113,502.3076432574942,2.9914103283322513e-111
8307,4062245,502.3076432574942,2.9914103283322513e-111
8308,37309625,502.3076432574942,2.9914103283322513e-111
8309,136596,502.3076432574942,2.9914103283322513e-111
8310,4239780,502.3076432574942,2.9914103283322513e-111
8311,140947,502.3076432574942,2.9914103283322513e-111
8312,4207958,502.3076432574942,2.9914103283322513e-111
8313,4002825,502.3076432574942,2.9914103283322513e-111
8314,434530,502.3076432574942,2.9914103283322513e-111
8315,4166838,502.3076432574942,2.9914103283322513e-111
8316,72705,502.3076432574942,2.9914103283322513e-111
8317,4123283,502.3076432574942,2.9914103283322513e-111
8318,4095059,502.3076432574942,2.9914103283322513e-111
8319,4162859,502.3076432574942,2.9914103283322513e-111
8320,4093960,502.3076432574942,2.9914103283322513e-111
8321,4047789,502.3076432574942,2.9914103283322513e-111
8322,4280942,502.3076432574942,2.9914103283322513e-111
8323,4209571,502.3076432574942,2.9914103283322513e-111
8324,314147,502.3076432574942,2.9914103283322513e-111
8325,43021370,502.3076432574942,2.9914103283322513e-111
8326,4236759,502.3076432574942,2.9914103283322513e-111
8327,440158,502.3076432574942,2.9914103283322513e-111
8328,443929,502.3076432574942,2.9914103283322513e-111
8329,439272,502.3076432574942,2.9914103283322513e-111
8330,381870,502.3076432574942,2.9914103283322513e-111
8331,36686288,502.3076432574942,2.9914103283322513e-111
8332,72988,502.3076432574942,2.9914103283322513e-111
8333,379819,502.3076432574942,2.9914103283322513e-111
8334,79742,502.3076432574942,2.9914103283322513e-111
8335,200003,502.3076432574942,2.9914103283322513e-111
8336,4143969,502.3076432574942,2.9914103283322513e-111
8337,46269850,502.3076432574942,2.9914103283322513e-111
8338,432749,502.3076432574942,2.9914103283322513e-111
8339,43020471,502.3076432574942,2.9914103283322513e-111
8340,436873,502.3076432574942,2.9914103283322513e-111
8341,314463,502.3076432574942,2.9914103283322513e-111
8342,4108679,502.3076432574942,2.9914103283322513e-111
8343,4028252,502.3076432574942,2.9914103283322513e-111
8344,442158,502.3076432574942,2.9914103283322513e-111
8345,45763818,502.3076432574942,2.9914103283322513e-111
8346,443540,502.3076432574942,2.9914103283322513e-111
8347,132718,502.3076432574942,2.9914103283322513e-111
8348,4260963,502.3076432574942,2.9914103283322513e-111
8349,432264,502.3076432574942,2.9914103283322513e-111
8350,37108724,502.3076432574942,2.9914103283322513e-111
8351,141457,502.3076432574942,2.9914103283322513e-111
8352,380101,502.3076432574942,2.9914103283322513e-111
8353,4143296,502.3076432574942,2.9914103283322513e-111
8354,45757191,502.3076432574942,2.9914103283322513e-111
8355,4162559,502.3076432574942,2.9914103283322513e-111
8356,46273423,502.3076432574942,2.9914103283322513e-111
8357,199726,502.3076432574942,2.9914103283322513e-111
8358,4296491,502.3076432574942,2.9914103283322513e-111
8359,138718,502.3076432574942,2.9914103283322513e-111
8360,4118012,502.3076432574942,2.9914103283322513e-111
8361,4181882,502.3076432574942,2.9914103283322513e-111
8362,4190771,502.3076432574942,2.9914103283322513e-111
8363,4044227,502.3076432574942,2.9914103283322513e-111
8364,4012869,502.3076432574942,2.9914103283322513e-111
8365,4151989,502.3076432574942,2.9914103283322513e-111
8366,42536260,502.3076432574942,2.9914103283322513e-111
8367,45765493,502.3076432574942,2.9914103283322513e-111
8368,4224655,502.3076432574942,2.9914103283322513e-111
8369,4138154,502.3076432574942,2.9914103283322513e-111
8370,4144382,502.3076432574942,2.9914103283322513e-111
8371,136186,502.3076432574942,2.9914103283322513e-111
8372,4120269,502.3076432574942,2.9914103283322513e-111
8373,45757705,502.3076432574942,2.9914103283322513e-111
8374,43531008,502.3076432574942,2.9914103283322513e-111
8375,441739,502.3076432574942,2.9914103283322513e-111
8376,40482069,502.3076432574942,2.9914103283322513e-111
8377,439918,502.3076432574942,2.9914103283322513e-111
8378,4317816,502.3076432574942,2.9914103283322513e-111
8379,4030259,502.3076432574942,2.9914103283322513e-111
8380,372550,502.3076432574942,2.9914103283322513e-111
8381,4193062,502.3076432574942,2.9914103283322513e-111
8382,201675,502.3076432574942,2.9914103283322513e-111
8383,4059122,502.3076432574942,2.9914103283322513e-111
8384,4097060,502.3076432574942,2.9914103283322513e-111
8385,46271082,502.3076432574942,2.9914103283322513e-111
8386,200031,502.3076432574942,2.9914103283322513e-111
8387,77360,502.3076432574942,2.9914103283322513e-111
8388,4346166,502.3076432574942,2.9914103283322513e-111
8389,194807,502.3076432574942,2.9914103283322513e-111
8390,4063038,502.3076432574942,2.9914103283322513e-111
8391,30356,502.3076432574942,2.9914103283322513e-111
8392,80262,502.3076432574942,2.9914103283322513e-111
8393,444418,502.3076432574942,2.9914103283322513e-111
8394,72516,502.3076432574942,2.9914103283322513e-111
8395,4139294,502.3076432574942,2.9914103283322513e-111
8396,4027119,502.3076432574942,2.9914103283322513e-111
8397,74864,502.3076432574942,2.9914103283322513e-111
8398,140443,502.3076432574942,2.9914103283322513e-111
8399,80223,502.3076432574942,2.9914103283322513e-111
8400,138099,502.3076432574942,2.9914103283322513e-111
8401,437996,502.3076432574942,2.9914103283322513e-111
8402,435101,502.3076432574942,2.9914103283322513e-111
8403,436209,502.3076432574942,2.9914103283322513e-111
8404,4301483,502.3076432574942,2.9914103283322513e-111
8405,4241777,502.3076432574942,2.9914103283322513e-111
8406,4222737,502.3076432574942,2.9914103283322513e-111
8407,4118013,502.3076432574942,2.9914103283322513e-111
8408,4004457,502.3076432574942,2.9914103283322513e-111
8409,436256,502.3076432574942,2.9914103283322513e-111
8410,321263,502.3076432574942,2.9914103283322513e-111
8411,4270073,502.3076432574942,2.9914103283322513e-111
8412,4221119,502.3076432574942,2.9914103283322513e-111
8413,4012298,502.3076432574942,2.9914103283322513e-111
8414,4110164,502.3076432574942,2.9914103283322513e-111
8415,4277749,502.3076432574942,2.9914103283322513e-111
8416,45757123,502.3076432574942,2.9914103283322513e-111
8417,4201191,502.3076432574942,2.9914103283322513e-111
8418,252949,502.3076432574942,2.9914103283322513e-111
8419,75356,502.3076432574942,2.9914103283322513e-111
8420,4309315,502.3076432574942,2.9914103283322513e-111
8421,36717462,502.3076432574942,2.9914103283322513e-111
8422,4316733,502.3076432574942,2.9914103283322513e-111
8423,381568,502.3076432574942,2.9914103283322513e-111
8424,197096,502.3076432574942,2.9914103283322513e-111
8425,4048805,502.3076432574942,2.9914103283322513e-111
8426,4018954,502.3076432574942,2.9914103283322513e-111
8427,134117,502.3076432574942,2.9914103283322513e-111
8428,198807,502.3076432574942,2.9914103283322513e-111
8429,436956,502.3076432574942,2.9914103283322513e-111
8430,256142,502.3076432574942,2.9914103283322513e-111
8431,432554,502.3076432574942,2.9914103283322513e-111
8432,4301594,502.3076432574942,2.9914103283322513e-111
8433,4137330,502.3076432574942,2.9914103283322513e-111
8434,40481568,502.3076432574942,2.9914103283322513e-111
8435,434880,502.3076432574942,2.9914103283322513e-111
8436,4033991,502.3076432574942,2.9914103283322513e-111
8437,133303,502.3076432574942,2.9914103283322513e-111
8438,440044,502.3076432574942,2.9914103283322513e-111
8439,3654972,502.3076432574942,2.9914103283322513e-111
8440,37117758,502.3076432574942,2.9914103283322513e-111
8441,37309841,502.3076432574942,2.9914103283322513e-111
8442,36715668,502.3076432574942,2.9914103283322513e-111
8443,4108952,502.3076432574942,2.9914103283322513e-111
8444,37117194,502.3076432574942,2.9914103283322513e-111
8445,4080755,502.3076432574942,2.9914103283322513e-111
8446,4082947,502.3076432574942,2.9914103283322513e-111
8447,436651,502.3076432574942,2.9914103283322513e-111
8448,4320826,502.3076432574942,2.9914103283322513e-111
8449,4338038,502.3076432574942,2.9914103283322513e-111
8450,381584,502.3076432574942,2.9914103283322513e-111
8451,372880,502.3076432574942,2.9914103283322513e-111
8452,4189553,502.3076432574942,2.9914103283322513e-111
8453,40488812,502.3076432574942,2.9914103283322513e-111
8454,4051334,502.3076432574942,2.9914103283322513e-111
8455,434764,502.3076432574942,2.9914103283322513e-111
8456,45766815,502.3076432574942,2.9914103283322513e-111
8457,443765,502.3076432574942,2.9914103283322513e-111
8458,4055231,502.3076432574942,2.9914103283322513e-111
8459,194149,502.3076432574942,2.9914103283322513e-111
8460,201238,502.3076432574942,2.9914103283322513e-111
8461,28127,502.3076432574942,2.9914103283322513e-111
8462,4059121,502.3076432574942,2.9914103283322513e-111
8463,37118008,502.3076432574942,2.9914103283322513e-111
8464,4170632,502.3076432574942,2.9914103283322513e-111
8465,441799,502.3076432574942,2.9914103283322513e-111
8466,4155499,502.3076432574942,2.9914103283322513e-111
8467,45769152,502.3076432574942,2.9914103283322513e-111
8468,45766950,502.3076432574942,2.9914103283322513e-111
8469,45767653,502.3076432574942,2.9914103283322513e-111
8470,4004146,502.3076432574942,2.9914103283322513e-111
8471,4341231,502.3076432574942,2.9914103283322513e-111
8472,45757332,502.3076432574942,2.9914103283322513e-111
8473,4175848,502.3076432574942,2.9914103283322513e-111
8474,434575,502.3076432574942,2.9914103283322513e-111
8475,435641,502.3076432574942,2.9914103283322513e-111
8476,43020481,502.3076432574942,2.9914103283322513e-111
8477,443776,502.3076432574942,2.9914103283322513e-111
8478,193277,502.3076432574942,2.9914103283322513e-111
8479,439393,502.3076432574942,2.9914103283322513e-111
8480,4284550,502.3076432574942,2.9914103283322513e-111
8481,4108678,502.3076432574942,2.9914103283322513e-111
8482,4309924,502.3076432574942,2.9914103283322513e-111
8483,4252862,502.3076432574942,2.9914103283322513e-111
8484,4109548,502.3076432574942,2.9914103283322513e-111
8485,4168378,502.3076432574942,2.9914103283322513e-111
8486,4183170,502.3076432574942,2.9914103283322513e-111
8487,74456,502.3076432574942,2.9914103283322513e-111
8488,4100982,502.3076432574942,2.9914103283322513e-111
8489,444197,502.3076432574942,2.9914103283322513e-111
8490,4220074,502.3076432574942,2.9914103283322513e-111
8491,4130197,502.3076432574942,2.9914103283322513e-111
8492,4163988,502.3076432574942,2.9914103283322513e-111
8493,4115549,502.3076432574942,2.9914103283322513e-111
8494,37116606,502.3076432574942,2.9914103283322513e-111
8495,196951,502.3076432574942,2.9914103283322513e-111
8496,442638,502.3076432574942,2.9914103283322513e-111
