condition_concept_id,,chi2,p_value,p_adj,,,Article Mentions
320128,,4222.327721941013,0,0,,,
80502,,1805.9931003100596,0,0,,,
140648,,6094.513976869748,0,0,,,
77670,,1503.2947416225506,0,0,,,
433316,,3722.3156839247004,0,0,,,
443597,,2298.9560513041315,0,0,,,
194133,,1605.3783306869595,0,0,,,
4282096,,4443.520913563735,0,0,,,
313217,,2907.056950236274,0,0,,,
372629,,3208.867122642345,0,0,,,
200843,,1439.6808815455358,0,0,,,
75860,,3917.090550597016,0,0,,,
319835,,1916.3391238138483,0,0,,,
44782429,,1445.239375729923,0,0,,,
376966,,1518.3763095146764,0,0,,,
79908,,4029.878684477433,0,0,,,
764123,,3087.170652905368,0,0,,,
319041,,1564.6035614050443,0,0,,,
436222,,3656.9593313324094,0,0,,,
4067069,,1687.5661455636396,0,0,,,
374009,,2212.5771464868435,0,0,,,
4268911,,3824.5061276251654,0,0,,,
372448,,2596.2131485976493,0,0,,,
4254485,,3844.4675882921724,0,0,,,
197320,,1505.194003713697,0,0,,,
4059015,,4082.0653995497173,0,0,,,
197672,,1856.4458250525106,0,0,,,
4171917,,2216.0620701731877,0,0,,,
433595,,1493.7930383245953,0,0,,,
4092743,,4902.199942034297,0,0,,,
373503,,2065.545271105603,0,0,,,
443454,,2942.881483197115,0,0,,,
437113,,5264.3814220831555,0,0,,,
375415,,2004.3364839605167,0,0,,,
372887,,1670.7932067439592,0,0,,,
4154290,,1797.3826077884107,0,0,,,
435796,,1845.0789361637333,0,0,,,
193326,,1825.4531981781747,0,0,,,
4141360,,2010.4153805626559,0,0,,,
36714126,,3207.167498172066,0,0,,,
381270,,6165.048105677678,0,0,,,
374375,,1497.9891556272596,0,0,,,
81902,,3394.7352786353313,0,0,,,
4111231,,3432.529681179531,0,0,,,
321052,,2692.1637830615637,0,0,,,
4174262,,1498.2882430665334,0,0,,,
439777,,2859.4348304993628,0,0,,,
312437,,2309.504657,0,0,,,
442077,,2611.800815521848,0,0,,,
4144111,,1511.7630940134604,0,0,,,
432867,,1690.9906297487698,0,0,,,
316139,,1989.5649581536668,0,0,,,
80180,,2242.7330782539893,0,0,,,
140673,,1784.0868552150764,0,0,,,
37110250,,1528.7990130601165,0,0,,,
4223659,,2438.781863144731,0,0,,,
37206607,Overactive bladder,1420.4048297186023,7.734619715933e-311,1.410143299789057e-308,,,
4272240,Malaise,1407.451841830265,5.048135948953013e-308,9.044867031296501e-306,,,
433577,Hammer toe,1377.7671860742075,1.4246046810038e-301,2.509235905930761e-299,,,
436096,Chronic pain,1367.3811750567766,2.574119701815064e-299,4.4583753235436906e-297,,,
139099,Ingrowing nail,1345.615413575801,1.3819202935906849e-294,2.3542484739335075e-292,,,
136788,Spinal stenosis of lumbar region,1312.1673872816746,2.5649994723281435e-287,4.2992700832958174e-285,,,
255573,Chronic obstructive lung disease,1309.5530814407266,9.488749654355079e-287,1.565191847746952e-284,,,
40479576,Chronic diastolic heart failure,1307.9921613905697,2.072130290609811e-286,3.364621559377681e-284,,,https://pmc.ncbi.nlm.nih.gov/articles/PMC8869585/
196523,Diarrhea,1306.6083363602388,4.141334922126558e-286,6.62103884780603e-284,,,
443782,Tremor,1305.3877485437492,7.62764141040369e-286,1.201006811165381e-283,,,
435515,Hypo-osmolality and or hyponatremia,1292.4128380894924,5.03526210121818e-283,7.809916978486468e-281,,,
444101,Hypertensive heart failure,1290.5998160695744,1.2474385851442513e-282,1.9063796730616263e-280,,,
37396726,Cognitive communication disorder,1279.8855956992045,2.6569903883128073e-280,4.00165856744155e-278,,,
46271022,Chronic kidney disease,1227.461459543415,6.564682364102383e-269,9.745739875393138e-267,,,
4152384,Non-rheumatic aortic sclerosis,1221.0048798347714,1.6610609033653902e-267,2.4312316771511459e-265,,,
377091,Seizure,1201.1602013928796,3.413147902487158e-263,4.926310139256465e-261,,,
43530742,Paralytic syndrome on one side of the body as late effect of cerebrovascular accident,1199.2781727445056,8.75331129668515e-263,1.2460878218513981e-260,,,
372892,Metabolic encephalopathy,1189.7690561559027,1.0204143384868369e-260,1.4329926764263798e-258,,,
437584,Ataxia,1184.7436321997811,1.2616854668539532e-259,1.7481913828728377e-257,,,
762294,Pain in right foot,1177.1483996142222,5.644547458910456e-258,7.718175946447034e-256,,,
31317,Dysphagia,1149.5940369329928,5.496895909676317e-252,7.418667830306011e-250,,,
4200238,Onychogryposis,1136.90385,3.1489284333118694e-249,4.195341574227814e-247,,,
4261842,Sick sinus syndrome,1132.863350169695,2.3785808376591473e-248,3.1288876031587164e-246,,,
434613,Generalized anxiety disorder,1128.139437931643,2.529345748346555e-247,3.285620127102175e-245,,,
4336254,Dystrophia unguium,1126.6360839654797,5.367183159419398e-247,6.8858972089736275e-245,,,
4193704,Type 2 diabetes mellitus without complication,1122.8836547796982,3.509936233870722e-246,4.448202114924944e-244,,,
4077577,Moderate recurrent major depression,1095.585515,3.0084971048489853e-240,3.7667833630832115e-238,,,
378427,Tear film insufficiency,1076.6357291695163,3.9538948875537995e-236,4.891532818030843e-234,,,https://pmc.ncbi.nlm.nih.gov/articles/PMC11152850/
376065,Disorder of nervous system due to type 2 diabetes mellitus,1069.457927007034,1.4358692754704248e-234,1.75547688361043e-232,,,
765131,Pain in left foot,1055.3466220554656,1.675809794201526e-231,2.0250017885281694e-229,,,
437246,Vitamin B deficiency,1040.4271763387378,2.931075757659157e-228,3.501119456734938e-226,,,
42536696,Contusion of head,1031.0971193158136,3.1259028901294857e-226,3.691407140252911e-224,,,
435262,Primary open angle glaucoma,1026.9757006883826,2.4592245543609463e-225,2.871490063923478e-223,,,https://pmc.ncbi.nlm.nih.gov/articles/PMC11278361/
37017432,Polyneuropathy due to type 2 diabetes mellitus,1014.8706905268549,1.051810383789203e-222,1.2144903898152665e-220,,,
440424,Aphasia,1014.7828476525178,1.099084418675332e-222,1.2551302504257198e-220,,,
378253,Headache,1012.080100097388,4.2511184355057573e-222,4.801915519758243e-220,,,
4090207,Senile asthenia,1000.6761145635021,1.2802742449096369e-219,1.4306032207635425e-217,,,
201826,Type 2 diabetes mellitus,991.1148028443697,1.533190389032937e-217,1.6949909066840725e-215,,,
436659,Iron deficiency anemia,990.4830029967139,2.1034290688724954e-217,2.3009299877603128e-215,,,
317002,Low blood pressure,975.6045949809464,3.6058948963411645e-214,3.9033812252893104e-212,,,
4288310,Carotid artery obstruction,952.8496510548359,3.186401577272798e-209,3.4137201227854546e-207,,,
35624213,Secondary cataract,946.0977748740021,9.353900279625228e-208,9.918952214884221e-206,,,
436962,Insomnia,940.0097764,1.969625540786245e-206,2.0675099616010766e-204,,,
4110815,"Sensorineural hearing loss, bilateral",933.3935647231244,5.402643523070995e-205,5.614427149175378e-203,,,
381591,Cerebrovascular disease,919.2365988919357,6.457493884370016e-202,6.644185786769625e-200,,,
4170554,Hip pain,915.6190640377924,3.94871782311687e-201,4.0230466291990697e-199,,,
380378,Epilepsy,878.8929080730909,3.804602255599168e-193,3.8385851106977235e-191,,,
194081,Acute cystitis,863.5484007336061,8.244087661291625e-190,8.237746055398323e-188,,,
437833,Hypokalemia,862.7995455917785,1.1993401792115647e-189,1.1870041087968172e-187,,,https://pubmed.ncbi.nlm.nih.gov/30775974/
443729,Peripheral circulatory disorder due to type 2 diabetes mellitus,856.7996246,2.4172439996657363e-188,2.3698112872194652e-186,,,
134736,Backache,853.3898824125966,1.3322952266099327e-187,1.2939450462551795e-185,,,
192450,Retention of urine,848.1058668414863,1.876529660148447e-186,1.8056385396539503e-184,,,
4169095,Bradycardia,837.8964756537932,3.1111446990005754e-184,2.966148230459998e-182,,,
432899,Normal pressure hydrocephalus,837.8188962325808,3.2343456191711085e-184,3.055574515856924e-182,,,
255848,Pneumonia,830.6451373,1.173305889637454e-182,1.0984680004605786e-180,,,
373995,Delirium,813.4782361360182,6.334032662478416e-179,5.8770774489710445e-177,,,
43531003,Essential tremor,810.6149846039988,2.6557748262835175e-178,2.442372742897196e-176,,,
321596,,784.2181836161996,1.4566482539887364e-172,1.3278498820571008e-170,,,
4282316,,781.1223824813983,6.862085097057023e-172,6.2009381155318765e-170,,,
43531578,,763.9019023812594,3.807712356369697e-168,3.411185069602922e-166,,,
441417,,747.6776781,1.2833910179415123e-164,1.139914483628051e-162,,,
443769,,745.1682080467522,4.508287551642865e-164,3.970349511582428e-162,,,
440704,,744.5896382803561,6.023024811253768e-164,5.25977091080245e-162,,,
40482301,,725.8230881490836,7.251825764411277e-160,6.280081111980166e-158,,,
436665,,724.6747548566477,1.288687597210994e-159,1.1067802901005496e-157,,,
4035439,,708.9586966895552,3.369723169140148e-156,2.870341243746264e-154,,,
442165,,695.8223536861387,2.4219471323639995e-153,2.0462499674411938e-151,,,
45766207,,693.8914559680593,6.368768527842908e-153,5.337438914624476e-151,,,
4346975,,682.9603954303927,1.517550547563409e-150,1.2616308232223159e-148,,,
434056,,679.5462377409974,8.386932934958776e-150,6.917222782546952e-148,,,
31967,,676.1265382179904,4.648082123580712e-149,3.8033755455315555e-147,,,
132797,,668.0863327654846,2.604787191298653e-147,2.114761600935594e-145,,,
200845,,665.5904754941498,9.089732292681727e-147,7.322519223685931e-145,,,
435220,,663.0050359699034,3.317529262573192e-146,2.651981853589278e-144,,,
4224741,,658.4941927,3.1754839866716146e-145,2.5190556938543067e-143,,,
440530,,626.7502944093138,2.5445172732792958e-138,2.0032290533271546e-136,,,
78232,,624.5869461396923,7.518287894621462e-138,5.874439684278664e-136,,,
73754,,605.0496316499141,1.3349701904949052e-133,1.0352992701211235e-131,,,
79061,,601.7918703110824,6.824234513597843e-133,5.253144078911762e-131,,,
200219,,600.2681645865046,1.4637642057700683e-132,1.118488060761952e-130,,,
434500,,597.1499770008834,6.977569205780321e-132,5.292766363975847e-130,,,
443524,,590.4598916718875,1.9901053193443005e-130,1.4986358317844908e-128,,,
27674,,586.4438730802455,1.487374725164226e-129,1.1119998664681034e-127,,,
254761,,582.1410605,1.283387980495807e-128,9.526405638080304e-127,,,
4213271,,576.5425312015418,2.119114432620937e-127,1.56183242438275e-125,,,
4331284,,574.9197294777597,4.776956507656275e-127,3.495924790673522e-125,,,
373764,,562.3252285213554,2.623043368831088e-124,1.906200467754732e-122,,,
4114624,,547.8611353625339,3.6752063005470793e-121,2.652273880228142e-119,,,
439007,,541.3152245567769,9.756831840147513e-120,6.992620447090549e-118,,,
4181965,,539.7116619022877,2.1785116356208137e-119,1.5506228025596915e-117,,,
4275889,,538.4589427558144,4.0802534374578504e-119,2.8844893688477538e-117,,,
4275359,,535.0678788,2.2305610705091646e-118,1.5662155841034622e-116,,,
4301699,,533.2200467,5.62877871703742e-118,3.9257898273458305e-116,,,
439696,,531.8405838660393,1.1233656170597778e-117,7.782676994990141e-116,,,
197684,,530.8672992611748,1.8292095530547012e-117,1.2588838195592353e-115,,,
374367,,524.5894517,4.2467260236272e-116,2.9034195287851225e-114,,,
380701,,521.9324223511326,1.6073827589700568e-115,1.091759583739662e-113,,,
432795,,521.8043707212904,1.7138722354223719e-115,1.1565298876954084e-113,,,
320536,,521.6749733896835,1.8286490610406935e-115,1.2260207124087024e-113,,,
195401,,519.7718888818025,4.744282111109532e-115,3.160421775554504e-113,,,
4134121,,517.3238865012148,1.6172184236484115e-114,1.0704543858951779e-112,,,
4320944,,516.5639626545034,2.3664756330346036e-114,1.5564819480060506e-112,,,
4101747,,510.3269909140632,5.383576009244705e-113,3.5186240181176715e-111,,,
192671,,509.1551006644211,9.683689676439468e-113,6.289556444847435e-111,,,
437827,,506.0429830513216,4.6042062268846595e-112,2.971857832905924e-110,,,
432738,,505.9224500094325,4.890797829203143e-112,3.1373562371036456e-110,,,
42537729,,494.2990597082069,1.6534609476113528e-109,1.054157433593692e-107,,,
81175,,493.0687775850271,3.062564760607423e-109,1.940620304404411e-107,,,
443587,,492.08751459435143,5.007196921888895e-109,3.15362366134966e-107,,,
4228361,,489.6589693928331,1.69050532974004e-108,1.0582970714854516e-106,,,
4166902,,487.05961982501174,6.217406171672024e-108,3.8689392177254896e-106,,,
4115171,,484.2899836,2.4903556650624985e-107,1.5404628613886597e-105,,,
438398,,482.83109506181256,5.172582698381963e-107,3.1806792545316785e-105,,,
37119138,,482.3476253209048,6.59034597070525e-107,4.028639725151115e-105,,,
377889,,481.3012536456116,1.1132547964344774e-106,6.7654642365772454e-105,,,
314666,,480.8450550576592,1.3991423804023327e-106,8.453423033221534e-105,,,
4079750,,479.2448985744163,3.1192653443554124e-106,1.8737228588752283e-104,,,
440320,,478.17896960079463,5.321050368562071e-106,3.17795146149983e-104,,,
432436,,474.2002639247254,3.906331797259924e-105,2.3196914306928644e-103,,,
432588,,465.77956471902496,2.6556756076673857e-103,1.56805573379997e-101,,,
440383,,461.3759447988255,2.4124753091191227e-102,1.4164092323370578e-100,,,
4117695,,458.4559572207238,1.042084306984005e-101,6.083898942796505e-100,,,
437390,,457.81052891014355,1.4399931740028684e-101,8.360005063820004e-100,,,
319034,,457.21535347028754,1.9403603962064988e-101,1.1202347354098853e-99,,,
77079,,457.08640042260146,2.069880094900704e-101,1.1884085053153656e-99,,,
376208,,456.40087591143833,2.918296726569335e-101,1.6663153616762929e-99,,,
42538119,,453.0784462098466,1.5422881509302293e-100,8.758174024298875e-99,,,
438567,,449.7223277756331,8.289813903953783e-100,4.6819427222765066e-98,,,
40304526,,447.0363875,3.1848160632931364e-99,1.7890058664725553e-97,,,
46271075,,443.09609739358575,2.2941478691897504e-98,1.2817626159473056e-96,,,
40483287,,442.6463070240509,2.8741650206257657e-98,1.597236518414062e-96,,,
40480002,,442.33091506955765,3.3662958079885873e-98,1.8607737253519894e-96,,,
78619,,441.90228343506715,4.172900557821469e-98,2.2944329416338995e-96,,,
4228802,,435.8055089636525,8.858066998088355e-97,4.844896433901799e-95,,,
4179823,,430.6519693507473,1.1721608662819317e-95,6.377537027435515e-94,,,
442793,,430.05985707325596,1.577103365085897e-95,8.536071963527417e-94,,,
443211,,427.88931656545657,4.680375621837016e-95,2.5201276405248843e-93,,,
433031,,424.78392377397597,2.219128936452134e-94,1.1887210261654935e-92,,,
44784217,,421.9380948395499,9.238453761232679e-94,4.9233852044476925e-92,,,
45768812,,418.89720396449854,4.241149743885992e-93,2.248674905023634e-91,,,
442588,,418.2934660087219,5.739781359287702e-93,3.027807506889228e-91,,,
4196636,,413.2349307815336,7.24388897904015e-92,3.8019441550598605e-90,,,
197675,,412.92305861464564,8.469487409417355e-92,4.422859957721867e-90,,,
373474,,411.5096206116938,1.719975620714938e-91,8.936993325234817e-90,,,
759853,,410.2085268254375,3.301684450254462e-91,1.7070201396539486e-89,,,
435642,,405.7937270415791,3.0181127110987855e-90,1.552684519492009e-88,,,
434894,,405.6629916943647,3.222507254040821e-90,1.64966972334937e-88,,,
4049623,,404.8468855,4.8511451174895606e-90,2.471230395144682e-88,,,
4187218,,404.15013941259315,6.878804581235032e-90,3.4870505955216805e-88,,,
443612,,403.9574835517164,7.576187104351023e-90,3.8219289508939725e-88,,,
80813,,403.48340492815635,9.608360725945671e-90,4.8236755876341746e-88,,,
40405599,,403.08606409223063,1.172583191091878e-89,5.858406020109036e-88,,,
435517,,402.8198420990611,1.339972225490829e-89,6.662675295359185e-88,,,
438720,,402.2824384455653,1.7542035475171868e-89,8.680801555142193e-88,,,
197988,,400.71676007923196,3.845079638188817e-89,1.8937472796236105e-87,,,
24134,,395.94821869594614,4.197276784744416e-88,2.0574575635407532e-86,,,
435613,,393.8889560282714,1.178304259197102e-87,5.748797118110932e-86,,,
36712983,,385.9229263611705,6.3895894010380774e-86,3.1028323857751263e-84,,,
4025938,,385.6841383509147,7.202094593692127e-86,3.481124047332492e-84,,,
137945,,381.0998728623588,7.169725676252092e-85,3.449434686463507e-83,,,
759852,,380.98672605727813,7.58815513756798e-85,3.633922036387394e-83,,,
4317977,,377.9854971264053,3.416277990785983e-84,1.6285303156077034e-82,,,
4111409,,376.0752080051955,8.901468739333659e-84,4.223929823705725e-82,,,
4155034,,372.96459640305505,4.23366451701649e-83,1.9998291664016077e-81,,,
4125590,,372.3901019605127,5.646759495967912e-83,2.6552545105021966e-81,,,
37016349,,372.04226173872286,6.722544502409202e-83,3.1468775886953343e-81,,,
199075,,370.3918399539834,1.5377244611633532e-82,7.1659339015289525e-81,,,
4053604,,368.7957273324253,3.422967158313139e-82,1.5880122638031313e-80,,,
380394,,364.99941460487287,2.2961292918668687e-81,1.0605055822702443e-79,,,
135930,,363.4787418,4.921618029340006e-81,2.2630732106593515e-79,,,
4103703,,360.4068906666149,2.296068419745291e-80,1.0511340536560822e-78,,,
72418,,357.0756191321324,1.2200190257858935e-79,5.560718296476757e-78,,,
40481043,,356.01620068164505,2.0751908590806167e-79,9.417197994570204e-78,,,
73840,,352.53363650708957,1.1896246751296924e-78,5.375034619107723e-77,,,
42537730,,352.5196450530268,1.1979997833729464e-78,5.389443181303749e-77,,,
4232697,,352.4290702143803,1.2536615426362348e-78,5.615539116842997e-77,,,
257004,,351.9372225973439,1.604298654608527e-78,7.155309707593053e-77,,,
4044053,,351.0411258029448,2.5143206458313777e-78,1.1166162457897297e-76,,,
43530727,,348.6971341902324,8.144390400624435e-78,3.60155340609741e-76,,,
4043738,,348.14965236278215,1.0717217059784211e-77,4.719208461240573e-76,,,
379010,,346.7712151911711,2.1392543775649232e-77,9.380224258082144e-76,,,
4168212,,340.3950945198013,5.233909270537781e-76,2.2853271066986816e-74,,,
4108356,,340.2181121337385,5.719653289511935e-76,2.4869722587702107e-74,,,
432590,,340.1965673761243,5.781782634046307e-76,2.5035118805420507e-74,,,
4310235,,337.62318958170977,2.1013717426374012e-75,9.061184709331068e-74,,,
75576,,337.26065756932877,2.520331367079541e-75,1.08228444490457e-73,,,
320420,,336.88948862215386,3.035943396224603e-75,1.2983343116693858e-73,,,
4329041,,335.0359899630147,7.690715774568184e-75,3.275488456119367e-73,,,
437541,,334.80025445124164,8.655816068663668e-75,3.6714792075735855e-73,,,
136834,,330.5899077804328,7.149982826491766e-74,3.02043176963018e-72,,,
46269757,,326.65754363500696,5.137950238785445e-73,2.161683355524629e-71,,,
4195572,,324.21924757229806,1.7453247898578978e-72,7.31347387750132e-71,,,
200485,,323.88131062826193,2.0676803880648027e-72,8.629451643682503e-71,,,
436230,,323.0222767066671,3.181218134788026e-72,1.3223687542686867e-70,,,
432870,,322.5426694219728,4.0463135017023843e-72,1.6752705143303257e-70,,,
321318,,321.6424418412099,6.355425978679618e-72,2.6208566178745472e-70,,,
443465,,321.6242500645015,6.413678198938113e-72,2.634424657840509e-70,,,
436073,,318.13728908414413,3.686749696405978e-71,1.5083741277579103e-69,,,
138525,,316.08593852849083,1.0315368418079123e-70,4.2038160235560093e-69,,,
76565,,313.1376088297996,4.526146845591225e-70,1.837332735132188e-68,,,
201061,,310.8939814004165,1.3946902086273487e-69,5.639541108192766e-68,,,
437247,,310.77489613182973,1.4805376464882218e-69,5.963467915622326e-68,,,
4112026,,310.28836940348185,1.8897547747443026e-69,7.582367420518452e-68,,,
4008220,,304.98294474997255,2.7051091119847323e-68,1.0812113035286669e-66,,,
321882,,304.09895341212945,4.214706220673464e-68,1.6781313044152737e-66,,,
201618,,303.5391807752654,5.58107532989529e-68,2.2136845354302235e-66,,,
132412,,303.0894819976836,6.9934035654943385e-68,2.763325089453124e-66,,,
762297,,301.49464892353836,1.556468599953676e-67,6.126826397999471e-66,,,
40480429,,300.41295242990805,2.677954215701782e-67,1.0501622720593555e-65,,,
436070,,300.27634749712536,2.8679042626338548e-67,1.1204233495222187e-65,,,
132393,,299.8300659250923,3.587519876391133e-67,1.3963111069459423e-65,,,
4141454,,298.7258034959339,6.242776829536542e-67,2.4207065974829754e-65,,,
138384,,297.78068198545776,1.0029791575739043e-66,3.8747060987018635e-65,,,
4256228,,292.96660887933785,1.122458336071503e-65,4.320217417946318e-64,,,
4180628,,291.0750647373115,2.89941852534753e-65,1.1118360632993187e-63,,,
40479192,,290.77694496910294,3.367191428375653e-65,1.2817528689992595e-63,,,
4229440,,290.77694496910294,3.367191428375653e-65,1.2817528689992595e-63,,,
40481089,,290.6610501294095,3.568782099367219e-65,1.353532247322049e-63,,,
4339214,,284.62412013752134,7.378178158769322e-64,2.7881464518520293e-62,,,
45769207,,284.54669336938167,7.670449548466098e-64,2.888091003900713e-62,,,
433163,,279.3716577917126,1.0292558183449044e-62,3.8613813950325796e-61,,,
40326053,,279.1803978584677,1.1329286581125428e-62,4.235034034210628e-61,,,
4306923,,278.24327817559805,1.8130947016591186e-62,6.753290372631384e-61,,,
433440,,277.04186769633475,3.313114515049128e-62,1.2257440942621753e-60,,,
141941,,277.04108511634735,3.3144158053086153e-62,1.2257440942621753e-60,,,
4111709,,275.2637307298006,8.086158372707718e-62,2.979835383304206e-60,,,
378425,,274.7787072566207,1.031440010925139e-61,3.7875351920614994e-60,,,
4106357,,272.8561112103981,2.7067251477583555e-61,9.904326667431278e-60,,,
376229,,272.82175263334125,2.7537986113016556e-61,1.0041219357419932e-59,,,
138825,,271.6594879236481,4.9344087388090695e-61,1.7929501962833515e-59,,,
134159,,267.7903117,3.439603561671399e-60,1.2454480910414347e-58,,,
75911,,266.49821814219655,6.578479060984543e-60,2.373734527838589e-58,,,
4306267,,266.0553309279249,8.21591130717163e-60,2.9543166195199854e-58,,,
441534,,266.0339817338068,8.304413344251826e-60,2.9758435680505166e-58,,,
4098604,,265.6118269334717,1.0264103282018053e-59,3.665448842155725e-58,,,
42537748,,258.8851336877354,3.0028410516741674e-58,1.068682335924587e-56,,,
320744,,257.70965191754703,5.417085293716908e-58,1.9213088864268298e-56,,,
434610,,257.4920843855416,6.042155064937936e-58,2.135716851525001e-56,,,
433968,,256.7290875158033,8.861638240288016e-58,3.121699816714341e-56,,,
4013597,,256.1791325058477,1.167877604564409e-57,4.100197319808561e-56,,,
4207539,,254.09584138582676,3.323056392715846e-57,1.1627340751886558e-55,,,
321314,,252.17901697222229,8.697659605394625e-57,3.0330898865523805e-55,,,
45772786,,251.98899786106185,9.568127262676025e-57,3.325484231228403e-55,,,
4043378,,250.72483663325642,1.804760824218747e-56,6.2516914950937396e-55,,,
438485,,250.33151400471084,2.1987042987443947e-56,7.591008329751412e-55,,,
4152933,,246.85996482495477,1.2560665862320269e-55,4.3221999881202724e-54,,,
4155040,,246.04608885107984,1.8899702962909147e-55,6.482036738962107e-54,,,
4140164,,245.48932893130558,2.4994350665711186e-55,8.544121451252324e-54,,,
441408,,244.35820922462406,4.410178806009317e-55,1.5026419066245516e-53,,,
4345578,,242.11355119043787,1.3610223789046244e-54,4.622138745613352e-53,,,
78273,,241.0633050736704,2.3060018449931617e-54,7.805853802335159e-53,,,
4098458,,240.39070018532652,3.232330268677752e-54,1.090596628314909e-52,,,
437176,,239.80915532997733,4.3283089123517185e-54,1.4556565118821702e-52,,,
133141,,238.9011838669342,6.828082067318923e-54,2.288949317534782e-52,,,
376337,,236.89418081734388,1.870383981285594e-53,6.249848981839194e-52,,,
315558,,236.21243736797803,2.633844412892509e-53,8.772727929095819e-52,,,
4338120,,234.93669380659745,4.997818576733204e-53,1.6593396373613883e-51,,,
197381,,234.8801758,5.141679893199291e-53,1.701666797774746e-51,,,
314665,,234.8518990203038,5.215202490915403e-53,1.7205201360505673e-51,,,
198803,,234.84284511045416,5.238965140545856e-53,1.7228900550807764e-51,,,
4330445,,234.7866633596013,5.388858029166266e-53,1.7665934586465565e-51,,,
374013,,234.6264143018199,5.840384044844444e-53,1.9085934274850148e-51,,,
4103749,,234.30947420363012,6.847864349688394e-53,2.230815245202564e-51,,,
255348,,234.11898870480624,7.535180802128805e-53,2.4470499654913292e-51,,,
4215402,,233.73745933853448,9.126261772138637e-53,2.9545206335222656e-51,,,
4131963,,232.95023840205045,1.3550714879875149e-52,4.373261771169644e-51,,,
443731,,232.19371153162348,1.9812548155590776e-52,6.374365338479856e-51,,,
40481896,,228.9838838664999,9.929849290229334e-52,3.184907216792075e-50,,,
40482237,,228.62641134441452,1.1882373108628889e-51,3.7994345029191204e-50,,,
77734,,228.54583433359835,1.2373032395642236e-51,3.9441887317642366e-50,,,
132706,,228.4320030342502,1.3100912822672681e-51,4.1634460566732265e-50,,,
4179873,,228.2754648597037,1.417232063965592e-51,4.490205978271473e-50,,,
438120,,227.98169598467447,1.6425148266231714e-51,5.188150175765348e-50,,,
4009585,,226.3067724,3.8089190841195606e-51,1.1994632461263778e-49,,,
45768910,,225.31822952313632,6.257537774781283e-51,1.964602192009882e-49,,,
313459,,224.51631249029836,9.360628932576478e-51,2.929989634558276e-49,,,
73923,,223.25544476400756,1.763239108620082e-50,5.502576821855823e-49,,,
4169905,,222.73330315075108,2.291906045559681e-50,7.130984318998864e-49,,,
195977,,222.17512696502928,3.0334950959730726e-50,9.410173443985722e-49,,,
4158911,,221.0318021550893,5.386709696812424e-50,1.666032356228414e-48,,,
314379,,220.67170195062494,6.45459891784894e-50,1.9903914526494415e-48,,,
444070,,219.38792026629216,1.2299702729396945e-49,3.7816127444938775e-48,,,
201621,,218.27178123642162,2.154560960908155e-49,6.604778025297212e-48,,,
4153380,,217.3437677917164,3.433928428468684e-49,1.0495701243719577e-47,,,
432585,,217.1248899039475,3.832982083796428e-49,1.1681041001411284e-47,,,
441829,,216.96427755123537,4.155014647784716e-49,1.2625412929759874e-47,,,
4110192,,215.30536348217538,9.559887628418858e-49,2.8963951088783896e-47,,,
374034,,214.59802794437462,1.3638192302411401e-48,4.12000274437963e-47,,,
43530687,,214.3605732627044,1.5365887739774223e-48,4.628472620050254e-47,,,
76240,,213.5142721,2.3506110737582603e-48,7.059985629623076e-47,,,
442306,,213.3660232270205,2.5323401779727612e-48,7.583884475358195e-47,,,
45757320,,213.01755073480342,3.016779508568356e-48,9.008727773862745e-47,,,
762289,,212.94936476950437,3.121898971844908e-48,9.29592381530438e-47,,,
45757363,,212.88009608258508,3.2324390603351225e-48,9.597573347143598e-47,,,
40481042,,212.07034283800323,4.854963576167571e-48,1.4374011818670482e-46,,,
436785,,211.40009919707398,6.79842897401525e-48,2.007081644828593e-46,,,
440700,,211.3575780357979,6.94520701439312e-48,2.0446059856536347e-46,,,
80809,,211.21869659510443,7.447051022628507e-48,2.1861512493546737e-46,,,
140214,,210.19320982879827,1.2465594285855353e-47,3.649083262496023e-46,,,
4041283,,209.05315172788764,2.210260347616859e-47,6.451973464166966e-46,,,
197925,,208.7648785358113,2.5546887740881734e-47,7.436505809614649e-46,,,
4275423,,207.4596531794373,4.921677980887569e-47,1.4286613848431176e-45,,,
135618,,206.94416339164053,6.3765463343786e-47,1.8458236631437995e-45,,,
315286,,206.53625924885654,7.82681680309958e-47,2.2593411171614122e-45,,,
4236484,,204.73899199254726,1.930797120474351e-46,5.5581284420968023e-45,,,
312934,,203.68123547018263,3.285031720341213e-46,9.430400452427041e-45,,,
437677,,203.5359236261684,3.533841946127002e-46,1.0116717769738789e-44,,,
435093,,203.47299721060588,3.647354026445312e-46,1.0391104663753413e-44,,,
135340,,203.47172534714082,3.649685529513083e-46,1.0391104663753413e-44,,,
4164151,,202.9627806437708,4.7131362026814075e-46,1.3382216234498684e-44,,,
195771,,202.78174492328156,5.161944216602241e-46,1.461660062641158e-44,,,
4151527,,202.68260765828282,5.425576036134541e-46,1.532135493682341e-44,,,
194913,,202.37991091454506,6.316798592244882e-46,1.7789748230517293e-44,,,
443601,,200.96781147333192,1.2842106240742634e-45,3.6068964338864177e-44,,,
81878,,200.44557783119328,1.669542080719744e-45,4.676517871385331e-44,,,
140821,,200.03729546531991,2.0497136633687606e-45,5.725974298314021e-44,,,
4070750,,199.95014632140982,2.141465552660168e-45,5.966249335990473e-44,,,
4203555,,198.90266201848195,3.624923307063896e-45,1.007224679331765e-43,,,
4096682,,198.88906642914785,3.649772250023878e-45,1.011424885926617e-43,,,
4079749,,198.7980894485504,3.820494172346172e-45,1.055919559548442e-43,,,
73553,,198.73461451904734,3.9443151828368404e-45,1.0872499570302506e-43,,,
261325,,196.98734607090518,9.490406540173788e-45,2.609108591679524e-43,,,
141253,,196.56834950624514,1.1714575329664903e-44,3.2120809188885928e-43,,,
133810,,195.15808106674757,2.379635303104903e-44,6.5076763341753026e-43,,,
441259,,194.62605242502556,3.109036385924157e-44,8.480080347119118e-43,,,
443563,,194.39238983987056,3.496417072530046e-44,9.511718905165508e-43,,,
137053,,194.35683793839775,3.5594471422906713e-44,9.657904622110877e-43,,,
4297894,,193.89115827849776,4.497998203516716e-44,1.2172707638267113e-42,,,
374366,,193.87048763888546,4.54496735644761e-44,1.2267870329403522e-42,,,
434657,,193.82415432054398,4.652038505966289e-44,1.2524348226425305e-42,,,
75941,,193.28413232129486,6.102493583477374e-44,1.6386850986950094e-42,,,
201340,,192.97559615175447,7.126044202703455e-44,1.908604416352946e-42,,,
4024561,,192.96523296332347,7.163254700522033e-44,1.9136386336201793e-42,,,
193020,,191.41488882588652,1.5613391505937846e-43,4.1603683212745153e-42,,,
439935,,190.94537888394564,1.976868956215105e-43,5.2541233230146734e-42,,,
437663,,190.71875272358093,2.2153603052102357e-43,5.872965380547135e-42,,,
4208390,,190.13416631364686,2.9719773004723956e-43,7.858724709035404e-42,,,
442752,,189.3175824712129,4.480117677309579e-43,1.181659464533024e-41,,,
4110056,,189.14980435285082,4.874302979869262e-43,1.282373583969655e-41,,,
4085898,,188.58457434907893,6.475805787527866e-43,1.699408427878525e-41,,,
24609,,187.9270117,9.012231800045516e-43,2.359070853049698e-41,,,
4200056,,187.86754450877612,9.285675567216103e-43,2.4245412184550185e-41,,,
4201745,,187.23058318892708,1.278962234667747e-42,3.331071564578252e-41,,,
36717006,,186.88635335372268,1.5205535422161516e-42,3.950398102677562e-41,,,
4058350,,186.74707255563996,1.630821256112005e-42,4.2263078537446273e-41,,,
321588,,186.6998113643849,1.670026601023564e-42,4.3171433924967354e-41,,,
257315,,186.3065336013223,2.035052807545749e-42,5.247709373701098e-41,,,
314658,,186.25753768380167,2.085794549460981e-42,5.365241821286762e-41,,,
40305987,,185.55598817076557,2.967713165857121e-42,7.614932152984495e-41,,,
44784621,,184.84344094941986,4.24596356773739e-42,1.086799344727265e-40,,,
380375,,183.27779892724973,9.327787731710071e-42,2.3816798552317214e-40,,,
316822,,182.5535857815156,1.342425316545011e-41,3.4192362474352337e-40,,,
444100,,180.31190812322376,4.1430334437182724e-41,1.0526749033525742e-39,,,
316998,,179.91885383590542,5.048214947071443e-41,1.2795377982918642e-39,,,
443600,,178.76292607064025,9.026695311710281e-41,2.2823702598368185e-39,,,
314131,,178.74952790610286,9.087705745207581e-41,2.292219371461097e-39,,,
4013160,,178.6688724738041,9.46379440700462e-41,2.3813014885615498e-39,,,
314059,,178.26671311248717,1.1584494204544712e-40,2.9078759365610784e-39,,,
439254,,178.13362740550014,1.2386159615950022e-40,3.1016137525048825e-39,,,
200174,,178.12678809829697,1.242882448928853e-40,3.1048159637665e-39,,,
36717169,,178.1211286553216,1.2464240253936237e-40,3.106196276232743e-39,,,
4028387,,177.43631867414783,1.758724095163505e-40,4.3724068892198914e-39,,,
4246581,,177.37722659980494,1.8117610982492268e-40,4.4935134446314955e-39,,,
4307956,,176.13037781707402,3.3912955363178398e-40,8.391034098432141e-39,,,
315078,,175.37496829627165,4.95819646264506e-40,1.2238854546272556e-38,,,
254061,,175.2471805270562,5.287239938007338e-40,1.302014157245788e-38,,,
4155910,,174.7290180877423,6.860920981470763e-40,1.6855482467953705e-38,,,
192359,,174.23965096787254,8.775045368238542e-40,2.1507139496871444e-38,,,
4270024,,173.95725681537576,1.0113902621133324e-39,2.4730276715015886e-38,,,
36713126,,173.92624797616904,1.0272840142412401e-39,2.505994243191307e-38,,,
442287,,172.68054389118817,1.921919002486005e-39,4.677419736261022e-38,,,
443580,,172.1742811511143,2.4791283585833397e-39,6.019416332335997e-38,,,
74635,,172.02833628657476,2.667918768104289e-39,6.462706722177104e-38,,,
44782733,,170.99851754748954,4.477998495095103e-39,1.0822176828146117e-37,,,
78508,,170.42931943725756,5.962103572633862e-39,1.4375447871649904e-37,,,
373179,,170.24289762640402,6.548102060727639e-39,1.5751823290528155e-37,,,
45766714,,169.28347161894425,1.0608777067532135e-38,2.5461064962077126e-37,,,
4115173,,168.01633535835919,2.0064724090077012e-38,4.804438081660836e-37,,,
79864,,167.99939587623996,2.023639718001076e-38,4.8344055056246394e-37,,,
4258683,,167.4669083832145,2.645104036894745e-38,6.3045690714243555e-37,,,
4182562,,165.82670420977354,6.035606569719222e-38,1.4352865783185848e-36,,,
4093347,,164.70588606309042,1.0606176740445183e-37,2.5164243992398704e-36,,,
434494,,163.6001944485063,1.8497033980818977e-37,4.378614513181567e-36,,,
199856,,162.6755375696802,2.9451330586982864e-37,6.955868805907408e-36,,,
4155909,,162.5424259339621,3.149092225505202e-37,7.420718006224504e-36,,,
4204781,,162.40145800023896,3.3805108434933162e-37,7.948024589498313e-36,,,
375393,,162.12458163139257,3.885718797989869e-37,9.11521213289181e-36,,,
135777,,161.7571646729286,4.674570495155543e-37,1.0941021753526216e-35,,,
40480160,,160.92376919630493,7.109178431950343e-37,1.6601928598837744e-35,,,
35611566,,160.50494787039253,8.77656074549661e-37,2.0449780104753532e-35,,,
4111412,,158.89641633425464,1.971392673488167e-36,4.5831571952771883e-35,,,
375800,,156.70924835388985,5.9249320850995665e-36,1.3743726390257745e-34,,,
440417,,155.95495890529097,8.659842122054245e-36,2.004300207848279e-34,,,
4309257,,155.51375081214337,1.0812462953534575e-35,2.496958111402918e-34,,,
4111921,,154.69909189217657,1.6291153345237553e-35,3.753828504738551e-34,,,
4152592,,154.5599772,1.747242230081015e-35,4.017110897124316e-34,,,
434911,,154.2742288622692,2.017434131248007e-35,4.62807406002854e-34,,,
4224926,,153.38203971041554,3.160671409016639e-35,7.234735084251303e-34,,,
4280354,,152.1229299140137,5.956056053506406e-35,1.360337022154694e-33,,,
194406,,152.04739968523455,6.186804966670834e-35,1.4099402897728796e-33,,,
195588,,150.32841315114368,1.4695248671346168e-34,3.3416416672347785e-33,,,
4053599,,149.68180921963605,2.0347410207240313e-34,4.616818490690859e-33,,,
26823,,149.45237402842199,2.283805686575018e-34,5.170655489082262e-33,,,
443740,,149.31866470637385,2.4427870081737657e-34,5.518574475856907e-33,,,
78605,,149.21836173114815,2.5692723211820376e-34,5.79173057738042e-33,,,
4299417,,147.91008166822752,4.963486810358537e-34,1.116462227992336e-32,,,
372897,,147.8283384016656,5.171966061524671e-34,1.1608438728156453e-32,,,
75004,,147.64937858902113,5.659471613071089e-34,1.2675264871343696e-32,,,
4264617,,147.52666959805913,6.0200483556183794e-34,1.345383709926585e-32,,,
435783,,147.34218910569786,6.605832434813689e-34,1.4731289841756192e-32,,,
4233565,,147.2121275427508,7.052763275627833e-34,1.5694286072874612e-32,,,
435524,,147.08249326927694,7.528315630995214e-34,1.6716721375491936e-32,,,
4219836,,146.7311982129696,8.98448092072028e-34,1.9907617426039478e-32,,,
4057826,,145.60577472831918,1.5831621416414486e-33,3.500472548071901e-32,,,
195007,,145.4771123645708,1.689092701628793e-33,3.726762495823018e-32,,,
374044,,145.4469671169438,1.714919921524099e-33,3.775730471287804e-32,,,
4112020,,144.70300656561102,2.4939717867160028e-33,5.479356196099936e-32,,,
4274575,,143.77828751543314,3.97251169677426e-33,8.709354757991162e-32,,,
81723,,142.8780382867559,6.250249216728753e-33,1.3674229444262147e-31,,,
321319,,142.58899380064813,7.2293013401729e-33,1.5782962085520331e-31,,,
198520,,142.22147852844165,8.698694029177543e-33,1.8951117054761641e-31,,,
260139,,141.8806016765486,1.032734096641997e-32,2.2452244209840237e-31,,,
438252,,141.6806922280706,1.1420899308664344e-32,2.477786756067638e-31,,,
4001450,,140.94063216953066,1.6577688544367638e-32,3.589069569855594e-31,,,
44782715,,140.82201411711142,1.7597942026136165e-32,3.8020335454388153e-31,,,
45757435,,140.64173673805269,1.927005543149609e-32,4.154655934525049e-31,,,
4119307,,139.41317815340958,3.5771732864619365e-32,7.696477182797608e-31,,,
74132,,138.806267,4.855827932899454e-32,1.0425984272456845e-30,,,
4052646,,138.77315977521488,4.937459006743436e-32,1.0579396700634597e-30,,,
4110190,,138.1427247,6.782279324123059e-32,1.450235529553227e-30,,,
4128827,,137.70942380626488,8.436035489703303e-32,1.7996439002485534e-30,,,
135893,,137.70590822541175,8.450983673222614e-32,1.7996439002485534e-30,,,
4328079,,137.37729472396728,9.971862955364961e-32,2.1191738206984186e-30,,,
259848,,137.1792141738341,1.1017875583396904e-31,2.336689042095115e-30,,,
437703,,136.62325573625932,1.4577804063293792e-31,3.0853877764918348e-30,,,
44782719,,135.99673030091182,1.9985928326214303e-31,4.2214180318296554e-30,,,
4110189,,134.21975795653327,4.8910734111443484e-31,1.0309946224870602e-29,,,
46273403,,134.0613879915895,5.297201152254537e-31,1.1143423962394564e-29,,,
4286201,,133.48168730246425,7.0933977300035955e-31,1.4891836204080275e-29,,,
4128914,,133.35376695070326,7.565489847694114e-31,1.5837164371228083e-29,,,
432869,,133.3514921283623,7.57416348393029e-31,1.5837164371228083e-29,,,
30437,,133.0641269688368,8.753805417377583e-31,1.8266977087828886e-29,,,
45767658,,132.93778038990558,9.329019291685081e-31,1.9428290276391054e-29,,,
42873170,,132.81867202570163,9.905852647802036e-31,2.055737231792566e-29,,,
37016768,,132.81769228794374,9.910742428099264e-31,2.055737231792566e-29,,,
29735,,132.5706033468579,1.1224301993935495e-30,2.323564667748559e-29,,,
43531622,,131.9083066103599,1.566920408786272e-30,3.237263794852274e-29,,,
441594,,131.8737301566597,1.5944511336602967e-30,3.287606385118612e-29,,,
261880,,131.46550522718675,1.9584816668428934e-30,4.03020623402601e-29,,,
4058219,,131.1818369647256,2.259328905130611e-30,4.6401079016042115e-29,,,
4298026,,130.83010176215387,2.6973184500752683e-30,5.528704799444219e-29,,,
4308394,,130.77398217109294,2.7746629161111594e-30,5.676042721304561e-29,,,
375806,,130.4381774970155,3.2860893045033614e-30,6.709045196934957e-29,,,
4323418,,130.26775509623744,3.5806825104181684e-30,7.296167185934432e-29,,,
132736,,130.0332493866435,4.029707708157395e-30,8.195053327430851e-29,,,
4098302,,129.90290824052914,4.3031977859656956e-30,8.734146756202248e-29,,,
4083820,,129.67924273957084,4.816463821559278e-30,9.756860045544644e-29,,,
438406,,129.6194977758828,4.963640676683178e-30,1.0035438504297974e-28,,,
40481354,,129.38198258594534,5.5945923022691455e-30,1.1289126835957468e-28,,,
4236312,,129.0523191635077,6.60540847970409e-30,1.3302985449822654e-28,,,
4298028,,128.77765230410733,7.58575079410845e-30,1.5247799275120892e-28,,,
4002359,,128.70178803971112,7.881308608260201e-30,1.581130483726641e-28,,,
4013596,,128.66453098229354,8.030646870275856e-30,1.607986171019397e-28,,,
4226991,,128.31924017543938,9.556618687937273e-30,1.9098534885585413e-28,,,
4232337,,127.90062644563847,1.180059647983797e-29,2.353777324730829e-28,,,
45757559,,127.5708827338128,1.393346082531262e-29,2.7738797872921217e-28,,,
40490423,,127.3277170844206,1.574960965908551e-29,3.12944442786265e-28,,,
195079,,127.13318019456824,1.7371604737311516e-29,3.4451472601172e-28,,,
434770,,126.75595631430589,2.1008185515138915e-29,4.158420264253783e-28,,,
27587,,125.65165045325179,3.664853512266961e-29,7.240524277467349e-28,,,
4152351,,125.6451252,3.676924073721717e-29,7.250587281615955e-28,,,
435243,,125.56800605796872,3.822629031821736e-29,7.523628958085508e-28,,,
319844,,125.32578640945715,4.318891852406495e-29,8.484295676787957e-28,,,
4133224,,125.01662407816316,5.0470100083976413e-29,9.895948680616658e-28,,,
79936,,124.86795037107103,5.439671373522694e-29,1.0645774936656842e-27,,,
135333,,124.5662491003218,6.332912027824553e-29,1.2370605600216682e-27,,,
4307254,,124.48212987904454,6.607149501424741e-29,1.2882082104841633e-27,,,
36713107,,124.2010453457203,7.612619947420921e-29,1.4814671628014647e-27,,,
134441,,124.13540975502937,7.868641191254355e-29,1.528428397374117e-27,,,
443200,,122.65675512207292,1.6578569689820146e-28,3.2142629891158763e-27,,,
4148906,,122.52531916485154,1.7714021893183873e-28,3.42800959988765e-27,,,
193322,,122.1295476438158,2.162466432248487e-28,4.177016944967709e-27,,,
376965,,121.81309010469785,2.5364235070476426e-28,4.890262167947885e-27,,,
4332304,,121.80197031632183,2.55067961500735e-28,4.908641214658589e-27,,,
4142875,,121.53894545940389,2.9122794188803487e-28,5.594160392052604e-27,,,
4115027,,121.36636413084365,3.176963883423118e-28,6.091330014120488e-27,,,
200962,,121.26616544884648,3.341539902840979e-28,6.3950796814592e-27,,,
40487064,,121.1361562726701,3.567853548498885e-28,6.815649646323605e-27,,,
437528,,121.05087441595536,3.7245708580090856e-28,7.101970707601912e-27,,,
80141,,120.84963691912503,4.122208527412208e-28,7.845785900525213e-27,,,
376063,,120.63916325286596,4.583594875993447e-28,8.70799231285629e-27,,,
4152347,,120.5354705,4.829548993567508e-28,9.158516996560866e-27,,,
433753,,119.6010304353208,7.735360861891683e-28,1.4642234986662728e-26,,,
373852,,119.2274530912027,9.338352575537865e-28,1.764439272090718e-26,,,
4305080,,118.68340097282973,1.2285328932601839e-27,2.31704425168055e-26,,,
43530690,,117.93905377375194,1.7879844037684986e-27,3.366074986225043e-26,,,
4103295,,117.73891581356744,1.9778161833540356e-27,3.716720755409609e-26,,,
4214530,,117.38216159169198,2.36756725226353e-27,4.4411117121881954e-26,,,
43531028,,117.28434481191474,2.487259134886374e-27,4.6572246720250805e-26,,,
4052509,,117.0485152082689,2.8013068936778335e-27,5.235823963866915e-26,,,
4129404,,116.56466248593738,3.575301671741074e-27,6.670473065122665e-26,,,
380094,,115.90607533612905,4.983484551410493e-27,9.281070153809649e-26,,,
4055700,,115.49173862581043,6.141436056862508e-27,1.1417138372614523e-25,,,
4332246,,115.3548444,6.580356083964434e-27,1.2211260790099714e-25,,,
4328879,,114.05739043833907,1.265910721210265e-26,2.3449811434611537e-25,,,
4248429,,113.55462541412994,1.6312489849140364e-26,3.0163593329584814e-25,,,
4022073,,113.03658539217335,2.1182992609646473e-26,3.9100117086935374e-25,,,
4195677,,112.65654892321746,2.565842872268372e-26,4.72770197315832e-25,,,
4046093,,112.45583079547886,2.8392006373919237e-26,5.222119119252544e-25,,,
4138617,,112.24699788359811,3.1545710383332387e-26,5.791926189109366e-25,,,
439253,,112.01920506231819,3.538657091782571e-26,6.485665696261813e-25,,,
4211231,,111.65386103672319,4.2547019681577483e-26,7.784306840333683e-25,,,
316437,,111.43153505854072,4.7596169140306556e-26,8.692783650370223e-25,,,
197304,,111.40871173811746,4.8147277619117157e-26,8.778008930137992e-25,,,
379805,,110.96076739013178,6.035335162156748e-26,1.0984098599848147e-24,,,
4322024,,110.72843094728339,6.785781923604551e-26,1.2328294711555681e-24,,,
194686,,110.68417613427926,6.93897003191636e-26,1.2584603241129985e-24,,,
4353709,,110.60592184634088,7.218361612288954e-26,1.3068504159391432e-24,,,
4207936,,110.59526193453388,7.257281546614191e-26,1.3116116492593854e-24,,,
44782778,,110.41020141541448,7.967401631936795e-26,1.4374520444285967e-24,,,
379801,,110.06490155392552,9.483441808680419e-26,1.7080056720243832e-24,,,
434633,,109.41700648052851,1.3149651879629689e-25,2.364207306801241e-24,,,
312622,,109.00739042579522,1.616819058887301e-25,2.901897005173892e-24,,,
4113008,,108.97044507179464,1.647237869875197e-25,2.9513958523694908e-24,,,
4279139,,107.78867881816304,2.990195485856054e-25,5.348384077283324e-24,,,
376112,,107.03296790532517,4.378251489006596e-25,7.817661421607655e-24,,,
36715746,,106.86440502037328,4.766941226640622e-25,8.497093177915839e-24,,,
4172970,,106.57724312975571,5.510233909265091e-25,9.80519705224021e-24,,,
436339,,106.1871352519321,6.709078315031829e-25,1.1918075529882183e-23,,,
4234997,,106.07002639460435,7.117508984115918e-25,1.2622039823026044e-23,,,
4290976,,105.9795636187159,7.44995587527389e-25,1.3189087130467849e-23,,,
4242574,,105.9078136945106,7.724642817221814e-25,1.3652123836151204e-23,,,
436278,,105.89559598361383,7.772416212153894e-25,1.3713234172615157e-23,,,
4168796,,105.54667515354745,9.268873556358213e-25,1.632578542333467e-23,,,
437312,,105.08730574719819,1.1687125796690314e-24,2.0550357238444288e-23,,,
4305841,,105.05083256619675,1.1904242843370974e-24,2.0896772234512022e-23,,,
4168553,,104.16420316720556,1.862249175058476e-24,3.2634896167297946e-23,,,
4050853,,103.45464699898993,2.6642372288462303e-24,4.6610695761229e-23,,,
261600,,103.22568222228652,2.9906403764230083e-24,5.223316771729059e-23,,,
134681,,103.1405800665628,3.1219049229803982e-24,5.443428852283943e-23,,,
436676,,102.90063113301244,3.523873530176119e-24,6.1340190495126e-23,,,
40480602,,102.78284237388144,3.739744291248189e-24,6.498900112817923e-23,,,
37311319,,102.39839051893682,4.540703791911115e-24,7.877628348170336e-23,,,
4227449,,101.76778697693804,6.242712181963802e-24,1.0812377499161306e-22,,,
195847,,101.65274532658214,6.6159968628090304e-24,1.1422830355432237e-22,,,
193874,,101.65239963958643,6.617151533843539e-24,1.1422830355432237e-22,,,
256449,,101.53280594684998,7.028964384773757e-24,1.2113598322814075e-22,,,
4300110,,101.39038279721139,7.552960570744903e-24,1.2995093750195535e-22,,,
4222001,,101.21308573290216,8.260183146747071e-24,1.418840053900753e-22,,,
36684319,,100.87551095410953,9.795009718889411e-24,1.6796986963481644e-22,,,
435511,,100.61054938637103,1.1196978518955789e-23,1.9169522367213932e-22,,,
140273,,100.37149726188348,1.2633308733440416e-23,2.159298426939355e-22,,,
437273,,100.17038791517676,1.39834614627196e-23,2.386143374722202e-22,,,
141104,,99.91671457804162,1.5894221678745016e-23,2.707750027631446e-22,,,
374022,,99.73897518949657,1.7386578330061926e-23,2.957141113027881e-22,,,
4089462,,99.62121292685259,1.8451747525618077e-23,3.1331790896441678e-22,,,
4115169,,99.58017173,1.8838106630433192e-23,3.1935661354561454e-22,,,
4041285,,99.19233033751028,2.2913270113121587e-23,3.8780896256605787e-22,,,
442019,,99.14978279172547,2.341086871560603e-23,3.9558658161394775e-22,,,
4328217,,98.91146823279163,2.640458710645757e-23,4.454488136530959e-22,,,
4117116,,98.83001331784503,2.751329088519894e-23,4.634005168216976e-22,,,
193518,,98.81361928472776,2.7742001300861526e-23,4.664965655640015e-22,,,
4150062,,98.57082349158603,3.1360582470392055e-23,5.264930097452573e-22,,,
4197184,,98.50740201179435,3.2381202822810115e-23,5.427507415074882e-22,,,
372409,,98.31680571538512,3.5652734668077485e-23,5.966235405324658e-22,,,
378756,,98.18107268919125,3.818221119501759e-23,6.379253034383003e-22,,,
321887,,97.99686471652072,4.190455220464512e-23,6.989921452819777e-22,,,
4200967,,97.96304233122346,4.262644779668593e-23,7.0989430369096185e-22,,,
134765,,97.74960935148721,4.7477727454804833e-23,7.894216699365309e-22,,,
441830,,97.390822,5.690920499773371e-23,9.447291666716434e-22,,,
40484908,,96.65939368,8.234078775077491e-23,1.3647296113334177e-21,,,
26727,,96.53526981,8.766812129866877e-23,1.4507119690059967e-21,,,
4103534,,96.50034882706261,8.922811358604802e-23,1.474178944970129e-21,,,
374384,,96.24539648795297,1.0149088059937376e-22,1.6741162399820509e-21,,,
435082,,96.15426718747548,1.062715778732103e-22,1.750196889474487e-21,,,
75036,,96.07283854169245,1.1073361078746897e-22,1.8207969672521794e-21,,,
4133610,,96.04409456981514,1.1235303957253497e-22,1.8445067728874935e-21,,,
36712860,,96.02588013617479,1.1339147618072512e-22,1.8586186442745984e-21,,,
4167097,,95.85648734647121,1.2352059476452242e-22,2.0214583004612868e-21,,,
4151978,,95.75258839867993,1.301761911180187e-22,2.1270298397774375e-21,,,
436677,,95.72849362,1.3177020991984336e-22,2.1496954811413067e-21,,,
4168217,,95.66832396724203,1.358365762344263e-22,2.2125606586648245e-21,,,
312998,,95.45959966611471,1.5094039006244501e-22,2.4547300994192937e-21,,,
376115,,95.42643771395032,1.5349012464929637e-22,2.4891915890638855e-21,,,
4115170,,95.42581423360147,1.535384727280553e-22,2.4891915890638855e-21,,,
4104431,,95.38087391614563,1.570638109570428e-22,2.542378696986898e-21,,,
4234788,,95.15116644,1.7638823311116167e-22,2.8507410863004545e-21,,,
4225273,,95.08606058169907,1.8228579455412815e-22,2.9414813307554346e-21,,,
374919,,94.96007712779213,1.942638179486686e-22,3.1299063505776188e-21,,,
4305500,,94.90953538225075,1.9928756915361522e-22,3.2058768090470115e-21,,,
4171569,,94.72190374698745,2.1910132110356533e-22,3.519166814386786e-21,,,
443535,,94.25807677444251,2.769543638981558e-22,4.441527391403757e-21,,,
438134,,93.86786862283031,3.3730551088589597e-22,5.4010460233069815e-21,,,
4153359,,93.57490622770243,3.911149555398771e-22,6.253025566108312e-21,,,
4261072,,93.55378542497083,3.9531088141714114e-22,6.3104004296266214e-21,,,
4110914,,93.43702287614245,4.193330639810729e-22,6.683603068851702e-21,,,
37018854,,93.08916251,4.999072737274502e-22,7.955645311754459e-21,,,
43531604,,93.01830642390841,5.181286775566734e-22,8.23301715163448e-21,,,
43020424,,92.86158014318657,5.608271146384626e-22,8.897886069195273e-21,,,
435788,,92.81611993364433,5.738583634707365e-22,9.090756270103497e-21,,,
30753,,91.84808925449255,9.359221151029522e-22,1.480380916308962e-20,,,
195083,,91.71385157875179,1.0016132842165398e-21,1.5818792172611368e-20,,,
256451,,91.57569844940204,1.0740393928909381e-21,1.6936900411111728e-20,,,
36715748,,90.9872306,1.4460228677689466e-21,2.2768287336143776e-20,,,
441553,,90.59205944391485,1.7656754775993465e-21,2.775930342392195e-20,,,
196858,,90.54005387700596,1.812699562589988e-21,2.845554962905613e-20,,,
4207935,,89.69757266,2.774952737862655e-21,4.349518680523184e-20,,,
193688,,89.62213629544453,2.8828047187862924e-21,4.511763047835414e-20,,,
4055361,,89.32452485000977,3.3507938248452108e-21,5.2363081846302897e-20,,,
435940,,89.21095577554796,3.54878190449957e-21,5.537378611345275e-20,,,
73571,,88.930664,4.088958263507724e-21,6.370682799755961e-20,,,
381444,,88.88165058347126,4.191533722123313e-21,6.520721323399022e-20,,,
433329,,88.82909177279052,4.30439055028312e-21,6.686282002771627e-20,,,
444044,,88.80889480987283,4.3485624178103534e-21,6.744815021773909e-20,,,
4146209,,88.60964400658446,4.8093876512344726e-21,7.448458490555684e-20,,,
137275,,88.50524166,5.070035332343307e-21,7.840447496088043e-20,,,
373175,,88.22918407811127,5.829347453874719e-21,9.001274701436267e-20,,,
381033,,87.996459,6.557174621819879e-21,1.0110112562307444e-19,,,
375265,,87.73269187813675,7.49257094374119e-21,1.153522922183088e-19,,,
381035,,87.20599765290262,9.778681308924386e-21,1.5032552686737018e-19,,,
40480603,,87.14105320566914,1.0105110343475378e-20,1.5511419008773432e-19,,,
318448,,86.90495821901816,1.1386355486989761e-20,1.7452360799527671e-19,,,
435839,,86.88356691716525,1.1510179386916436e-20,1.7616168510874167e-19,,,
4191592,,86.30788571988181,1.5399325314333092e-20,2.3533792450963163e-19,,,
4339013,,86.20325736855865,1.623600106554565e-20,2.4775994577555125e-19,,,
441561,,86.17973695196719,1.6430259383128196e-20,2.5035667963265133e-19,,,
4002956,,86.16604317862905,1.6544427126641518e-20,2.5172721332365837e-19,,,
196569,,86.09193440494549,1.7176195918552554e-20,2.6095764325379846e-19,,,
4013604,,86.06115143726595,1.7445658661472592e-20,2.646646493576981e-19,,,
4040820,,85.94112013,1.8537375177806068e-20,2.8081691377224586e-19,,,
442012,,85.59021446525911,2.213682233667142e-20,3.3485568809707334e-19,,,
4307981,,85.45722014801493,2.3676899686786514e-20,3.576313103852986e-19,,,
36712982,,84.7586887,3.370944966262323e-20,5.084304802525118e-19,,,
435956,,84.58335377,3.683534802361711e-20,5.547723719730856e-19,,,
36715619,,84.37056791229995,4.102091669950747e-20,6.169165938368765e-19,,,
432545,,84.14019731734652,4.60903600102993e-20,6.921546549523561e-19,,,
4003171,,83.91330085943824,5.16955557895127e-20,7.752095465578874e-19,,,
4096196,,83.90104723987275,5.2016969402106214e-20,7.789053977329795e-19,,,
4266809,,83.42344155775413,6.623193407374135e-20,9.903341854594534e-19,,,
432586,,83.38959318718734,6.737575496308501e-20,1.0059897206557175e-18,,,
4115367,,83.35274404,6.864345540007594e-20,1.0234473292935284e-18,,,
434004,,83.24435824,7.25121781264836e-20,1.0795795918200823e-18,,,
314754,,83.23744299567596,7.276628568554918e-20,1.0818129339688514e-18,,,
4144895,,82.99816921864422,8.212941840644549e-20,1.2192698801139736e-18,,,
4136722,,82.98870714784131,8.252349321877143e-20,1.2233725271461809e-18,,,
440853,,82.95964364,8.374579181597469e-20,1.2397240292757961e-18,,,
36684646,,82.83342765,8.92675334666983e-20,1.319584932839159e-18,,,
4213731,,82.73020345396314,9.405307004367088e-20,1.3883515680310055e-18,,,
440385,,82.56205756,1.0240403961739276e-19,1.5094791201474405e-18,,,
316999,,82.06929019,1.3139845470287845e-19,1.9341256958531345e-18,,,
436681,,81.99570277072456,1.3638288500754063e-19,2.0046547963201728e-18,,,
4263748,,81.93592079383235,1.405711162734628e-19,2.0632980795393015e-18,,,
4138412,,81.72849211,1.5612641579770246e-19,2.2883860549643496e-18,,,
43531681,,81.69986758746236,1.5840410594414387e-19,2.3185006605233e-18,,,
133726,,81.69170913913044,1.5905934996611133e-19,2.324816828196665e-18,,,
201337,,81.59477726,1.6705502542559696e-19,2.438252562110679e-18,,,
74125,,81.47714982034374,1.7729971310262623e-19,2.58414953515076e-18,,,
443733,,81.26183663,1.9770787561349205e-19,2.877563366072002e-18,,,
759859,,81.19824950745021,2.041727471786535e-19,2.9675009631896044e-18,,,
4226021,,81.02738551392784,2.2261129559579904e-19,3.23097288244629e-18,,,
4168681,,80.95038202849221,2.3145679958517594e-19,3.354670936247069e-18,,,
432463,,80.61310003,2.7453345003809414e-19,3.973470212807624e-18,,,
318443,,80.41372894562807,3.0367795289402016e-19,4.389181205110789e-18,,,
4245840,,80.34416799538037,3.145587312897602e-19,4.540131021615539e-18,,,
4068482,,80.18748000856296,3.4051797810009433e-19,4.907992827206907e-18,,,
77074,,80.15717947974686,3.4577999303360585e-19,4.9769330853258064e-18,,,
257683,,80.07151129716524,3.61101428573415e-19,5.190271155926596e-18,,,
4175154,,79.50154381000631,4.818486595693249e-19,6.916258660558598e-18,,,
4049367,,79.31593839216792,5.293097109851284e-19,7.587015884906833e-18,,,
78505,,79.12009182461169,5.844689930498569e-19,8.366118148449191e-18,,,
374025,,78.92833583549894,6.440433730670316e-19,9.206188078284172e-18,,,
42537744,,78.67519292,7.32091374814411e-19,1.0450403251471648e-17,,,
138994,,78.32694888805655,8.732241018979467e-19,1.2447935345574024e-17,,,
377574,,78.29612397611233,8.869572270410903e-19,1.2626382881384945e-17,,,
133729,,78.07495071246952,9.920403103478078e-19,1.4102986190334363e-17,,,
40483262,,77.89831111735013,1.084840987518754e-18,1.5401185167069524e-17,,,
4127117,,77.85132455101143,1.1109562063682438e-18,1.5750418685646372e-17,,,
444191,,77.83047742257794,1.122743592647841e-18,1.5895846614163985e-17,,,
36715749,,77.6553991,1.226805007953363e-18,1.734552060224673e-17,,,
375239,,77.43951601298542,1.3684968359815222e-18,1.9322580325434755e-17,,,
312938,,77.24022260025372,1.5137904271603151e-18,2.1345061219877876e-17,,,
40481919,,76.97114490016538,1.734740546662946e-18,2.442740347008311e-17,,,
4250169,,76.94273990650329,1.7598708014747747e-18,2.474773662912836e-17,,,
4263360,,76.66185323448602,2.028846865473766e-18,2.84915900351397e-17,,,
4043731,,76.54430470447384,2.153275713536378e-18,3.0198166282145805e-17,,,
192963,,75.74055582000675,3.2349464378046574e-18,4.5306689193619944e-17,,,
4204199,,75.16867961926896,4.321686220714522e-18,6.044544173037055e-17,,,
433450,,75.08445643962824,4.510029841727687e-18,6.29949329505835e-17,,,
4311124,,75.02944116829563,4.637468910603604e-18,6.468802271005726e-17,,,
193782,,75.02540668446855,4.646955060904023e-18,6.473345441409464e-17,,,
4119786,,74.93759381066849,4.858304512304715e-18,6.758701538403025e-17,,,
40482727,,74.77639296342149,5.271630174221821e-18,7.323901172528499e-17,,,
43530744,,74.75133946855615,5.338953901518638e-18,7.407531234256567e-17,,,
376686,,74.43246975185292,6.274841450588379e-18,8.694420313935258e-17,,,
4244078,,74.37261498288179,6.4680048294159125e-18,8.9501339796658e-17,,,
43530851,,73.87777904136057,8.310659651879406e-18,1.14846243487142e-16,,,
45763828,,73.77707699165043,8.745634705077405e-18,1.2065154628515863e-16,,,
37016114,,73.77519636841865,8.753970929465897e-18,1.2065154628515863e-16,,,
4304798,,73.73242605542801,8.945719506950933e-18,1.2313101604799218e-16,,,
4047124,,73.71630976380017,9.019057290348235e-18,1.239762478324059e-16,,,
4285898,,73.61977671,9.471097991394993e-18,1.3001803213550433e-16,,,
4216708,,73.43567143312077,1.0397001868055208e-17,1.4254042666600227e-16,,,
4023310,,73.40717685378715,1.054818558179423e-17,1.4442258836100876e-16,,,
138519,,73.39714844,1.0601914915186299e-17,1.4496723657712632e-16,,,
762296,,73.07316882783061,1.2493140154161018e-17,1.70602775929095e-16,,,
257007,,72.99075039666525,1.3025887125669663e-17,1.7764438190283354e-16,,,
4190307,,72.94286316025114,1.3345803936107385e-17,1.817688001363407e-16,,,
257907,,72.86506189027186,1.3882409310259684e-17,1.8882983972803489e-16,,,
4302537,,72.80068939024389,1.4342674350278974e-17,1.9483538803673085e-16,,,
441284,,72.79124148049287,1.441149987249961e-17,1.955147606723446e-16,,,
4216083,,72.77183036832601,1.455394313461791e-17,1.9718980059315427e-16,,,
4176892,,72.44855771443336,1.714431961705063e-17,2.3198407481821635e-16,,,
4120275,,72.27423556,1.87276549328166e-17,2.5307905079561783e-16,,,
35622934,,72.26723777187333,1.8794182034559168e-17,2.5364823338069986e-16,,,
4057044,,71.99313551151477,2.1594727259798017e-17,2.9106667403867834e-16,,,
439278,,71.72236040833845,2.4770952875235514e-17,3.3344526202000963e-16,,,
4150981,,71.61819118130106,2.6113803822153813e-17,3.510668167138712e-16,,,
443237,,71.18076992,3.259495579835099e-17,4.3763149955615436e-16,,,
4110961,,71.16134409576898,3.2917464091625004e-17,4.413913378582801e-16,,,
318169,,71.11916539309873,3.362874936375686e-17,4.503478909641253e-16,,,
136198,,70.92117126850029,3.717868389699874e-17,4.97246953742099e-16,,,
4248716,,70.74189806280388,4.07153118450146e-17,5.438477129735113e-16,,,
134057,,70.46840250830037,4.6769789563567155e-17,6.239173981316943e-16,,,
4008354,,70.38430629647716,4.880665935607536e-17,6.50254876959404e-16,,,
4010963,,70.21820129121382,5.3094280368291654e-17,7.064734463345542e-16,,,
379031,,70.18697745,5.39413630666025e-17,7.16826911749531e-16,,,
81186,,70.07762537768075,5.701602907294353e-17,7.567184854738559e-16,,,
24970,,69.72364022912623,6.822351701625314e-17,9.043096796338042e-16,,,
36715747,,69.71825098881557,6.84101743855764e-17,9.05628703458484e-16,,,
432881,,69.58010364966354,7.337331719213962e-17,9.700960715785176e-16,,,
4344612,,69.55052368259025,7.448198011655599e-17,9.835028429113722e-16,,,
4108235,,69.53859904663273,7.493364325490535e-17,9.882111937880412e-16,,,
377821,,69.25441345,8.654704657438806e-17,1.1399200354892785e-15,,,
4033837,,68.95604518527422,1.006825708855764e-16,1.3244218691682402e-15,,,
4009187,,68.68620655976454,1.1544557767630375e-16,1.5167009395855228e-15,,,
4150985,,68.66707863981503,1.1657078235590139e-16,1.5295499624274335e-15,,,
438064,,68.45907479943138,1.2953824108384418e-16,1.6975553610886615e-15,,,
78272,,68.32014073543239,1.3899405771790515e-16,1.819176634514446e-15,,,
439846,,68.23849749,1.4486964158359739e-16,1.8936922205493633e-15,,,
36712806,,67.90453083310368,1.716063892547945e-16,2.240368840622895e-15,,,
443412,,67.88949637054913,1.7291987244201303e-16,2.254684208804767e-15,,,
4291454,,67.80256291122896,1.8071443740952808e-16,2.353363951829343e-15,,,
40482267,,67.61239283621777,1.9901272484524312e-16,2.5884108092512724e-15,,,
195834,,67.58725397852284,2.0156642926606175e-16,2.618347916166142e-15,,,
196236,,67.35877171560972,2.263327916029065e-16,2.9363924723313415e-15,,,
132342,,67.21425653747806,2.4354656035007775e-16,3.155780368027441e-15,,,
376973,,66.96035022980449,2.7702313788470472e-16,3.585086486796826e-15,,,
4171919,,66.54543056486374,3.4192175784691585e-16,4.4194663029168525e-15,,,
43022069,,66.37042010581123,3.7366771090748777e-16,4.8237948468951714e-15,,,
381295,,66.33106948288302,3.8120239121715486e-16,4.9147723352545776e-15,,,
193666,,66.32869945686498,3.8166101564188265e-16,4.9147723352545776e-15,,,
437116,,66.23782406134573,3.996690182050493e-16,5.140297570775832e-15,,,
73819,,66.18117350750525,4.1132259001981e-16,5.2836394999825284e-15,,,
81303,,66.14456673985102,4.19033148389888e-16,5.3760400963798965e-15,,,
4322306,,66.01203334156192,4.481783690452471e-16,5.742872516791871e-15,,,
73090,,65.82600597441377,4.925402233719346e-16,6.303544336553134e-15,,,
4289526,,65.60628560784164,5.506286709107452e-16,7.0382941551100424e-15,,,
40481920,,65.50526332994004,5.795896873800514e-16,7.399380873775791e-15,,,
4103741,,65.45981428176331,5.931113192524484e-16,7.56271512843122e-15,,,
45763761,,65.44441905548345,5.977627745458139e-16,7.612684746421689e-15,,,
4222415,,65.25756337832229,6.572146723178043e-16,8.359577570044825e-15,,,
444131,,65.22587304482886,6.678688457328495e-16,8.484710323784561e-15,,,
4054067,,65.07096595074252,7.224876067774794e-16,9.167388534348677e-15,,,
433991,,64.9439252,7.706002745594646e-16,9.765948845392627e-15,,,
316135,,64.74299242593793,8.533255026847439e-16,1.0801167629597878e-14,,,
4106682,,64.58065881919919,9.266046613682978e-16,1.1714447251751037e-14,,,
40479575,,64.39794701372337,1.0166402980658387e-15,1.2837091102673385e-14,,,
4167914,,64.38303949103256,1.0243615505302513e-15,1.2918889846007732e-14,,,
255841,,64.36990843110532,1.0312112790369129e-15,1.2989512256668604e-14,,,
440374,,64.33576216524625,1.049238726982244e-15,1.320059182905506e-14,,,
4048785,,64.21434587414143,1.1159322981970098e-15,1.4022694610475605e-14,,,
194847,,64.19842580950542,1.124986025853523e-15,1.4119389831726824e-14,,,
377286,,63.69879475722033,1.4497325251625875e-15,1.8173245357647297e-14,,,
4084966,,63.69491178,1.4525928841506862e-15,1.8187162954330036e-14,,,
4058155,,63.41395342155358,1.6752712114585254e-15,2.094996200899759e-14,,,
45769461,,63.38643803418315,1.6988361523832633e-15,2.1219116941787106e-14,,,
372903,,63.20037227523821,1.8671309410566025e-15,2.329318696213711e-14,,,
4000609,,63.08031976975046,1.984470161106814e-15,2.472735481321584e-14,,,
75865,,62.92175580391276,2.1508331114740905e-15,2.6768212807711077e-14,,,
4338523,,62.80129053561122,2.2864897141187207e-15,2.842248936497817e-14,,,
376690,,62.67808020201595,2.434096855868936e-15,3.022118820333331e-14,,,
4111099,,61.753524115744725,3.89254250957212e-15,4.827124314972968e-14,,,
4339010,,61.72143462397396,3.956498313463459e-15,4.9005876607285176e-14,,,
380102,,61.30179129484641,4.8963464317430385e-15,6.057480014127817e-14,,,
434005,,61.05896469489376,5.539072055795665e-15,6.844475244212669e-14,,,
4280571,,61.00085590482289,5.7050000578759685e-15,7.041135463354758e-14,,,
378144,,60.859448342970694,6.129859860628524e-15,7.556524753458081e-14,,,
4129393,,60.723364651166364,6.568587965571399e-15,8.087768499788859e-14,,,
80242,,60.687759319035415,6.688474801493842e-15,8.225636702618225e-14,,,
4112752,,60.54180413,7.203237839202745e-15,8.848232579786634e-14,,,
377830,,60.351293418247714,7.935239656863484e-15,9.735892622683037e-14,,,
40492482,,60.291797283042115,8.178752575843416e-15,1.0022829807566601e-13,,,
4152376,,60.10099622150536,9.011272090122159e-15,1.1017075242417586e-13,,,
439235,,60.10099622150536,9.011272090122159e-15,1.1017075242417586e-13,,,
40493210,,59.73137064833544,1.0872952437185326e-14,1.32775231171833e-13,,,
4112023,,59.621664718623116,1.149626170335473e-14,1.4022200894514362e-13,,,
4066613,,59.42891865033835,1.2679210139606128e-14,1.5446934556950396e-13,,,
79917,,59.157564514248094,1.4553879460687648e-14,1.7710060346073306e-13,,,
372604,,59.05307154769529,1.5347619370832343e-14,1.8654088947566047e-13,,,
40480875,,59.02459922837087,1.557130990257439e-14,1.890386127424685e-13,,,
381537,,58.939181129888816,1.626215401085317e-14,1.971952210977668e-13,,,
4338117,,58.701730876760536,1.8348002254092412e-14,2.2222895037823816e-13,,,
4185356,,58.69086531783216,1.8449607971900324e-14,2.2319944824678484e-13,,,
315296,,58.57164286,1.9602145369780356e-14,2.368668542822761e-13,,,
4130023,,57.986879131850394,2.638719401890548e-14,3.1848515707835744e-13,,,
4012231,,57.98210787755116,2.6451272767278367e-14,3.1888819790899857e-13,,,
37395564,,57.93410094172799,2.7104742230851398e-14,3.263875796790356e-13,,,
314171,,57.637043681848375,3.152325620025505e-14,3.7915472040862325e-13,,,
375077,,57.61920538630133,3.1810439661115656e-14,3.821665768304207e-13,,,
78162,,57.60110286260658,3.2104553316125283e-14,3.852546397935034e-13,,,
4025677,,57.533220824967295,3.3231877313299406e-14,3.9832257098017004e-13,,,
439154,,57.51613659597321,3.3521781473648654e-14,4.0133450814995025e-13,,,
443236,,57.45140786409628,3.464331336139803e-14,4.142845943056943e-13,,,
4188331,,57.23416825967243,3.868909618148522e-14,4.621345833540166e-13,,,
377853,,57.16994830771509,3.997327176355149e-14,4.769256488712137e-13,,,
4311499,,57.106440373922005,4.12851467169839e-14,4.920128952785512e-13,,,
198202,,56.97092410507659,4.423031659632452e-14,5.265079611328803e-13,,,
74130,,56.890094804060105,4.6086128352161605e-14,5.479714483245577e-13,,,
4218146,,56.832035439755785,4.7467044277432656e-14,5.637457418640917e-13,,,
45763549,,56.755756098057766,4.9344439362700274e-14,5.853737601109375e-13,,,
81426,,56.66914371307712,5.156638791722804e-14,6.110352374410876e-13,,,
43022059,,56.61720466150432,5.294656223642158e-14,6.266750282014727e-13,,,
43021248,,56.54581632273881,5.490407711765917e-14,6.49104857117991e-13,,,
444459,,56.51812162347951,5.568283448996783e-14,6.575636545678929e-13,,,
4147829,,56.35923306552135,6.036912884602488e-14,7.120953314050971e-13,,,
4010658,,56.31224403586561,6.182920230282739e-14,7.284910094455581e-13,,,
4053828,,56.150951707909584,6.711510558632833e-14,7.898756254282265e-13,,,
433736,,56.10070667886634,6.885236496727753e-14,8.094047248189459e-13,,,
3655355,,56.09023253130943,6.922014565405967e-14,8.128087611717379e-13,,,
438730,,56.05612817630249,7.043133310076954e-14,8.260975322609447e-13,,,
72404,,55.85648545758275,7.795913691483956e-14,9.13361162140939e-13,,,
376026,,55.84977053742502,7.822586867882326e-14,9.154540848089317e-13,,,
443919,,55.75722666250698,8.199630356357741e-14,9.584989725902098e-13,,,
201905,,55.747786440975744,8.239099481234596e-14,9.620305821234824e-13,,,
197378,,55.699064539339844,8.445846105233092e-14,9.850643403544589e-13,,,
4027663,,55.469760728390135,9.49078191908189e-14,1.1056973733531278e-12,,,
440078,,55.421727875061336,9.725547686067707e-14,1.1317793007123809e-12,,,
4216644,,55.19041382961736,1.0940099346603899e-13,1.2716947696857688e-12,,,
317248,,55.15023931119428,1.1166007207992708e-13,1.2965044346978795e-12,,,
81336,,55.11305410529326,1.1379263223632987e-13,1.3194034692700714e-12,,,
319826,,55.11143937944403,1.138861539583578e-13,1.3194034692700714e-12,,,
4109420,,55.10900967798247,1.1402702240109138e-13,1.3195643839556143e-12,,,
78236,,54.96991783971772,1.2238878247497752e-13,1.414754424338116e-12,,,
375519,,54.888578436842465,1.2756015218489184e-13,1.4728945572282178e-12,,,
135526,,54.86216776055547,1.2928586392661454e-13,1.4911639266652369e-12,,,
37396146,,54.64313109684903,1.4452859261084655e-13,1.6651232088823917e-12,,,
440083,,54.592346619772435,1.4831210359078506e-13,1.7068210193969416e-12,,,
443344,,54.51797750246195,1.5403225874929266e-13,1.7706894169498333e-12,,,
4265485,,54.35740390806467,1.6714703990663724e-13,1.9187494574905992e-12,,,
40479594,,54.355826402885754,1.6728127487360308e-13,1.9187494574905992e-12,,,
4108943,,54.30786675163198,1.7141421456895964e-13,1.963987340463758e-12,,,
44783028,,54.29733073982988,1.7233576060273558e-13,1.9723713922727182e-12,,,
4057513,,54.25629007030614,1.759729475589677e-13,2.0117831364497164e-12,,,
436421,,54.20003212731668,1.810838874307689e-13,2.0679381958028027e-12,,,
77129,,54.15230856309463,1.8553576861141336e-13,2.116451929099679e-12,,,
318736,,54.12515439497296,1.8811755212727747e-13,2.143550001871346e-12,,,
40493038,,54.11572523954885,1.890224476380914e-13,2.15150194507672e-12,,,
4295956,,54.05526540979711,1.9492904898004348e-13,2.2163048982501226e-12,,,
4147660,,54.00681136730424,1.997957933820907e-13,2.269156158280532e-12,,,
436247,,53.898383831347545,2.1113130102824576e-13,2.3952800003117137e-12,,,
433495,,53.89478486952176,2.1151839121082737e-13,2.3970546580838803e-12,,,
4298692,,53.86772887232942,2.1445125518903838e-13,2.4276442744275454e-12,,,
37312520,,53.85923673874216,2.153801645230702e-13,2.4355067135187655e-12,,,
4269569,,53.82835806498817,2.187918838374557e-13,2.4713970183030864e-12,,,
137548,,53.79999073466291,2.2197376880776978e-13,2.504616075407539e-12,,,
375545,,53.559491473643135,2.508794081439464e-13,2.827699359470598e-12,,,
4323342,,53.37030472689988,2.762411702605695e-13,3.110182276649879e-12,,,
4151985,,53.27771586936006,2.895728831885626e-13,3.256754764172665e-12,,,
4263879,,53.247459157684155,2.940675865949758e-13,3.3037301188053928e-12,,,
255919,,53.23862918320897,2.953924109387104e-13,3.3150301668197395e-12,,,
374341,,53.19415033772774,3.0215725754574135e-13,3.3872904211600257e-12,,,
4044391,,53.10369986892235,3.1639593467070457e-13,3.5430889580797005e-12,,,
4317982,,52.992330133671764,3.3485334951344983e-13,3.745743819315146e-12,,,
4080146,,52.901574546079885,3.506883122627515e-13,3.918659076381198e-12,,,
4081648,,52.872040650783326,3.5600127618856643e-13,3.973754309507608e-12,,,
37016130,,52.82565027605435,3.645097042080969e-13,4.064361422886848e-12,,,
256622,,52.74143335012185,3.8047926785630293e-13,4.233557165593776e-12,,,
4295624,,52.741333091434875,3.804986905951296e-13,4.233557165593776e-12,,,
372914,,52.70230425215798,3.881354693192674e-13,4.3139078044554295e-12,,,
261889,,52.569006083787976,4.153932477129476e-13,4.61193016050529e-12,,,
443611,,52.433743423882106,4.450115380802385e-13,4.9354961619315245e-12,,,
141323,,52.37870773324037,4.576591925699401e-13,5.0703564277044975e-12,,,
4091513,,52.251746288224176,4.882250404286521e-13,5.403231757331792e-12,,,
317895,,52.230406164256756,4.93559587118441e-13,5.45645875461153e-12,,,
139766,,52.07462447389631,5.343096374003098e-13,5.900686240025525e-12,,,
4048684,,51.98003218939995,5.606791009587671e-13,6.183033111069465e-12,,,
443410,,51.97867690513105,5.610662263027816e-13,6.183033111069465e-12,,,
28974,,51.86176302843038,5.954885064939413e-13,6.555420084200252e-12,,,
4216972,,51.78940646323114,6.178426373859323e-13,6.794307606047205e-12,,,
45767037,,51.73577835527038,6.349508221957636e-13,6.9750623089412005e-12,,,
4311159,,51.55559138222692,6.959819197536146e-13,7.637427782554976e-12,,,
376382,,51.51992393,7.087417096617507e-13,7.769244564140203e-12,,,
4197819,,51.388608719468046,7.577696396739042e-13,8.297936876176198e-12,,,
4177651,,51.31760493095097,7.856787817144028e-13,8.594498841659024e-12,,,
4184423,,51.25648406454279,8.105257325364745e-13,8.856975197180908e-12,,,
201820,,51.20687602657055,8.312694422736825e-13,9.074109290029526e-12,,,
439256,,51.16588699753053,8.488093324001786e-13,9.250068267362469e-12,,,
4117713,,51.165055190194565,8.491690845904345e-13,9.250068267362469e-12,,,
4032799,,51.16183790360206,8.505619806578297e-13,9.255539374865095e-12,,,
36684711,,51.14166856653663,8.593463635473473e-13,9.341346663163215e-12,,,
192759,,51.045811747229045,9.023522367033235e-13,9.798583535863048e-12,,,
4134455,,50.87164340736122,9.860792617976117e-13,1.0696592576827538e-11,,,
4168222,,50.77706084545912,1.0347602611419981e-12,1.1212959993522048e-11,,,
438021,,50.52630191364336,1.1757841447447009e-12,1.2727863366861387e-11,,,
435510,,50.42005429593149,1.2411936289360583e-12,1.342193984589336e-11,,,
257011,,50.13062489522198,1.438444233106834e-12,1.5538786351815194e-11,,,
4106681,,50.10586662190923,1.4567082620714552e-12,1.571974274085832e-11,,,
439082,,50.038918636373424,1.5072659972122386e-12,1.6248452534263053e-11,,,
43530685,,49.91921952,1.6020767208919302e-12,1.725262309171911e-11,,,
4308802,,49.612584448150656,1.873083729618173e-12,2.0150192668935873e-11,,,
198263,,49.609930778047676,1.875618970337756e-12,2.015660014451909e-11,,,
4141028,,49.60239505259932,1.8828371248073073e-12,2.0213267976237127e-11,,,
138387,,49.59024939817938,1.8945294910883795e-12,2.031780234405618e-11,,,
4310821,,49.58487435917473,1.8997270951948375e-12,2.0352540178623455e-11,,,
40481299,,49.54792545930849,1.9358445666530252e-12,2.071812228286121e-11,,,
443614,,49.46290276358899,2.0215855705913692e-12,2.1613495112742292e-11,,,
439248,,49.42927801093561,2.0565338991090168e-12,2.196454293889096e-11,,,
4115991,,49.39001510518429,2.0981082491185628e-12,2.2385565631252673e-11,,,
4129407,,49.29746643018571,2.1994637760963655e-12,2.3442900062762493e-11,,,
4080368,,49.229096666096346,2.2774735179770367e-12,2.4249492621739103e-11,,,
4053600,,49.20899782683786,2.3009285501820193e-12,2.447415505986852e-11,,,
36712821,,49.05462498462892,2.489325823937087e-12,2.645099587152782e-11,,,
4035611,,48.98976928894872,2.5730106613964055e-12,2.731228477347441e-11,,,
435226,,48.951789326958675,2.6233182232955915e-12,2.7817880588252845e-11,,,
313226,,48.93915353204845,2.640272647726618e-12,2.796912676368503e-11,,,
137345,,48.85362616951989,2.7579505954394818e-12,2.9185970048683397e-11,,,
4129405,,48.743435147483105,2.9173342783000998e-12,3.0841238881072875e-11,,,
75650,,48.49030654455172,3.31925512639406e-12,3.5054572432405564e-11,,,
433633,,48.38518211440964,3.5020446695101054e-12,3.6947460107156356e-11,,,
381570,,48.338128542115314,3.587092356802864e-12,3.7806352709833027e-11,,,
75344,,48.24535095201145,3.760888159278071e-12,3.959792274692778e-11,,,
44782747,,48.182894525747415,3.8826061390565265e-12,4.0838100199469053e-11,,,
46273239,,48.09764371783809,4.0551350894372845e-12,4.2609670221872865e-11,,,
4150125,,48.058801230547985,4.136267925016353e-12,4.341827906744438e-11,,,
321661,,47.95290046295225,4.365817736843284e-12,4.578161243317398e-11,,,
195596,,47.727123485623764,4.898671450181138e-12,5.1317533982139505e-11,,,
4160328,,47.6603801,5.0683168010347e-12,5.304123685433293e-11,,,
375824,,47.654271388319465,5.084134317161259e-12,5.315324328364165e-11,,,
195590,,47.58176976,5.2756812533163835e-12,5.510038149192347e-11,,,
441838,,47.542648611051646,5.3820209284683605e-12,5.61545798078747e-11,,,
45768449,,47.475064110129786,5.5708089217507925e-12,5.806604444817877e-11,,,
435785,,47.39164918072768,5.812979982799523e-12,6.052954707540346e-11,,,
4052227,,47.33099449952325,5.995663551014886e-12,6.236930492707377e-11,,,
134438,,47.32602154587376,6.010893843773115e-12,6.246520882449021e-11,,,
4198381,,47.29884441212147,6.0948138060032586e-12,6.327403104094491e-11,,,
45757768,,47.072089454411895,6.842314371801359e-12,7.096340414347278e-11,,,
77631,,46.95412988160104,7.2667701242243544e-12,7.529040391918195e-11,,,
4159742,,46.948312158616496,7.28837300726922e-12,7.54390162266352e-11,,,
256723,,46.93806574569986,7.326577299482318e-12,7.575899631464701e-11,,,
444444,,46.92392420569425,7.37963418608367e-12,7.623176785465358e-11,,,
435227,,46.90932265594989,7.43482049123692e-12,7.672557551631985e-11,,,
316126,,46.84846198400359,7.669326246783523e-12,7.90671015442206e-11,,,
77702,,46.81493384,7.801663143355657e-12,8.035171792443211e-11,,,
4112334,,46.71253139565549,8.220167344490061e-12,8.457819707320863e-11,,,
26441,,46.59096239304457,8.746270195700487e-12,8.990231441515278e-11,,,
40481385,,46.53760990178999,8.98767476084314e-12,9.229240722794656e-11,,,
43530652,,46.46988099654542,9.303758249593464e-12,9.54438852218907e-11,,,
4291649,,46.40865794,9.599042895608679e-12,9.83759899123919e-11,,,
443604,,46.40405348537392,9.621626196664913e-12,9.851028515836627e-11,,,
46273719,,46.37937197448225,9.74359030933667e-12,9.966081741597113e-11,,,
4232324,,46.235375500843574,1.0486637480642945e-11,1.071554933125285e-10,,,
194175,,46.13345704402387,1.1046582902865244e-11,1.1276629619506445e-10,,,
254443,,46.09301302160479,1.127699091939601e-11,1.1500538727611712e-10,,,
435553,,46.04050412807203,1.1583323093752131e-11,1.1801362116693348e-10,,,
440087,,46.00138374113564,1.181694936582542e-11,1.2027594300652083e-10,,,
4175616,,45.880047014829096,1.257199546173166e-11,1.2783578946997594e-10,,,
36712678,,45.81711692891915,1.2982417886735624e-11,1.3188004562947859e-10,,,
320425,,45.70762822,1.3728710010237587e-11,1.3932495549452053e-10,,,
4151134,,45.53474794580508,1.4995481905226246e-11,1.5203224191132795e-10,,,
4069935,,45.45433323914158,1.5623948965290573e-11,1.5824958835019458e-10,,,
195599,,45.365894902976486,1.6345605158616794e-11,1.6539778851835026e-10,,,
4256761,,45.33288314725536,1.6623450690666205e-11,1.6804562215700702e-10,,,
4047635,,45.29831394393566,1.6919472720883594e-11,1.7087187610828213e-10,,,
380055,,45.285474613016206,1.703075682030203e-11,1.718287620160958e-10,,,
4050692,,45.17738894,1.7997102883961062e-11,1.8140241820574526e-10,,,
440674,,45.12684412041537,1.8467649019778436e-11,1.8596493082707123e-10,,,
46269750,,44.97812610811693,1.992477151004368e-11,2.004435871562187e-10,,,
4164092,,44.972965347178466,1.9977351445380942e-11,2.0077817816286144e-10,,,
4338227,,44.92863799922081,2.043473424634869e-11,2.0517657805609237e-10,,,
4116166,,44.90171456735436,2.0717639330602944e-11,2.078163203896002e-10,,,
4096343,,44.83508974486559,2.143468546780649e-11,2.1480159246040988e-10,,,
36712794,,44.79963487246575,2.1826339158171474e-11,2.1851571920204044e-10,,,
137682,,44.70547540857062,2.2901598467304806e-11,2.2906006859695047e-10,,,
314487,,44.621641098259204,2.3903488421478856e-11,2.3885101122693106e-10,,,
4009610,,44.60727739204049,2.4079496664624587e-11,2.4037860647337053e-10,,,
433813,,44.579136297490074,2.442809765433926e-11,2.436245593319516e-10,,,
200687,,44.51404955697946,2.5253842074944575e-11,2.5161833829609206e-10,,,
40490888,,44.50232259854523,2.5405563302754486e-11,2.5288756115155616e-10,,,
432451,,44.47155725631377,2.5807950141013707e-11,2.5664709843580326e-10,,,
4231580,,44.35199262524224,2.7433263165596388e-11,2.725492072819098e-10,,,
43530645,,44.29483313574108,2.8246075833985994e-11,2.8035646615738535e-10,,,
4168213,,44.274120749867656,2.854652048802544e-11,2.830681688087408e-10,,,
139750,,44.23698448852354,2.9093233919399252e-11,2.882143821643442e-10,,,
4214376,,44.23039512635497,2.9191330386502083e-11,2.889107670252663e-10,,,
376387,,44.227822447324876,2.922971990515211e-11,2.890154607557952e-10,,,
4152931,,44.10722405477644,3.1087152754931656e-11,3.070890602939636e-10,,,
45770881,,44.04498172270052,3.209155700582089e-11,3.1670983894063697e-10,,,
80951,,44.03153761494299,3.2312734660870293e-11,3.1859007456903617e-10,,,
4155033,,44.00359027214484,3.277740903380862e-11,3.228652461415537e-10,,,
37205080,,43.94489053841946,3.377528914721105e-11,3.323795500168724e-10,,,
4130851,,43.92429396361471,3.413258525817443e-11,3.355778864739344e-10,,,
442268,,43.86830523699454,3.512307778581701e-11,3.4498962603989636e-10,,,
436695,,43.86153228,3.5244831915970997e-11,3.458586338723046e-10,,,
4083556,,43.737074851340054,3.7558881981878526e-11,3.6821877505252987e-10,,,
31610,,43.71210633643776,3.804112799545331e-11,3.725951009696049e-10,,,
4246724,,43.658701728145346,3.909349974051777e-11,3.8254204265862585e-10,,,
375527,,43.58451846,4.060385459294378e-11,3.969475606113563e-10,,,
4295336,,43.57937001384134,4.0710817676490006e-11,3.976191891861693e-10,,,
4049477,,43.575245011832756,4.079672140610884e-11,3.9808406465003105e-10,,,
433811,,43.41224193036753,4.4340544249712666e-11,4.3225791354879364e-10,,,
317305,,43.32877173914825,4.6272918982782524e-11,4.506730778529297e-10,,,
199866,,43.30211834347461,4.690754110623748e-11,4.564261864944007e-10,,,
140842,,43.10333458772388,5.1923683252077754e-11,5.047623165159888e-10,,,
43531721,,43.06425689623528,5.297120211371373e-11,5.144642358558066e-10,,,
439005,,43.00533454712813,5.459080876441765e-11,5.296990519886351e-10,,,
37017431,,42.95038399726881,5.6145880663838874e-11,5.442798431516917e-10,,,
4306292,,42.93460225700087,5.660063684300313e-11,5.481769040750125e-10,,,
437064,,42.91507746,5.716835592572825e-11,5.531597344321861e-10,,,
36714994,,42.891100161420084,5.787334342847888e-11,5.594602650313977e-10,,,
435371,,42.78063229166767,6.123543838737597e-11,5.914114086632074e-10,,,
4241033,,42.75061315805415,6.218239070493244e-11,5.999994468019108e-10,,,
433405,,42.740400868938494,6.25078671129831e-11,6.025804777719113e-10,,,
4311484,,42.604795685685126,6.69949289372813e-11,6.452375361596176e-10,,,
197921,,42.51114491702822,7.028062005196922e-11,6.762557440556149e-10,,,
759860,,42.37013419057486,7.553471371666967e-11,7.261394495315737e-10,,,
440940,,42.361695182529665,7.58613406748585e-11,7.286054087736872e-10,,,
4218884,,42.10526927560074,8.648982623327592e-11,8.299189974295507e-10,,,
376104,,41.98051473332143,9.218747949901427e-11,8.837751724665649e-10,,,
4111711,,41.93733485050026,9.424584952588708e-11,9.026754546295101e-10,,,
313761,,41.925765744145416,9.480511704740388e-11,9.071959266635554e-10,,,
435508,,41.878444915781394,9.712747174287231e-11,9.285636488978187e-10,,,
44782732,,41.86975553414662,9.756006646919284e-11,9.318421054667757e-10,,,
442600,,41.80656493161831,1.0076452141794927e-10,9.615655707762432e-10,,,
261687,,41.64240402964917,1.0959035187878816e-10,1.0448283823159326e-09,,,
197917,,41.637670882914705,1.0985598690395904e-10,1.0464009311695164e-09,,,
195906,,41.585784384189395,1.1281057876244698e-10,1.0735600132777921e-09,,,
380097,,41.57389357120664,1.1349880871736416e-10,1.0791213359477113e-09,,,
201254,,41.44798636,1.2104918495839455e-10,1.1498566088552432e-09,,,
194491,,41.422106329595216,1.2266238468469094e-10,1.1641164398569025e-09,,,
4313828,,41.39959333105022,1.2408319780546012e-10,1.1762781214486434e-09,,,
40481975,,41.39822258782329,1.2417023664637817e-10,1.1762781214486434e-09,,,
46269752,,41.32885219654715,1.286558332446313e-10,1.2176606731131224e-09,,,
75863,,41.205004634896795,1.3707113468557977e-10,1.2961266894017696e-09,,,
4117686,,41.17459276498974,1.392205067830029e-10,1.315254096808151e-09,,,
4224940,,41.146287572306996,1.412512918640216e-10,1.3332274523623182e-09,,,
4081065,,41.07994159565096,1.461283281444801e-10,1.3780086987998524e-09,,,
4045749,,41.02649999121351,1.5017908225768883e-10,1.4149238647524044e-09,,,
4002140,,40.695308623226616,1.779137984830545e-10,1.6747103205035347e-09,,,
4245975,,40.68725707761093,1.7864837854944927e-10,1.680103122068667e-09,,,
4327889,,40.441682377590965,2.0257298696323506e-10,1.903380181303742e-09,,,
260123,,40.42714866482627,2.0408546921953304e-10,1.915859255762771e-09,,,
313221,,40.407434691447406,2.0615512967165795e-10,1.9335416133103514e-09,,,
4329707,,40.403011790918164,2.0662234365127225e-10,1.9361761904635e-09,,,
4320635,,40.36179004599738,2.1102811048068058e-10,1.975679391094804e-09,,,
40479589,,40.32297385232627,2.1526271129221175e-10,2.01351043721752e-09,,,
4241908,,40.29142714487494,2.187668407415006e-10,2.0444469505266855e-09,,,
4157454,,40.20292538,2.2890521407506266e-10,2.137271324948833e-09,,,
4211657,,40.106797212090456,2.4045086111883197e-10,2.2430568660205584e-09,,,
4197476,,40.10189092794348,2.410555326241579e-10,2.246680802717712e-09,,,
380733,,40.059692318666336,2.4631952456268795e-10,2.2936850351751374e-09,,,
4008576,,39.97536628045971,2.571858919979098e-10,2.3927267588561133e-09,,,
4329560,,39.971155788460855,2.5774086883989825e-10,2.39574517798231e-09,,,
4191597,,39.933791365183126,2.627186265081077e-10,2.439831963067252e-09,,,
37116630,,39.90642252688072,2.664257159498937e-10,2.4720500358493708e-09,,,
4177206,,39.682058943741445,2.9885835728618344e-10,2.7705049499714704e-09,,,
373499,,39.64182267833373,3.050794609524233e-10,2.825655755987151e-09,,,
435829,,39.62155383715224,3.0826225029708447e-10,2.8525924355185237e-09,,,
36684676,,39.54751427833193,3.2017370665714014e-10,2.960182526317616e-09,,,
377575,,39.493147222631315,3.292126753982349e-10,3.0410472202119617e-09,,,
434814,,39.23616733950362,3.755193613107909e-10,3.4657168763248126e-09,,,
4308509,,39.04044359928588,4.1511615268161534e-10,3.827761365277149e-09,,,
4032787,,38.90804739374889,4.442454755563986e-10,4.092729593955757e-09,,,
4015350,,38.886078767641905,4.4927314745802674e-10,4.135382239489649e-09,,,
4222174,,38.879259176143506,4.508454145552846e-10,4.146181900936741e-09,,,
36684613,,38.669458681572394,5.020028744724546e-10,4.612567525656718e-09,,,
374801,,38.550043764980074,5.336757264916836e-10,4.899256315990791e-09,,,
4010763,,38.49237870477494,5.496791893093835e-10,5.041717683409633e-09,,,
380109,,38.467109512528204,5.568425713969833e-10,5.102917109309921e-09,,,
4201388,,38.24976702391162,6.224450818940379e-10,5.6990742652359844e-09,,,
442104,,38.22631582453052,6.299707443231513e-10,5.762901386449109e-09,,,
4150485,,38.20338873824629,6.374162741833504e-10,5.82588383580772e-09,,,
4136557,,37.92172170390868,7.364075025775051e-10,6.721762124083724e-09,,,
4094683,,37.920870327354805,7.367289318063281e-10,6.721762124083724e-09,,,
4145825,,37.837048831314185,7.690725364218034e-10,7.007034129257635e-09,,,
435726,,37.836359591984305,7.693442976792689e-10,7.007034129257635e-09,,,
4266029,,37.754576353403785,8.022828750823683e-10,7.300633658367751e-09,,,
4313365,,37.75239815,8.031791987159421e-10,7.302395654467253e-09,,,
4231770,,37.66902895,8.382494677177992e-10,7.614587822135811e-09,,,
137809,,37.66557498100571,8.397350454771381e-10,7.621420604889449e-09,,,
4068617,,37.54840138107329,8.91724753995857e-10,8.086216093826306e-09,,,
4151528,,37.45142170039028,9.371835860649795e-10,8.491030363022902e-09,,,
254669,,37.39164363379139,9.663528612981971e-10,8.747681998789952e-09,,,
45757650,,37.34392656694265,9.902879238214691e-10,8.956546653048484e-09,,,
374043,,37.28769803068089,1.0192553433879636e-09,9.21052306825019e-09,,,
43531616,,37.274457788151274,1.026198858826938e-09,9.265211590729402e-09,,,
36713926,,37.262646402315006,1.0324330062311076e-09,9.313406077043115e-09,,,
257628,,37.20785023036907,1.061854591059553e-09,9.57050555966251e-09,,,
44782718,,37.16823578975554,1.0836461596122944e-09,9.758449645312793e-09,,,
46269754,,37.13690780534625,1.1011960459161252e-09,9.907904163775214e-09,,,
40482507,,37.11891484224939,1.1114040429785129e-09,9.991099320616527e-09,,,
4119850,,37.090615474538566,1.1276512382544728e-09,1.0128393835730753e-08,,,
45757721,,37.030617414451214,1.1628881261992232e-09,1.0435866500399247e-08,,,
4177862,,36.940967468879585,1.217604619100157e-09,1.0917469544166378e-08,,,
4271013,,36.93679180712678,1.220215083674873e-09,1.0931444094439035e-08,,,
46269755,,36.84936177469604,1.276178595949892e-09,1.1422952600440375e-08,,,
4177025,,36.83362244354715,1.2865228827501686e-09,1.1505633216471387e-08,,,
4174044,,36.73322257981833,1.3545131254093583e-09,1.2093042012698676e-08,,,
441851,,36.73319481101493,1.3545324194362259e-09,1.2093042012698676e-08,,,
443615,,36.72526007367667,1.3600568386060395e-09,1.2131940486518423e-08,,,
45771045,,36.698947039796515,1.378538783407532e-09,1.2286256464126135e-08,,,
4077904,,36.564531603118816,1.4769479821369178e-09,1.3152050925764225e-08,,,
46270491,,36.54063569321343,1.495165308538058e-09,1.3302874902677653e-08,,,
40481820,,36.499300468367736,1.5272105122938675e-09,1.3576365820152157e-08,,,
4201565,,36.403800611473265,1.6039015775379552e-09,1.424593606305507e-08,,,
4246451,,36.309422162407344,1.6834801149715579e-09,1.4939987493411127e-08,,,
199876,,36.15437514060791,1.8228876087466297e-09,1.6163351561514486e-08,,,
43021779,,36.05728808509091,1.9160082812190583e-09,1.6974559299598e-08,,,
374623,,35.973075146684586,2.0006301671889533e-09,1.7709155619614653e-08,,,
4155077,,35.92727968,2.0482086067331975e-09,1.8114879864826712e-08,,,
442111,,35.920537002051944,2.0553088562819876e-09,1.816221907694083e-08,,,
4027369,,35.86518068547044,2.1145403417195574e-09,1.8669756356116943e-08,,,
4056577,,35.8261951,2.1572779948331263e-09,1.903092777784877e-08,,,
200164,,35.815973721394684,2.168625521312007e-09,1.9114806121691583e-08,,,
4008710,,35.809967064779904,2.1753218252980833e-09,1.9157580007201425e-08,,,
196360,,35.80263659194138,2.1835219966422718e-09,1.9213514470030897e-08,,,
4134603,,35.77280066324249,2.2172183203017785e-09,1.949351335412528e-08,,,
372627,,35.69453440676355,2.3081065918576244e-09,2.0275438463723105e-08,,,
4058370,,35.62612857092488,2.3905945100958716e-09,2.09823126257739e-08,,,
40479572,,35.52513985465826,2.51779963759149e-09,2.2080146695232712e-08,,,
78579,,35.39362184535776,2.6936753411781836e-09,2.3593622512753484e-08,,,
198678,,35.39272059909213,2.6949220479829088e-09,2.3593622512753484e-08,,,
4070679,,35.31468985761676,2.8050830690403628e-09,2.4537393310999538e-08,,,
441051,,35.226350064505496,2.9352503420949503e-09,2.5654433603911458e-08,,,
4194232,,35.135691666456445,3.0751258439935163e-09,2.685437627796691e-08,,,
439407,,35.03567137806923,3.2372031527471745e-09,2.8246024486438824e-08,,,
441277,,34.86448751508501,3.534695605673341e-09,3.081590330046758e-08,,,
439013,,34.823629743004254,3.609656919312507e-09,3.14430466936258e-08,,,
318712,,34.78123655342876,3.689118579800388e-09,3.21083084432878e-08,,,
4102342,,34.72130214348394,3.804457513200646e-09,3.305679136888053e-08,,,
44782446,,34.72130214348394,3.804457513200646e-09,3.305679136888053e-08,,,
443551,,34.71314627183209,3.820429495501381e-09,3.316783902861349e-08,,,
46270166,,34.69900635,3.8482795869964384e-09,3.338173745247662e-08,,,
134222,,34.66168646441572,3.922765436171021e-09,3.399948157855651e-08,,,
35615135,,34.61765300778249,4.012509671757304e-09,3.474833375741825e-08,,,
4174994,,34.598377002526185,4.052440246912755e-09,3.501669806632601e-08,,,
195862,,34.59815113015164,4.052910496524165e-09,3.501669806632601e-08,,,
436539,,34.59781645376431,4.053607368532544e-09,3.501669806632601e-08,,,
75091,,34.53533582556904,4.185831084953127e-09,3.61288676369044e-08,,,
141932,,34.52724320120356,4.20326998624971e-09,3.62492794166863e-08,,,
4258293,,34.44737680589536,4.379326004646356e-09,3.7736281791281035e-08,,,
4129408,,34.394123995402865,4.5008004872676805e-09,3.8727835190188045e-08,,,
4159164,,34.39367021405305,4.501849972069588e-09,3.8727835190188045e-08,,,
134308,,34.32423527912373,4.665358151938454e-09,4.010124227869678e-08,,,
434490,,34.29479589252292,4.736466246439074e-09,4.0678807630574264e-08,,,
372907,,34.19364401374894,4.989164131463064e-09,4.281370243944192e-08,,,
44784454,,34.00402102959376,5.49982960790367e-09,4.715695485588692e-08,,,
43021227,,33.791826182572755,6.133602983060684e-09,5.254773470730967e-08,,,
372924,,33.73386708543438,6.319092467114125e-09,5.409226434781713e-08,,,
81151,,33.71762504625294,6.372073253099622e-09,5.450089320675825e-08,,,
4111566,,33.70370097676146,6.41784695833952e-09,5.4847257887388397e-08,,,
40481861,,33.68517169623218,6.479270844252809e-09,5.53266907259451e-08,,,
436076,,33.67082376,6.52723789639846e-09,5.569052234759671e-08,,,
78472,,33.594542502567414,6.788292147877557e-09,5.7870329779116956e-08,,,
201965,,33.544773073088685,6.964227293932753e-09,5.93215164250403e-08,,,
4185711,,33.312046986412376,7.849486745758726e-09,6.680742527594159e-08,,,
378256,,33.16920771081943,8.447775285448062e-09,7.18406552916336e-08,,,
35610112,,33.127353671034875,8.631584667494759e-09,7.334376767343053e-08,,,
75909,,33.09153417936169,8.792069987945031e-09,7.464639813294507e-08,,,
4094822,,32.968890008833355,9.364541951634441e-09,7.944189384602867e-08,,,
437758,,32.924534546588326,9.58065098929508e-09,8.120891115885356e-08,,,
4030035,,32.828367986691916,1.0066504664733678e-08,8.525763363970039e-08,,,
258180,,32.80393499522351,1.0193828292149422e-08,8.626568698046971e-08,,,
435242,,32.72425018943983,1.0620392843775427e-08,8.980237789464136e-08,,,
4056713,,32.71260693022189,1.068420046824833e-08,9.026846444393224e-08,,,
42539051,,32.697340106274254,1.0768448200465658e-08,9.090634744048668e-08,,,
373487,,32.69273149324318,1.0794010662844659e-08,9.1048180850878e-08,,,
4302740,,32.52126913909446,1.1789518752283725e-08,9.936470306061026e-08,,,
4262562,,32.47888318025386,1.204947285164391e-08,1.0147335646214223e-07,,,
4025937,,32.45394820333854,1.220507380974355e-08,1.0270050771729148e-07,,,
438141,,32.44322723941008,1.2272592694139782e-08,1.0318509973907817e-07,,,
4308074,,32.41895339768201,1.2426851107721633e-08,1.0439760445549169e-07,,,
4031763,,32.37750888443372,1.2694729835541002e-08,1.0656190020269958e-07,,,
37206102,,32.266985682182494,1.3437722917031886e-08,1.1261678754338335e-07,,,
4029735,,32.266985682182494,1.3437722917031886e-08,1.1261678754338335e-07,,,
378735,,32.24217260459182,1.3610427994800574e-08,1.1397225440932117e-07,,,
4013643,,32.19512152512459,1.3944043599270807e-08,1.1667190103351226e-07,,,
433516,,32.1511773,1.426302379572775e-08,1.192448457644431e-07,,,
31884,,32.09523906668354,1.4679661375939069e-08,1.2262945419514375e-07,,,
4211001,,32.06452305304221,1.4913601883277016e-08,1.2448365523776285e-07,,,
441545,,32.03407311532264,1.5149201743490406e-08,1.2634871951713667e-07,,,
45772065,,31.978836359369463,1.5586140744734895e-08,1.298886725094507e-07,,,
36717286,,31.969327009327785,1.5662626168302663e-08,1.3042148328605873e-07,,,
4233724,,31.94565281,1.5854679134452086e-08,1.3191499244613778e-07,,,
4129420,,31.776860182550838,1.7294092383992833e-08,1.4377616644356283e-07,,,
134461,,31.640569341575976,1.855132914904019e-08,1.5410504597667917e-07,,,
37017436,,31.60174192999893,1.8925974377881596e-08,1.5709163397359868e-07,,,
46272242,,31.58569090154735,1.9083056031423616e-08,1.5826904890547024e-07,,,
194993,,31.579501857067214,1.914397271810761e-08,1.5864765908020278e-07,,,
4244662,,31.51727947402308,1.976733538543287e-08,1.6368298751029355e-07,,,
4093531,,31.337166398466557,2.1688763257596914e-08,1.7945034058355665e-07,,,
433976,,31.228634824952046,2.2935784803746865e-08,1.8961708486916262e-07,,,
136497,,31.170419661042338,2.363401284345142e-08,1.952342301026607e-07,,,
46271795,,31.157631599767342,2.3790222042268176e-08,1.9636853650774494e-07,,,
4319602,,31.054187510168457,2.5092439544803656e-08,2.0679557678414376e-07,,,
440933,,31.05412356656636,2.5093266197537077e-08,2.0679557678414376e-07,,,
31602,,31.014797678834963,2.56068679185281e-08,2.1086099160803804e-07,,,
4018956,,30.995120903948585,2.5867788840357317e-08,2.1284090390260748e-07,,,
439928,,30.98905328522911,2.594878359801744e-08,2.1333841704952314e-07,,,
377845,,30.973705548548722,2.6154791607835913e-08,2.148621299514868e-07,,,
40277917,,30.941080564962938,2.659816622758634e-08,2.1833186685393146e-07,,,
318186,,30.906759051074925,2.7072726148709924e-08,2.2205191013211803e-07,,,
141960,,30.84332703617947,2.797223163028603e-08,2.2924876269868487e-07,,,
438155,,30.798894524966265,2.862008564097002e-08,2.3437346728208072e-07,,,
4055993,,30.77913071648269,2.8913064016763754e-08,2.3658626871040075e-07,,,
4237458,,30.767476754182574,2.9087228368720692e-08,2.37824136276747e-07,,,
314664,,30.732410511802065,2.9617645640093623e-08,2.4197057664453846e-07,,,
4296653,,30.69069794646322,3.0261229598721545e-08,2.4703432677919427e-07,,,
443525,,30.571649148211463,3.21761333298979e-08,2.6246026496412793e-07,,,
434626,,30.552224671075756,3.24998987872042e-08,2.648932927032361e-07,,,
36676238,,30.543274070888987,3.2650183051175606e-08,2.659096412757186e-07,,,
35624169,,30.538691518933724,3.2727395248313e-08,2.663297505250342e-07,,,
380729,,30.428613285966414,3.4638108829335296e-08,2.8165823705356213e-07,,,
4110937,,30.34156485224229,3.6227896627435366e-08,2.943552007445726e-07,,,
4000167,,30.31695951401184,3.669037966381267e-08,2.9788001989557914e-07,,,
4242103,,30.28009825446614,3.739431713908637e-08,3.0335811374659297e-07,,,
253790,,30.27690876446527,3.745585900496493e-08,3.036203485020246e-07,,,
37207929,,30.25242070997759,3.793175370709393e-08,3.072383355604989e-07,,,
433471,,30.23090043960375,3.835497163524607e-08,3.1037040385149265e-07,,,
437529,,30.228218819354673,3.8408038813800954e-08,3.1037040385149265e-07,,,
42535425,,30.228218819354673,3.8408038813800954e-08,3.1037040385149265e-07,,,
4131908,,30.13194484249943,4.0362747830998935e-08,3.2591272374494246e-07,,,
765582,,30.120335070624527,4.060510422804723e-08,3.2761509560393387e-07,,,
443257,,30.087289048588467,4.130295740655937e-08,3.329870701078083e-07,,,
438156,,30.040638012995505,4.230861939943758e-08,3.408303665108181e-07,,,
316428,,30.031899666880825,4.249970315990957e-08,3.4210450444444635e-07,,,
4068613,,29.92987312,4.4795770546463014e-08,3.603077767173712e-07,,,
40321716,,29.882706323263722,4.5898852262349985e-08,3.6889471980691496e-07,,,
4109116,,29.81178215539609,4.760898498100238e-08,3.8234356408236223e-07,,,
312940,,29.806441766398486,4.774030839357444e-08,3.8310215044480744e-07,,,
4291304,,29.796982289571293,4.7973814083353664e-08,3.8467891663133586e-07,,,
36712784,,29.70524825640039,5.029846148113917e-08,4.030081817363132e-07,,,
37016338,,29.69215257531586,5.063940262111971e-08,4.054273282270231e-07,,,
45757308,,29.69059135032598,5.068020269384548e-08,4.0544162155076386e-07,,,
4134552,,29.611227108976976,5.2798238558875724e-08,4.2206099623372045e-07,,,
433992,,29.575974422610287,5.376727619072033e-08,4.2947696708221806e-07,,,
4216397,,29.441657403968446,5.762556455943535e-08,4.599422940872904e-07,,,
4099651,,29.244000525006168,6.381350384522835e-08,5.08820558846652e-07,,,
438430,,29.242972070444726,6.384738344265148e-08,5.08820558846652e-07,,,
4199441,,29.158577039850897,6.668985853702564e-08,5.310659079821996e-07,,,
201078,,29.152680962874086,6.689311659686652e-08,5.322766214966591e-07,,,
443458,,29.11671891223208,6.814636108958134e-08,5.418339590228992e-07,,,
40480453,,29.003089529323134,7.226295699323825e-08,5.741258784967369e-07,,,
4125650,,28.966264475650085,7.364981871273659e-08,5.846974148684176e-07,,,
438887,,28.88460843977863,7.682093402896486e-08,6.094069820068724e-07,,,
4038038,,28.80291252871185,8.013052126970528e-08,6.351764889662679e-07,,,
443414,,28.789977872246638,8.066746368563743e-08,6.389453373636769e-07,,,
442775,,28.710963152024842,8.402670000804745e-08,6.650460521581334e-07,,,
377550,,28.69322248430033,8.479999377314047e-08,6.706556585163438e-07,,,
193165,,28.635685358762437,8.735737448015962e-08,6.903557685154516e-07,,,
433128,,28.59878979840267,8.903781346932648e-08,7.031010315906085e-07,,,
44782681,,28.513155701946918,9.306399386993094e-08,7.343363889873366e-07,,,
4049659,,28.499746835160142,9.37107405309389e-08,7.388786157796032e-07,,,
4152350,,28.498255059748896,9.378297080747553e-08,7.388875152625365e-07,,,
73574,,28.449300945390505,9.618448980702006e-08,7.572342561170851e-07,,,
315361,,28.184923913898825,1.1026006437161668e-07,8.673903020059352e-07,,,
376116,,28.181926628314066,1.1043094322033283e-07,8.680774296109673e-07,,,
433735,,28.038536772117492,1.1892347160184392e-07,9.341290377070008e-07,,,
4004352,,27.996565286210497,1.215309696329256e-07,9.538896045508783e-07,,,
434008,,27.897548626188396,1.2791171898480598e-07,1.0032140254264933e-06,,,
4179675,,27.869335545828207,1.297905111279927e-07,1.017181743319834e-06,,,
436832,,27.776108986342727,1.3619766025904742e-07,1.066590870694816e-06,,,
444457,,27.67184578418023,1.4373956558401384e-07,1.124805395744783e-06,,,
4147491,,27.65961273573673,1.4465144550089798e-07,1.1310894068061189e-06,,,
438422,,27.639378794370543,1.4617247353797388e-07,1.1421235676741538e-06,,,
312927,,27.62469120272913,1.4728660158837595e-07,1.1499642101475603e-06,,,
40488439,,27.608793414222514,1.485021223788172e-07,1.1585841259464479e-06,,,
4096313,,27.561788450978476,1.5215517511228025e-07,1.1861939833209425e-06,,,
4124693,,27.55734056,1.5250547909567647e-07,1.1880336872280882e-06,,,
440029,,27.48350910692502,1.5843973296151103e-07,1.2333376066936498e-06,,,
45763846,,27.431320949005713,1.6277348002430936e-07,1.2661242547998673e-06,,,
4042836,,27.407175931659907,1.6481850448355593e-07,1.2810724746395762e-06,,,
4213540,,27.39198493673102,1.6611832132015842e-07,1.2902104597601543e-06,,,
78234,,27.37582025557232,1.6751273590239496e-07,1.300068970498647e-06,,,
4186463,,27.339675330304825,1.7067329663707905e-07,1.323308728576655e-06,,,
137989,,27.33867245323353,1.7076183651090207e-07,1.323308728576655e-06,,,
4302739,,27.333129707527572,1.7125201356119665e-07,1.3261184239403545e-06,,,
40483317,,27.327125972176987,1.7178454971163868e-07,1.3292517055870063e-06,,,
372325,,27.261362562987635,1.7772760935327923e-07,1.374215265178034e-06,,,
197150,,27.191923035868363,1.842267047731083e-07,1.4234081159867221e-06,,,
201900,,27.174567514283584,1.8588794271189456e-07,1.4351764492288324e-06,,,
133834,,27.113436483618294,1.9185977939559402e-07,1.4801832423749171e-06,,,
4107655,,27.019185300421306,2.0144607752348675e-07,1.5529878617389273e-06,,,
4046100,,26.97129032,2.0649997291607138e-07,1.590769250217801e-06,,,
4201705,,26.907681819575977,2.1340897380762756e-07,1.6427748561547153e-06,,,
81141,,26.868534344485425,2.177757676845292e-07,1.6751486141951352e-06,,,
435459,,26.771833788994186,2.2895018326211397e-07,1.7598005210502135e-06,,,
37116511,,26.75469562,2.309897470383e-07,1.7741651524183397e-06,,,
4188155,,26.725146612866816,2.3454914923330734e-07,1.8001733817079246e-06,,,
317009,,26.636069184546738,2.4561534175463604e-07,1.8837155952134152e-06,,,
40482662,,26.61939189081752,2.477446165140885e-07,1.898644583196466e-06,,,
444411,,26.607626677959594,2.4925786185366915e-07,1.9088339722795355e-06,,,
26711,,26.578857947160856,2.529972450170796e-07,1.9360437188641317e-06,,,
377877,,26.575982097147477,2.533741279743478e-07,1.9375010580643287e-06,,,
136934,,26.512334441036934,2.6186079289569775e-07,2.0009245292441845e-06,,,
44782447,,26.289622600568737,2.938634503023511e-07,2.2438126197957626e-06,,,
444189,,26.268029750858307,2.971674859640774e-07,2.267374826827233e-06,,,
40483292,,26.245596183710127,3.006396110655311e-07,2.2921840338906817e-06,,,
435374,,26.20807454164835,3.0653810180106514e-07,2.3354427814638337e-06,,,
4108814,,26.196354927827425,3.0840412226147775e-07,2.347938196733536e-06,,,
4121629,,26.194791332212006,3.086539404983784e-07,2.3481198752995234e-06,,,
4164639,,26.185147787015318,3.101991953415584e-07,2.3581492596850582e-06,,,
436658,,26.15933936241488,3.143729206150117e-07,2.3881311337947378e-06,,,
4340799,,26.142391194052866,3.1714434455794667e-07,2.4074244182952387e-06,,,
4101362,,26.11553062081964,3.2158693247564786e-07,2.4393659870707538e-06,,,
194418,,26.082855495342596,3.2707540188098344e-07,2.479188604191962e-06,,,
196456,,26.067283339712183,3.297240109941001e-07,2.497443092019452e-06,,,
40481943,,26.017413181105024,3.383517865005867e-07,2.5609262675266546e-06,,,
192953,,25.921828281656627,3.5552611470619794e-07,2.6889573391752612e-06,,,
437233,,25.889828728746405,3.614687771136704e-07,2.7319152958292823e-06,,,
4143365,,25.854107143652215,3.6822036375013173e-07,2.7809200727408204e-06,,,
762212,,25.843252897166487,3.7029681427697184e-07,2.7945711648266456e-06,,,
4229897,,25.772750761693946,3.8407281272835453e-07,2.8964329970051238e-06,,,
435784,,25.758732795021157,3.868725352293503e-07,2.915431026906025e-06,,,
4162441,,25.69875324301571,3.990847955360285e-07,3.003157415832687e-06,,,
441536,,25.69872011370683,3.9909164658053706e-07,3.003157415832687e-06,,,
437828,,25.667166627124555,4.05670642338155e-07,3.050455365541322e-06,,,
4195865,,25.62180406641754,4.153198460056368e-07,3.1207547647798828e-06,,,
4316228,,25.567932442814545,4.270783716931786e-07,3.206790779360919e-06,,,
73290,,25.47435125681857,4.483032850238476e-07,3.363731218749331e-06,,,
319793,,25.467854185333735,4.498155377089854e-07,3.3726429061123925e-06,,,
4232181,,25.452780329144836,4.5334384169374213e-07,3.3966468658120897e-06,,,
43531561,,25.310274796415005,4.881017605879927e-07,3.654433354488775e-06,,,
381569,,25.303792824227667,4.897447858610583e-07,3.6640948989691278e-06,,,
381021,,25.266358276442066,4.993426148353765e-07,3.733214714654124e-06,,,
4077584,,25.250865683359912,5.033697176213518e-07,3.7606168982897824e-06,,,
45766654,,25.150578797562293,5.302373709881754e-07,3.958496235135861e-06,,,
46270364,,25.146704238949667,5.313037632624004e-07,3.9636099840795875e-06,,,
4085538,,24.996887518097274,5.742293706189318e-07,4.280768737067388e-06,,,
372547,,24.876727470753096,6.111578695068011e-07,4.552797548325933e-06,,,
45757307,,24.861997129294096,6.1584576814756e-07,4.583111392583651e-06,,,
200848,,24.861172769305277,6.161091816242648e-07,4.583111392583651e-06,,,
137856,,24.82821499127184,6.26733468043279e-07,4.658808440562057e-06,,,
78832,,24.81198340089226,6.32033208687441e-07,4.694845678827652e-06,,,
372906,,24.80480207197672,6.343922839043027e-07,4.70900329595251e-06,,,
4066382,,24.751894862092044,6.520466646645128e-07,4.836594531901226e-06,,,
135214,,24.720887401333734,6.626215029838624e-07,4.911528287452424e-06,,,
133285,,24.691123248827736,6.729340462154436e-07,4.984412407890869e-06,,,
434819,,24.668467293781955,6.80891511177163e-07,5.039761099824129e-06,,,
4091901,,24.635625915317316,6.925942186320768e-07,5.122732469768357e-06,,,
193252,,24.633285155201822,6.934359847981435e-07,5.1253106358622385e-06,,,
4168686,,24.62465470478163,6.965484743465668e-07,5.1446565354722976e-06,,,
440329,,24.596970710451203,7.066272906258555e-07,5.215391196153332e-06,,,
377298,,24.58842273096478,7.09768772647708e-07,5.234859535383237e-06,,,
43530626,,24.58046746,7.127050069556085e-07,5.252787540626017e-06,,,
44783856,,24.52914798,7.319416029375209e-07,5.390742124540551e-06,,,
4286497,,24.52389483737311,7.33939831402899e-07,5.4016308271522146e-06,,,
25844,,24.522183216176526,7.345920907738388e-07,5.402605100723094e-06,,,
4155764,,24.514198073685254,7.376427337848425e-07,5.421204589456919e-06,,,
376125,,24.488250766664976,7.476436200695042e-07,5.4908215546023235e-06,,,
376415,,24.47157373403445,7.541431190409048e-07,5.534643568554437e-06,,,
374957,,24.423845588447154,7.730588895532317e-07,5.6694622302309e-06,,,
139906,,24.37978128897663,7.909447142720455e-07,5.796542645074116e-06,,,
197500,,24.307541807638554,8.211691680819285e-07,6.013805493098943e-06,,,
45770830,,24.136774219731027,8.973030182400684e-07,6.5667415250357684e-06,,,
4006294,,24.11561092576732,9.072185266683282e-07,6.629968304597233e-06,,,
4059253,,24.11561092576732,9.072185266683282e-07,6.629968304597233e-06,,,
377844,,24.11055840985872,9.096019527589645e-07,6.64271503378156e-06,,,
4155039,,24.101600727664994,9.138430101515092e-07,6.669000394307924e-06,,,
193787,,24.090993118071246,9.188908852467015e-07,6.701132687356998e-06,,,
43021974,,24.083791301851363,9.22333961995209e-07,6.721524917990331e-06,,,
4136700,,24.06166892,9.329914460969757e-07,6.794426845017359e-06,,,
435644,,24.046460926456675,9.403894601046208e-07,6.843506491181526e-06,,,
4009303,,24.037505070055857,9.447735773922921e-07,6.870599731463051e-06,,,
36712795,,24.01937503534746,9.53711530452783e-07,6.930748408717007e-06,,,
4260918,,24.006794106158065,9.599636104559462e-07,6.97130806419161e-06,,,
201603,,23.99769556404702,9.645107167831596e-07,6.999438106711309e-06,,,
36715681,,23.982480579647913,9.721629000220058e-07,7.050046655288684e-06,,,
4058977,,23.935621357267678,9.961147651976875e-07,7.218706164528848e-06,,,
377294,,23.907529762665995,1.010756459091888e-06,7.319708099569966e-06,,,
46271902,,23.902988871977204,1.0131434094129058e-06,7.331884617422644e-06,,,
4106358,,23.846874371953337,1.0431111554030021e-06,7.543501132183714e-06,,,
4193868,,23.81892719560779,1.0583662444864797e-06,7.64849931342385e-06,,,
438409,,23.776868390556142,1.0817470015362412e-06,7.812032550357623e-06,,,
192239,,23.724262398546553,1.1117215188165874e-06,8.022923627459707e-06,,,
40479625,,23.72171816584351,1.1131921383359179e-06,8.027961624973531e-06,,,
439297,,23.71234039869124,1.118629551412791e-06,8.061579957199531e-06,,,
40479606,,23.68748797435028,1.1331686508852185e-06,8.160698974358414e-06,,,
4289914,,23.60526641631142,1.182634017085993e-06,8.511033729610554e-06,,,
192606,,23.467328969583626,1.2705311925874813e-06,9.137273462539174e-06,,,
4196024,,23.418372793313054,1.3032783630718776e-06,9.366299273197061e-06,,,
40480944,,23.404052796433756,1.3130161838940965e-06,9.42976101107633e-06,,,
4008709,,23.357960867781124,1.344857624165688e-06,9.651768252990214e-06,,,
435787,,23.354360055290435,1.3473775288141442e-06,9.663179626940364e-06,,,
4322945,,23.29471086581124,1.3898167254659279e-06,9.96067269727029e-06,,,
4308696,,23.20605528853791,1.4553834287048615e-06,1.0423393929084024e-05,,,
432508,,23.13599809031983,1.509382951238425e-06,1.0802691204731207e-05,,,
45772703,,23.09763381929483,1.5398007285532169e-06,1.1012807413024796e-05,,,
381031,,23.06083658531041,1.5695536062484373e-06,1.121788244575912e-05,,,
37016342,,23.05368186,1.575405267929938e-06,1.1251966697132587e-05,,,
43021250,,23.022680793476088,1.6010141042898105e-06,1.1427018249848702e-05,,,
4195085,,22.997007438566353,1.6225377059288222e-06,1.157269172272637e-05,,,
72995,,22.97885508,1.6379309095722972e-06,1.1674470515963863e-05,,,
4275292,,22.974020188050073,1.6420555431705995e-06,1.1695847295838843e-05,,,
45757309,,22.95687246291107,1.656768409223773e-06,1.1792559800447567e-05,,,
4099508,,22.938584618364942,1.6726052463447486e-06,1.1897134647511722e-05,,,
74052,,22.913806867103773,1.6943047020833132e-06,1.2043238347503277e-05,,,
36717114,,22.90829996001716,1.6991656772217944e-06,1.2069535008673198e-05,,,
4134454,,22.904074685535093,1.7029048307636089e-06,1.2087832651158075e-05,,,
4046360,,22.86408330943963,1.7387064762576674e-06,1.2333541093016845e-05,,,
201688,,22.858900375880093,1.7434013474229196e-06,1.2358408460040231e-05,,,
433083,,22.84596152,1.7551773595206441e-06,1.2433403626542968e-05,,,
133228,,22.817965408435338,1.780931209007216e-06,1.2607245997277242e-05,,,
441699,,22.77568782,1.8205429521507997e-06,1.2878885199966719e-05,,,
4141654,,22.77180604031131,1.8242239625204225e-06,1.2896146543205598e-05,,,
4195694,,22.76566970839809,1.8300581584052543e-06,1.2928595773043782e-05,,,
46273390,,22.755290708896965,1.8399687572976912e-06,1.2989779433313592e-05,,,
4067313,,22.722220475922263,1.8719070241530858e-06,1.3206284993210363e-05,,,
24818,,22.720386189623035,1.8736947143364398e-06,1.3209929085063963e-05,,,
4147787,,22.662842681537086,1.930654536215098e-06,1.3602279281591388e-05,,,
4284982,,22.653409457534668,1.9401564065159033e-06,1.3659962992217661e-05,,,
195864,,22.63554564751671,1.9582789337407478e-06,1.3778222531776474e-05,,,
4347178,,22.631227679394122,1.962684861287784e-06,1.3799878943506528e-05,,,
193250,,22.597268094231218,1.9976846596583973e-06,1.4036469900723505e-05,,,
4174885,,22.555745034630622,2.0413315661354835e-06,1.4333457861675638e-05,,,
436075,,22.51916059786466,2.0805793333187164e-06,1.4599176523867726e-05,,,
23653,,22.487370906127232,2.1152974807175848e-06,1.4832774237258532e-05,,,
44783281,,22.474449305493476,2.1295749968322084e-06,1.4922820881375798e-05,,,
374347,,22.458560494814094,2.1472636756533426e-06,1.5036633502284054e-05,,,
443797,,22.40390672053418,2.2092417323311057e-06,1.5460229011706972e-05,,,
46269907,,22.38531387149918,2.2307328068033026e-06,1.5600117986742883e-05,,,
438392,,22.326661201444587,2.2999122336997682e-06,1.6062290277290316e-05,,,
4296627,,22.326661201444587,2.2999122336997682e-06,1.6062290277290316e-05,,,
46273539,,22.30230787177193,2.3292650092333253e-06,1.6256361300169722e-05,,,
79119,,22.25618296,2.3858927544908497e-06,1.6640401009844908e-05,,,
261599,,22.247400621248463,2.3968303747765597e-06,1.6705473678523146e-05,,,
3656982,,22.231426986594677,2.4168532325396623e-06,1.683373913709931e-05,,,
440276,,22.188880182875916,2.4710079917527595e-06,1.7199407267444523e-05,,,
4025215,,22.170205896403978,2.4951599827632577e-06,1.7355891928297037e-05,,,
30133,,22.13883328180407,2.536269435004998e-06,1.7630041450549792e-05,,,
377546,,22.11253658,2.571250653506604e-06,1.7861254539599353e-05,,,
36713918,,22.098176276480977,2.5905573901007394e-06,1.798334829520834e-05,,,
434449,,22.03205071385159,2.681353980948795e-06,1.860122200935906e-05,,,
314962,,21.96596051456536,2.775292542978658e-06,1.9240053440049507e-05,,,
4043371,,21.953555707664048,2.7932889652977538e-06,1.935190595158284e-05,,,
314965,,21.933970711331455,2.821940789210589e-06,1.953738086707291e-05,,,
314659,,21.926936128308977,2.8323038348938947e-06,1.959607287098359e-05,,,
375815,,21.886263242217797,2.892974408881329e-06,2.0002521661407033e-05,,,
37016348,,21.862192743345567,2.9294921083813133e-06,2.024154387652833e-05,,,
440990,,21.73144156423509,3.136089747545441e-06,2.1654647612287195e-05,,,
442190,,21.71236978908076,3.1674227594436585e-06,2.184741493667343e-05,,,
434337,,21.711892121310726,3.168211538641923e-06,2.184741493667343e-05,,,
4102183,,21.60366218649843,3.352111734109835e-06,2.3100228873255572e-05,,,
4213266,,21.55090853,3.445594183212217e-06,2.37287042756404e-05,,,
192667,,21.528519981515625,3.4860544753852934e-06,2.399144245576422e-05,,,
45763763,,21.52481799756478,3.492790434946416e-06,2.4021891594945832e-05,,,
42709954,,21.521606399321485,3.498644690003664e-06,2.404624048843788e-05,,,
4194739,,21.503155278559365,3.532469559222206e-06,2.424664706699945e-05,,,
40489912,,21.503155278559365,3.532469559222206e-06,2.424664706699945e-05,,,
377573,,21.432592836901645,3.6648806293377868e-06,2.5138903960447707e-05,,,
441834,,21.42734977591504,3.674915809512928e-06,2.5191111538560912e-05,,,
437969,,21.373614140123188,3.7793684534367645e-06,2.5890044145098785e-05,,,
45757591,,21.37083295082574,3.784854966579055e-06,2.591054862496017e-05,,,
4031164,,21.198082705251558,4.141786342265942e-06,2.83353809538036e-05,,,
40488954,,21.196098638786196,4.146076155826769e-06,2.834606803378407e-05,,,
377535,,21.191194056984962,4.156699652745281e-06,2.8400014984437186e-05,,,
443617,,21.158329097388688,4.228594576956282e-06,2.8872243655538556e-05,,,
317003,,21.156861682952684,4.231833616468055e-06,2.8875387355440597e-05,,,
4173734,,21.081623334324785,4.401288120371447e-06,3.0011933167257267e-05,,,
194690,,20.998226423419492,4.597087345111404e-06,3.132651258386735e-05,,,
436397,,20.962470677440034,4.683689985275772e-06,3.189574464415847e-05,,,
4245252,,20.955007111648804,4.701972747482248e-06,3.199928015182418e-05,,,
438452,,20.91867411,4.792002319397591e-06,3.259063357537943e-05,,,
45757468,,20.910394559988845,4.812759081070617e-06,3.271039396369251e-05,,,
4276036,,20.887402994228932,4.870873157635999e-06,3.3083734545198234e-05,,,
40486631,,20.87563781531196,4.900882998406218e-06,3.326582372268936e-05,,,
320136,,20.865084563207564,4.927959378494801e-06,3.3427776671878575e-05,,,
4035425,,20.856539420704593,4.949993531819869e-06,3.355533775777696e-05,,,
377561,,20.84916119262279,4.969098256828921e-06,3.3662887278335166e-05,,,
374027,,20.81722427,5.052650866506163e-06,3.420661094770817e-05,,,
140480,,20.812201677372435,5.065918553410931e-06,3.427410521292083e-05,,,
4137430,,20.799391857742496,5.099915534953174e-06,3.448166703918893e-05,,,
194984,,20.79242231902109,5.118508624544917e-06,3.45848775203321e-05,,,
4134144,,20.77920464410076,5.153957335135415e-06,3.4801770387736996e-05,,,
192279,,20.715293505413584,5.3288690328865075e-06,3.5959485058283496e-05,,,
133547,,20.700326761354333,5.370683598775066e-06,3.6218133652479225e-05,,,
135350,,20.681586669137715,5.42350489973776e-06,3.65506244604895e-05,,,
436238,,20.630861314885458,5.569111307677334e-06,3.750758568333302e-05,,,
374914,,20.589323488391095,5.691262519993077e-06,3.8305440484305735e-05,,,
4135466,,20.580698722595542,5.716960786504127e-06,3.845349934844718e-05,,,
74731,,20.57663288831095,5.729115667544988e-06,3.85103298946491e-05,,,
140949,,20.547496023533153,5.816983153913879e-06,3.90756877410944e-05,,,
36712827,,20.533717046030052,5.859005987874028e-06,3.933255182557293e-05,,,
439438,,20.520603533891354,5.899282262120945e-06,3.957736686117551e-05,,,
4052225,,20.475800008304443,6.038998359676943e-06,4.048856190565341e-05,,,
80484,,20.41710083895165,6.227085882530467e-06,4.172267987830859e-05,,,
4102935,,20.409404779072513,6.252178222706447e-06,4.186381191389522e-05,,,
440390,,20.39459290712614,6.300757046304422e-06,4.216192351912141e-05,,,
4196141,,20.38989507505442,6.316243630420917e-06,4.2219114093822765e-05,,,
4056428,,20.389535964224372,6.317429023854349e-06,4.2219114093822765e-05,,,
437489,,20.34594660544002,6.4629849153711675e-06,4.3164099768982764e-05,,,
435224,,20.316225538707076,6.564156683807945e-06,4.381163536167769e-05,,,
317585,,20.28198598014334,6.682681918742987e-06,4.457408889574912e-05,,,
441428,,20.27098856717969,6.721205049703166e-06,4.480228536017659e-05,,,
4031019,,20.234774177859794,6.849644096380299e-06,4.562916759588722e-05,,,
4151446,,20.222263234936804,6.894586037410221e-06,4.589912754693595e-05,,,
81379,,20.214985165701208,6.9208664544417876e-06,4.60445865522145e-05,,,
4051004,,20.169179472363552,7.088590183700656e-06,4.713028099105388e-05,,,
141663,,20.114065380934527,7.295815572124398e-06,4.8477055898667995e-05,,,
434910,,20.064660628916073,7.48673854175123e-06,4.971385746062542e-05,,,
4134178,,20.029851539465646,7.6242614290080525e-06,5.0594715689815887e-05,,,
37109843,,19.991115368983156,7.780282840947893e-06,5.1597127813101785e-05,,,
36713108,,19.96216494744633,7.898978719703707e-06,5.2350884473954673e-05,,,
440548,,19.94431877,7.97305151930247e-06,5.280812708004543e-05,,,
438383,,19.94258682481207,7.980277185160453e-06,5.2822318795023844e-05,,,
45769876,,19.893699360431164,8.186969969810939e-06,5.415594648394352e-05,,,
320746,,19.812068582606123,8.544149556366921e-06,5.648269859399812e-05,,,
35622958,,19.71158979480786,9.005355444345465e-06,5.9493740481651664e-05,,,
75051,,19.67404812161048,9.184018812016759e-06,6.0635529539058556e-05,,,
4085248,,19.669776841514857,9.204570305981558e-06,6.0732631504609755e-05,,,
81893,,19.658631673025695,9.258413577447696e-06,6.104913318327187e-05,,,
4234083,,19.642822435719605,9.335332247159006e-06,6.151729404722662e-05,,,
436091,,19.633903521396395,9.379009315281254e-06,6.176594727782179e-05,,,
4049971,,19.61741792613853,9.460282231244342e-06,6.226171814255301e-05,,,
4102501,,19.570583070228825,9.695053833034094e-06,6.376645533727233e-05,,,
377910,,19.545470560458526,9.823336881439764e-06,6.456933388483367e-05,,,
80497,,19.540482789110342,9.849018234718345e-06,6.469721712717638e-05,,,
45770886,,19.497739331634627,1.0071881126609429e-05,6.611938639780491e-05,,,
4170313,,19.49308398467128,1.009645769097524e-05,6.623888151806483e-05,,,
46270366,,19.468109402255703,1.0229335507533744e-05,6.706829942857455e-05,,,
23986,,19.453140547720707,1.0309817801679121e-05,6.75533585088584e-05,,,
4009890,,19.449367233620794,1.0330205733805439e-05,6.764429614726283e-05,,,
4008706,,19.44765868502951,1.033945065652497e-05,6.766219850290144e-05,,,
4033802,,19.407466235817477,1.0559343913677698e-05,6.905771047887894e-05,,,
36712805,,19.362408564615272,1.081144292280635e-05,7.066195902754942e-05,,,
4038838,,19.296355810371296,1.1191975583255362e-05,7.310308627353219e-05,,,
374905,,19.10219694,1.2390217940653424e-05,8.08788598236623e-05,,,
26662,,19.082816439758496,1.2516679988780154e-05,8.165306870270143e-05,,,
4078201,,19.078107801046905,1.2547600124838477e-05,8.18034256570398e-05,,,
4300557,,19.075471674993814,1.256494420890211e-05,8.186514120307883e-05,,,
372886,,19.045868514022967,1.2761375902805435e-05,8.309286866037223e-05,,,
376132,,19.03630978493127,1.2825459194642277e-05,8.345784092092833e-05,,,
374023,,19.016248821830626,1.2961004001093444e-05,8.428707983689805e-05,,,
4107913,,18.976972737013842,1.3230558351799268e-05,8.598621788111194e-05,,,
4252872,,18.951768489157395,1.340649529272155e-05,8.703182742795742e-05,,,
4192127,,18.951526709314653,1.3408194352594288e-05,8.703182742795742e-05,,,
4116731,,18.91210966287941,1.3688101331681239e-05,8.873783470918991e-05,,,
45757720,,18.91210966287941,1.3688101331681239e-05,8.873783470918991e-05,,,
4013526,,18.873564296702614,1.3967493172075286e-05,9.049263656122592e-05,,,
133794,,18.827208465136454,1.4311095228960347e-05,9.26609978936797e-05,,,
444243,,18.754004260724212,1.4871077651322882e-05,9.622679884965591e-05,,,
4154415,,18.749771195828767,1.4904123879926431e-05,9.638061939028966e-05,,,
4216894,,18.72308345831591,1.5114171867990537e-05,9.767815550507317e-05,,,
45763781,,18.714179944952598,1.5184907070723768e-05,9.807430346734705e-05,,,
4088373,,18.696926400571346,1.5322928129134908e-05,9.89042665329006e-05,,,
4052358,,18.651628401796458,1.5691319730688766e-05,0.000101219,,,
4150497,,18.646762554911817,1.5731417224530616e-05,0.000101415,,,
436147,,18.63621682265208,1.5818673969432685e-05,0.000101914,,,
4294416,,18.62511654902985,1.5911044259242908e-05,0.000102446,,,
46274035,,18.615718129189347,1.5989676091864326e-05,0.000102825,,,
436086,,18.615718129189347,1.5989676091864326e-05,0.000102825,,,
437540,,18.60305138720436,1.6096270208920316e-05,0.000103446,,,
380720,,18.596418795535058,1.6152369711713288e-05,0.000103743,,,
45763766,,18.584611523874113,1.62527239082702e-05,0.000104323,,,
4163710,,18.56061032,1.64586532995857e-05,0.000105579,,,
36712785,,18.55504657673963,1.6506762964742174e-05,0.000105823,,,
4282857,,18.525037381727557,1.6768698632996204e-05,0.000107435,,,
4247238,,18.52296621,1.6786930186771946e-05,0.000107486,,,
379832,,18.506530150561844,1.6932316541486832e-05,0.00010835,,,
378165,,18.50495626624716,1.6946304635430644e-05,0.000108373,,,
381001,,18.494192171900444,1.7042283538032514e-05,0.00010892,,,
433467,,18.476416314590335,1.7201980296884354e-05,0.000109873,,,
44783205,,18.422040375845476,1.7699882033935068e-05,0.000112984,,,
439277,,18.37797109202047,1.8114011773726298e-05,0.000115556,,,
40481816,,18.350719341345616,1.837495955494721e-05,0.000117149,,,
4008222,,18.33297510202603,1.8546895226987164e-05,0.000118028,,,
444259,,18.33297510202603,1.8546895226987164e-05,0.000118028,,,
435474,,18.33297510202603,1.8546895226987164e-05,0.000118028,,,
4151240,,18.303556395572503,1.883552090915344e-05,0.000119791,,,
45768963,,18.181091607711064,2.008631778473363e-05,0.000127668,,,
198401,,18.16805694539682,2.0224267220195195e-05,0.000128466,,,
42709840,,18.162504345634755,2.028332062776209e-05,0.000128763,,,
136773,,18.13189023373668,2.061203438016946e-05,0.000130769,,,
440371,,18.11065917870941,2.084313693554433e-05,0.000132155,,,
444445,,18.09215000607173,2.104673451239871e-05,0.000133364,,,
442108,,18.07567796909458,2.122960368691026e-05,0.000134441,,,
4207505,,18.03632648,2.1672964380239848e-05,0.000137165,,,
4111413,,17.984715012668687,2.2268587807465924e-05,0.000140763,,,
4164640,,17.984715012668687,2.2268587807465924e-05,0.000140763,,,
436826,,17.95284345946791,2.2644588221364634e-05,0.000143053,,,
438879,,17.88911986210998,2.3415595222897895e-05,0.000147834,,,
441321,,17.880212972312897,2.352544271781081e-05,0.000148437,,,
4100065,,17.86816647676453,2.3674834724799417e-05,0.000149289,,,
196151,,17.86187980303483,2.375317568892652e-05,0.000149693,,,
435802,,17.85866583632715,2.3793326884552017e-05,0.000149855,,,
4100662,,17.83544563,2.408544373784896e-05,0.000151603,,,
45757656,,17.81903746,2.4294033697907744e-05,0.000152823,,,
4228112,,17.810376097481726,2.4404872713262664e-05,0.000153427,,,
44782421,,17.805011969664793,2.4473771862592946e-05,0.000153767,,,
4144316,,17.788219884059274,2.4690722722442353e-05,0.000155037,,,
4194160,,17.771537402872898,2.490817108121175e-05,0.000156308,,,
4092879,,17.729785680991927,2.54608575803586e-05,0.00015968,,,
436253,,17.56367684096852,2.7784513584385883e-05,0.000174148,,,
138455,,17.555872675001908,2.789878056750357e-05,0.000174758,,,
80205,,17.538015123999127,2.8162026935185963e-05,0.000176301,,,
36716978,,17.534516039651063,2.821390028508159e-05,0.000176519,,,
4141190,,17.50219608970115,2.8697600963562578e-05,0.000179438,,,
4297667,,17.485908434755313,2.8944511477550478e-05,0.000180873,,,
4336384,,17.47227850027596,2.9152772696335676e-05,0.000182065,,,
4195231,,17.438555175724122,2.9674550397243533e-05,0.000185212,,,
375281,,17.427185250554885,2.985257671652461e-05,0.000186211,,,
4109135,,17.391807029778047,3.0413411922225884e-05,0.000189596,,,
4289309,,17.363984922181093,3.086189211794005e-05,0.000192276,,,
42539474,,17.334541040803877,3.134375606567685e-05,0.000195161,,,
441264,,17.315418483792687,3.166074928249064e-05,0.000197017,,,
4177944,,17.296006396846114,3.1985837898717145e-05,0.000198921,,,
4027729,,17.271350588333743,3.2403582862215166e-05,0.000201398,,,
4171912,,17.220413424740148,3.3284063155664294e-05,0.000206678,,,
440631,,17.21990937583439,3.329289504457417e-05,0.000206678,,,
435232,,17.2083807,3.349554358466248e-05,0.000207812,,,
4110186,,17.205912890532392,3.353908296046747e-05,0.000207958,,,
43531563,,17.18907000767157,3.383776394149017e-05,0.000209685,,,
313219,,17.18480438,3.391383128610809e-05,0.000210031,,,
4199185,,17.178430905325445,3.4027807279509975e-05,0.000210612,,,
436248,,17.103445985223765,3.5398019619851644e-05,0.000218962,,,
4061050,,17.075487128140583,3.592299471513929e-05,0.000222077,,,
4064161,,17.06327339266448,3.615477774280335e-05,0.000223377,,,
4012934,,17.02328605247497,3.692419688350071e-05,0.000227995,,,
195306,,17.01286000312736,3.712750166872959e-05,0.000229115,,,
378416,,16.97592534065936,3.785681282549706e-05,0.000233477,,,
380393,,16.92345469879209,3.891772930280844e-05,0.000239742,,,
4084229,,16.923400657468914,3.891883724282162e-05,0.000239742,,,
380395,,16.902676096245216,3.9346072580179516e-05,0.00024223,,,
434625,,16.871861534315382,3.9990045158535665e-05,0.000245903,,,
4279461,,16.871861534315382,3.9990045158535665e-05,0.000245903,,,
381009,,16.86383285254982,4.015956413880521e-05,0.0002468,,,
40481180,,16.789286686452837,4.1768449416378404e-05,0.000256535,,,
441855,,16.78635871292857,4.1832948075673587e-05,0.00025678,,,
4108952,,16.772147734034245,4.214741881064233e-05,0.000258557,,,
4313767,,16.754362974174967,4.254432316027941e-05,0.0002607,,,
4069652,,16.754251116354745,4.254683135722014e-05,0.0002607,,,
4116450,,16.687954154696556,4.4059878317067175e-05,0.000269812,,,
36712779,,16.68501614965777,4.412816814227359e-05,0.000270071,,,
4009184,,16.676119679791647,4.4335603825524685e-05,0.00027118,,,
4029423,,16.654849629109833,4.4835532352365315e-05,0.000274077,,,
437496,,16.604838842861415,4.603342434614544e-05,0.000281107,,,
258785,,16.604583326238107,4.603962655469315e-05,0.000281107,,,
438531,,16.52329076003396,4.805613347927034e-05,0.000293247,,,
435993,,16.520746275823633,4.812066435677687e-05,0.000293468,,,
4144328,,16.512902649748117,4.8320135981258193e-05,0.000294512,,,
374655,,16.488608023508505,4.8943264895401874e-05,0.000298135,,,
78804,,16.482428864381568,4.910303793233829e-05,0.000298933,,,
4013155,,16.467460520161602,4.949224812772416e-05,0.000301126,,,
438005,,16.439786605815282,5.022001929119424e-05,0.000305375,,,
435119,,16.422276574580003,5.068604831697759e-05,0.000308029,,,
4042550,,16.384549214643705,5.170499349072104e-05,0.000314038,,,
4335883,,16.38164431764683,5.178429812879563e-05,0.000314336,,,
4222876,,16.356935317652237,5.246382608140684e-05,0.000318274,,,
43530656,,16.34439554912533,5.2812107888695836e-05,0.0003202,,,
4016131,,16.30951104789474,5.37932759170792e-05,0.000325959,,,
75910,,16.301035877648225,5.403440504549355e-05,0.000327229,,,
44784631,,16.23345272632077,5.5996534824813624e-05,0.000338914,,,
260754,,16.228907259763748,5.613104577448706e-05,0.000339531,,,
4308393,,16.223253351676448,5.6298811636872656e-05,0.000340347,,,
437992,,16.220379871426523,5.638426828620518e-05,0.000340666,,,
4134176,,16.165809977314062,5.803215613078095e-05,0.000350418,,,
200450,,16.155924648918468,5.833581193604925e-05,0.000352047,,,
46270564,,16.145486781449087,5.8658175142021484e-05,0.000353787,,,
4119146,,16.118470070918367,5.950090399282081e-05,0.000358662,,,
4314093,,16.11281481312767,5.967884315149538e-05,0.000359526,,,
4035437,,16.110327186072126,5.975728417188497e-05,0.00035979,,,
4160859,,16.102523386965515,6.000403070864521e-05,0.000361067,,,
80183,,16.08478648,6.056866793700455e-05,0.000364253,,,
137944,,16.061941981511637,6.130378118822987e-05,0.000368461,,,
138388,,16.060481997651223,6.13510659390323e-05,0.000368532,,,
434891,,16.02999157454707,6.234699024564899e-05,0.000374175,,,
434374,,16.029519361844397,6.236254156038071e-05,0.000374175,,,
138996,,16.025650084059503,6.24901149839232e-05,0.000374724,,,
373212,,16.01899135861957,6.271027373507606e-05,0.000375828,,,
4009619,,16.00653734501794,6.312413944362108e-05,0.00037809,,,
4136721,,15.98475472,6.385462471436784e-05,0.000382245,,,
4247719,,15.963408294633261,6.457873023145427e-05,0.000386357,,,
36712986,,15.957654285336915,6.477532492427283e-05,0.00038731,,,
195240,,15.90585785405288,6.65723536111184e-05,0.000397826,,,
253549,,15.898192364868395,6.684252735933336e-05,0.000399211,,,
376981,,15.878753897531151,6.753260005604958e-05,0.000403101,,,
3656897,,15.845038566008586,6.874654445933947e-05,0.000410111,,,
440814,,15.833635819085513,6.91620562470513e-05,0.000412353,,,
4343935,,15.819088305173858,6.969583161954446e-05,0.000415298,,,
45757504,,15.793017151177345,7.066282025086606e-05,0.000420577,,,
435786,,15.793017151177345,7.066282025086606e-05,0.000420577,,,
45768964,,15.786555778460718,7.090455460795013e-05,0.000421775,,,
439162,,15.770927687469309,7.149268122978916e-05,0.00042503,,,
319016,,15.746817201109621,7.240966318676536e-05,0.000430235,,,
439794,,15.709813416385938,7.38400776449999e-05,0.000438483,,,
439249,,15.671950950784684,7.533311575586172e-05,0.000446717,,,
375504,,15.67030713187604,7.539862030687825e-05,0.000446717,,,
313878,,15.67030713187604,7.539862030687825e-05,0.000446717,,,
45770877,,15.67030713187604,7.539862030687825e-05,0.000446717,,,
4164959,,15.645522128744833,7.639325199287105e-05,0.000452353,,,
81696,,15.619241341367346,7.746233361015588e-05,0.000458422,,,
4041682,,15.604581178180226,7.806522417348124e-05,0.000461727,,,
321042,,15.591991312890585,7.858674145253675e-05,0.000464547,,,
45757719,,15.565283713953395,7.970470000537393e-05,0.000470888,,,
45763584,,15.559504521038608,7.994871037344883e-05,0.000472061,,,
4056580,,15.556645935232236,8.006968388774211e-05,0.000472507,,,
444434,,15.52672257691227,8.134712863386881e-05,0.000479773,,,
261326,,15.52564579542487,8.139347729856666e-05,0.000479774,,,
440989,,15.522151554852279,8.154406543719439e-05,0.000480389,,,
134118,,15.49071179660952,8.291166696582126e-05,0.000488169,,,
141375,,15.48305605686038,8.324816411773599e-05,0.000489873,,,
375817,,15.47124956249097,8.37697972692821e-05,0.000492663,,,
4185029,,15.458324242432207,8.434463392887655e-05,0.000495763,,,
4077081,,15.403821299342303,8.681256163053011e-05,0.000509981,,,
437544,,15.400259986891626,8.697632638793606e-05,0.000510654,,,
195856,,15.39093448394131,8.740662807240676e-05,0.000512891,,,
4303233,,15.335410618419559,9.001335004719447e-05,0.000527889,,,
4009573,,15.334143529306237,9.007374129011892e-05,0.000527945,,,
435228,,15.332944728616669,9.013091534339602e-05,0.000527982,,,
437847,,15.329848925813216,9.02787315392479e-05,0.00052855,,,
4013612,,15.32109535134371,9.069801233436964e-05,0.000530706,,,
764098,,15.27077673594135,9.314647512146575e-05,0.000544726,,,
193520,,15.261131700462771,9.362333695019409e-05,0.000547207,,,
4129394,,15.256120480313594,9.387206651292836e-05,0.000548352,,,
4184338,,15.247037258655876,9.432460417735135e-05,0.000550068,,,
4070301,,15.247037258655876,9.432460417735135e-05,0.000550068,,,
4016110,,15.247037258655876,9.432460417735135e-05,0.000550068,,,
4096766,,15.242901711458703,9.453136906709724e-05,0.000550965,,,
78771,,15.194488848687437,9.698605855262006e-05,0.000564955,,,
37312529,,15.169687507902228,9.826831265320372e-05,0.000572103,,,
43530648,,15.145584591473286,9.953080305486132e-05,0.000579129,,,
379020,,15.13350150709632,0.00010017,0.000582521,,,
253009,,15.122804633254297,0.000100739,0.000585503,,,
4216670,,15.10213236,0.000101848,0.000591619,,,
377888,,15.098923098759185,0.000102021,0.000592294,,,
4202045,,15.097161466701342,0.000102117,0.000592516,,,
80819,,15.069783697534055,0.000103609,0.000600837,,,
443744,,15.052561312141881,0.000104558,0.000606006,,,
23325,,14.990407231189906,0.000108059,0.000625948,,,
4081461,,14.984817970177458,0.00010838,0.000627455,,,
4195892,,14.974315557159532,0.000108985,0.000630605,,,
256450,,14.969941276980741,0.000109237,0.000631717,,,
4263576,,14.958128099013436,0.000109924,0.000635331,,,
4191650,,14.907873352718191,0.000112891,0.000652119,,,
436392,,14.90387959580844,0.00011313,0.000653138,,,
435792,,14.874942075649216,0.000114879,0.000662866,,,
74396,,14.869837983277254,0.00011519,0.000664293,,,
36716659,,14.847762541778694,0.000116546,0.000671741,,,
4206425,,14.839534594749326,0.000117056,0.000674304,,,
40483286,,14.793466535945319,0.00011995,0.000690595,,,
4288544,,14.767756170603395,0.000121597,0.000699688,,,
75347,,14.718145084879954,0.000124839,0.000717946,,,
378161,,14.68793421687603,0.000126856,0.00072914,,,
259153,,14.680873735845404,0.000127332,0.000731432,,,
4243161,,14.67993386482986,0.000127395,0.000731432,,,
37109307,,14.651739470482951,0.000129315,0.000742045,,,
4258295,,14.636878906361522,0.000130339,0.000747506,,,
4312477,,14.624550364739871,0.000131194,0.000751997,,,
45766766,,14.60323885958868,0.000132686,0.00076013,,,
4009648,,14.598718700218852,0.000133005,0.000761536,,,
199074,,14.581855732254807,0.000134201,0.000767958,,,
433196,,14.490206879189639,0.00014089,0.000805795,,,
4147638,,14.463764031059993,0.000142882,0.000816737,,,
44789003,,14.428215183497372,0.000145604,0.000831842,,,
436072,,14.390306429470204,0.000148565,0.000848291,,,
432621,,14.387712636545348,0.00014877,0.000848993,,,
141095,,14.379824334511184,0.000149394,0.00085209,,,
137900,,14.325044088146976,0.000153805,0.000876765,,,
261236,,14.29063951944518,0.000156642,0.000892447,,,
4014066,,14.282136483897228,0.000157351,0.000895996,,,
43530674,,14.263034593122159,0.000158956,0.00090464,,,
193249,,14.251455488308768,0.000159937,0.000909724,,,
4028373,,14.239039041996357,0.000160996,0.000915245,,,
316127,,14.22946026456926,0.000161817,0.000919412,,,
440710,,14.225460753440274,0.000162162,0.000920865,,,
4298317,,14.21875699994835,0.00016274,0.000923646,,,
439392,,14.208454447824845,0.000163634,0.00092821,,,
4115161,,14.194693760858542,0.000164835,0.000934513,,,
377297,,14.179459248155991,0.000166175,0.000941596,,,
40483342,,14.159927774620911,0.000167909,0.000950858,,,
440193,,14.158992721019205,0.000167992,0.000950858,,,
36712807,,14.09661957138519,0.000173656,0.000981844,,,
73036,,14.09661957138519,0.000173656,0.000981844,,,
36717279,,14.067022597610059,0.00017641,0.000996874,,,
443464,,14.056151144788306,0.000177433,0.001002108,,,
4227210,,14.055113345199018,0.00017753,0.001002117,,,
253954,,14.022827950299064,0.000180605,0.001018916,,,
37116608,,14.01551679864389,0.000181308,0.001022331,,,
433885,,14.00760264123989,0.000182073,0.001026086,,,
4174369,,13.974067246531868,0.00018535,0.001043985,,,
381549,,13.967734966500936,0.000185975,0.00104694,,,
4310999,,13.96203873019208,0.000186539,0.001049479,,,
374313,,13.961145405010253,0.000186628,0.001049479,,,
4100536,,13.930482492751656,0.000189697,0.001066161,,,
137351,,13.91293293020931,0.000191476,0.00107558,,,
380714,,13.895099645322329,0.000193302,0.001085247,,,
196433,,13.873816999448861,0.000195503,0.001097014,,,
4008566,,13.869717743030135,0.00019593,0.001098816,,,
436145,,13.848595872871986,0.000198145,0.001110038,,,
433752,,13.848595872871986,0.000198145,0.001110038,,,
260427,,13.846128432471142,0.000198405,0.001110897,,,
192683,,13.844290506288367,0.000198599,0.001111386,,,
4344500,,13.82558056915238,0.000200587,0.001121903,,,
376977,,13.800739024975295,0.000203256,0.001136223,,,
42537251,,13.766694757042712,0.000206973,0.001156379,,,
435225,,13.76176301557795,0.000207517,0.001158796,,,
36714686,,13.730798711573387,0.000210966,0.001177424,,,
136779,,13.72967223164953,0.000211093,0.001177498,,,
4046205,,13.711185868463831,0.000213181,0.001188507,,,
81378,,13.668823832819053,0.000218044,0.00121497,,,
4201387,,13.654121394702528,0.000219758,0.001223864,,,
4022202,,13.64426197671787,0.000220915,0.001229648,,,
444130,,13.633908441188067,0.000222137,0.001235786,,,
4098740,,13.632059300985018,0.000222356,0.001236341,,,
4101602,,13.610178076195666,0.000224963,0.001250166,,,
4279553,,13.577109808410565,0.00022896,0.001271704,,,
4091464,,13.568846699684155,0.000229971,0.001276632,,,
4305303,,13.545613884343569,0.000232835,0.001291153,,,
436817,,13.545613884343569,0.000232835,0.001291153,,,
43530719,,13.506701718109763,0.000237713,0.0013175,,,
434493,,13.487925831399126,0.000240103,0.00133004,,,
138858,,13.481044003142262,0.000240986,0.001334216,,,
4209974,,13.461234527875112,0.000243543,0.001347659,,,
40481897,,13.453066024072635,0.000244606,0.001352819,,,
4251304,,13.447751927733425,0.0002453,0.001355935,,,
441500,,13.428105310645853,0.000247882,0.001369481,,,
439303,,13.396645867162912,0.000252075,0.001391902,,,
4310238,,13.393818932202258,0.000252455,0.001393261,,,
4213373,,13.371508233214916,0.000255476,0.001408548,,,
4111721,,13.371361300792143,0.000255496,0.001408548,,,
138841,,13.36671358499465,0.00025613,0.001411294,,,
441215,,13.352830955227246,0.000258033,0.001421026,,,
40483220,,13.345334659473943,0.000259066,0.001425963,,,
45757331,,13.330298464636323,0.000261152,0.001436681,,,
4210746,,13.326010802653451,0.00026175,0.001439208,,,
197303,,13.319308044797973,0.000262687,0.001443598,,,
379816,,13.316700885144256,0.000263053,0.001444843,,,
316814,,13.312896742019822,0.000263587,0.001446248,,,
374377,,13.312896742019822,0.000263587,0.001446248,,,
79833,,13.304326720125578,0.000264794,0.001452107,,,
433701,,13.276195435593287,0.000268797,0.001473282,,,
4140828,,13.265580271494152,0.000270324,0.001480867,,,
443556,,13.26038932698673,0.000271073,0.001484191,,,
4322175,,13.255441020157381,0.00027179,0.00148733,,,
194475,,13.246169674539555,0.000273137,0.001493918,,,
80504,,13.244388305558322,0.000273397,0.001494552,,,
46270031,,13.238838760281366,0.000274208,0.001496955,,,
4153068,,13.238838760281366,0.000274208,0.001496955,,,
4056579,,13.238420183506289,0.000274269,0.001496955,,,
4217947,,13.204761749617363,0.000279239,0.001519059,,,
193827,,13.204761749617363,0.000279239,0.001519059,,,
4173334,,13.204761749617363,0.000279239,0.001519059,,,
4260963,,13.204761749617363,0.000279239,0.001519059,,,
45757332,,13.204761749617363,0.000279239,0.001519059,,,
4134875,,13.204761749617363,0.000279239,0.001519059,,,
4342875,,13.204069044202626,0.000279342,0.001519059,,,
4280498,,13.19538204490441,0.00028064,0.001525318,,,
43530714,,13.177134301168529,0.000283386,0.001539438,,,
4266637,,13.153648358211067,0.00028696,0.00155804,,,
441334,,13.151674495260842,0.000287262,0.001558867,,,
197236,,13.150463612203927,0.000287448,0.001559061,,,
4090098,,13.094960654936182,0.000296091,0.001604265,,,
40484496,,13.094960654936182,0.000296091,0.001604265,,,
377280,,13.073880584807611,0.000299442,0.001621575,,,
435789,,13.05591418376523,0.000302328,0.001636352,,,
37312519,,13.041070285683329,0.000304734,0.001648514,,,
4050704,,13.022553557600483,0.000307762,0.001664028,,,
43531027,,13.004167116314907,0.000310799,0.001679573,,,
378142,,12.988295017527477,0.000313444,0.00169299,,,
37116631,,12.964028162899629,0.000317533,0.001714185,,,
4127089,,12.920047896997918,0.000325082,0.001754023,,,
45757767,,12.908446076043347,0.000327103,0.001764012,,,
4157456,,12.893338796201187,0.000329754,0.001777386,,,
4111714,,12.881092411214807,0.000331918,0.001786275,,,
4053838,,12.881092411214807,0.000331918,0.001786275,,,
44782594,,12.881092411214807,0.000331918,0.001786275,,,
4111717,,12.869886454643488,0.000333912,0.001796073,,,
437779,,12.865461879109455,0.000334702,0.001797249,,,
4201172,,12.864790366292278,0.000334822,0.001797249,,,
4080753,,12.864790366292278,0.000334822,0.001797249,,,
436445,,12.864790366292278,0.000334822,0.001797249,,,
434920,,12.831880907059281,0.000340763,0.001828193,,,
4064036,,12.828649200171853,0.000341352,0.001830408,,,
137951,,12.816012732549584,0.000343665,0.001841862,,,
4192647,,12.80089436011599,0.000346454,0.001855849,,,
40481757,,12.793884866775898,0.000347754,0.001861856,,,
440072,,12.785285271431313,0.000349356,0.001869471,,,
73302,,12.772957893677882,0.000351666,0.001880863,,,
4069654,,12.77179500033317,0.000351885,0.001881064,,,
374643,,12.741039670562307,0.000357719,0.001911267,,,
36715617,,12.692804116740822,0.000367065,0.001960197,,,
4272177,,12.672768366298332,0.00037102,0.001980297,,,
312349,,12.661348999439154,0.000373293,0.001991406,,,
196724,,12.656815628352744,0.000374199,0.001995216,,,
37395590,,12.649851037385568,0.000375596,0.002001636,,,
443876,,12.645986087885197,0.000376373,0.00200475,,,
4108817,,12.632785948973133,0.00037904,0.002017921,,,
40481319,,12.610652823504076,0.000383555,0.002040911,,,
4121803,,12.605820385283149,0.000384547,0.002045147,,,
42873169,,12.574485316050808,0.000391049,0.00207866,,,
201612,,12.570328734519975,0.00039192,0.002082223,,,
4244051,,12.557937727332549,0.000394527,0.002095004,,,
4242816,,12.522831767442742,0.000402009,0.002133646,,,
4175440,,12.464776594934149,0.000414698,0.002199869,,,
40480435,,12.458490319062395,0.000416096,0.002206159,,,
78829,,12.432682645658682,0.000421885,0.002235713,,,
4177069,,12.430052269216535,0.00042248,0.002237723,,,
45757785,,12.42873737223995,0.000422778,0.002238159,,,
4051747,,12.382905058599711,0.000433282,0.002292603,,,
4149904,,12.376734216248455,0.000434717,0.002299022,,,
73649,,12.37530686034085,0.000435049,0.00229961,,,
4089512,,12.360846913941607,0.000438432,0.002316311,,,
4295340,,12.341914694596777,0.000442901,0.002338731,,,
434170,,12.326865218269115,0.000446486,0.002356464,,,
133956,,12.32343183,0.000447308,0.002359604,,,
4098292,,12.315346039167473,0.000449249,0.002368645,,,
435521,,12.285416226815013,0.000456512,0.002405714,,,
199151,,12.277300984768624,0.000458501,0.002414973,,,
197034,,12.242018512947338,0.000467253,0.002458576,,,
4054062,,12.242018512947338,0.000467253,0.002458576,,,
46271074,,12.231475913167642,0.0004699,0.002471256,,,
36712846,,12.22916782,0.000470482,0.002473064,,,
40479260,,12.226063591408858,0.000471265,0.002475929,,,
77066,,12.196963011473311,0.000478674,0.002513582,,,
46270027,,12.174599211303907,0.000484447,0.002542613,,,
4101104,,12.166986562068011,0.000486428,0.002551723,,,
436522,,12.148219383612918,0.000491348,0.002576228,,,
4055201,,12.14609115166202,0.000491909,0.002577869,,,
4209423,,12.142502541961813,0.000492856,0.002581532,,,
432612,,12.111561666122086,0.000501102,0.002623399,,,
444268,,12.08478312346484,0.00050835,0.002660007,,,
4084868,,12.059501449187659,0.000515291,0.002694968,,,
132446,,12.052402646323408,0.000517257,0.002703889,,,
4204991,,12.041798100763467,0.000520208,0.002717948,,,
374923,,12.031742404536487,0.000523022,0.002731277,,,
4111416,,12.03043294847092,0.000523389,0.002731823,,,
4051140,,11.97438993331461,0.000539367,0.002813807,,,
137350,,11.945284037445528,0.000547859,0.002856673,,,
4157453,,11.942111168352096,0.000548793,0.002860107,,,
73008,,11.92913587132588,0.000552628,0.002878652,,,
4187244,,11.91472002539151,0.000556921,0.002899561,,,
40479241,,11.90571183742208,0.000559621,0.002912158,,,
40480081,,11.84722480598251,0.000577473,0.003003555,,,
4282301,,11.817767132519952,0.000586682,0.003049693,,,
442560,,11.816976407670573,0.000586931,0.003049693,,,
197332,,11.797709824171255,0.000593036,0.003079877,,,
4140438,,11.738933488476384,0.000612061,0.003177091,,,
380402,,11.731375156402796,0.000614552,0.003188428,,,
4085062,,11.725290839031207,0.000616564,0.003196609,,,
438028,,11.724748682102566,0.000616744,0.003196609,,,
436252,,11.721607739207814,0.000617786,0.003200413,,,
4205002,,11.700515923375592,0.000624828,0.003235281,,,
36715624,,11.694800642955268,0.00062675,0.003242003,,,
36714116,,11.694800642955268,0.00062675,0.003242003,,,
4033839,,11.687467955033934,0.000629225,0.003253186,,,
40481101,,11.682088862417586,0.000631046,0.003259375,,,
43530807,,11.682081071580019,0.000631049,0.003259375,,,
73001,,11.67305510888124,0.000634118,0.003273598,,,
436206,,11.667507474447275,0.000636012,0.003281744,,,
134453,,11.653609103311341,0.000640781,0.003304713,,,
44782751,,11.627013501716982,0.000650008,0.003350638,,,
4137330,,11.621113139402318,0.000652074,0.003357953,,,
43530688,,11.621113139402318,0.000652074,0.003357953,,,
4003487,,11.610440364007909,0.000655826,0.003375605,,,
4225324,,11.609061166935698,0.000656313,0.003376437,,,
253797,,11.602189448819647,0.000658742,0.003387258,,,
443730,,11.598462126805492,0.000660064,0.003392375,,,
195603,,11.596539238060737,0.000660747,0.003394206,,,
4035751,,11.592825492051741,0.000662067,0.003399311,,,
78786,,11.576600058152877,0.000667869,0.003427407,,,
440408,,11.57513341,0.000668396,0.003428357,,,
40482655,,11.57241538594385,0.000669374,0.003428357,,,
4320803,,11.57241538594385,0.000669374,0.003428357,,,
440377,,11.57241538594385,0.000669374,0.003428357,,,
4184403,,11.569744024828488,0.000670336,0.003431594,,,
4166126,,11.549427330706893,0.000677701,0.003467588,,,
44782743,,11.51980176140717,0.000688587,0.003521555,,,
140586,,11.507431448882338,0.000693185,0.003543324,,,
375292,,11.485121622501463,0.000701555,0.003584348,,,
373785,,11.482123353136314,0.000702688,0.003588371,,,
377545,,11.46278952600266,0.000710036,0.003624115,,,
193528,,11.459053276308522,0.000711465,0.003629626,,,
260730,,11.442978984104842,0.000717646,0.003659363,,,
135489,,11.433858519879657,0.000721178,0.003675566,,,
4182683,,11.378569223097761,0.000742963,0.003784742,,,
135858,,11.376938199190198,0.000743616,0.003786211,,,
4135088,,11.360454550136158,0.000750245,0.003818091,,,
439080,,11.353704345433842,0.000752976,0.003830117,,,
4147466,,11.35015636868997,0.000754416,0.003835564,,,
435950,,11.347784011019574,0.00075538,0.003838589,,,
373775,,11.336209958767496,0.000760103,0.003858813,,,
37207959,,11.336209958767496,0.000760103,0.003858813,,,
376400,,11.316147427153993,0.00076836,0.003898825,,,
762213,,11.314631928969808,0.000768987,0.003900104,,,
4006163,,11.308502681692268,0.00077153,0.003911091,,,
201606,,11.305926464540718,0.000772601,0.003914612,,,
4203556,,11.297343060627698,0.000776181,0.003930834,,,
4193620,,11.26887897,0.000788173,0.003989622,,,
4291025,,11.263911989625576,0.000790285,0.003996057,,,
4096856,,11.263176937260058,0.000790598,0.003996057,,,
4052524,,11.263176937260058,0.000790598,0.003996057,,,
441701,,11.25714893599945,0.000793169,0.004007106,,,
4096643,,11.253040226848583,0.000794927,0.004014034,,,
4082311,,11.228244589829844,0.000805618,0.004066043,,,
440738,,11.222266827112406,0.000808217,0.004077181,,,
4011654,,11.217823355857302,0.000810155,0.004084972,,,
44783163,,11.205537701712837,0.000815536,0.004108119,,,
441011,,11.205537701712837,0.000815536,0.004108119,,,
78097,,11.16779405,0.000832295,0.00419051,,,
4121463,,11.162189138102052,0.000834814,0.004201154,,,
380706,,11.139676569301715,0.000845006,0.00425039,,,
79916,,11.136501545244307,0.000846454,0.004255611,,,
434502,,11.116924916830671,0.000855435,0.004298685,,,
437385,,11.071601624895838,0.000876599,0.00440291,,,
379019,,11.06546143,0.000879507,0.00441538,,,
36717682,,11.050162440602612,0.000886794,0.004449815,,,
4239487,,11.040952358100732,0.000891211,0.004469817,,,
4199769,,11.026691876862074,0.000898093,0.00449999,,,
321586,,11.026691876862074,0.000898093,0.00449999,,,
437530,,11.01869675,0.000901975,0.004517263,,,
4096804,,11.012392337162114,0.000905048,0.004530469,,,
432798,,11.003782063286028,0.000909262,0.004548493,,,
36685093,,11.00305219065722,0.00090962,0.004548493,,,
199064,,11.002356501696077,0.000909961,0.004548493,,,
4035449,,10.991475071614657,0.000915319,0.004573076,,,
4144154,,10.983744441346804,0.000919145,0.004589985,,,
433957,,10.975127179480912,0.000923429,0.00460695,,,
46270412,,10.975127179480912,0.000923429,0.00460695,,,
438411,,10.943387262410448,0.000939383,0.004684293,,,
4175167,,10.932322268960357,0.00094501,0.004710091,,,
4189235,,10.92940773,0.000946497,0.004715245,,,
4050690,,10.898056530168786,0.000962652,0.004793426,,,
374959,,10.797452654012893,0.001016399,0.005056206,,,
4058207,,10.797452654012893,0.001016399,0.005056206,,,
77310,,10.795294325851922,0.001017584,0.005059682,,,
199860,,10.762772825410584,0.001035621,0.005146903,,,
4117881,,10.752578073755771,0.001041342,0.005171269,,,
4224968,,10.752262715530742,0.001041519,0.005171269,,,
441818,,10.734915532053064,0.001051328,0.005217479,,,
23868,,10.73387837421214,0.001051917,0.005217912,,,
138102,,10.732243011894294,0.001052847,0.005220034,,,
133974,,10.730047684579446,0.001054097,0.005223738,,,
78586,,10.724656334457931,0.001057173,0.005236483,,,
318776,,10.708940709377531,0.001066191,0.005278634,,,
4110915,,10.696797950496013,0.001073211,0.005310862,,,
4309320,,10.693143498786753,0.001075333,0.005318831,,,
4117687,,10.681654225711101,0.001082033,0.005349421,,,
4053590,,10.664394499005976,0.001092176,0.005397001,,,
4001454,,10.66243081999968,0.001093336,0.005400166,,,
40479608,,10.659170852136615,0.001095265,0.005407122,,,
4136228,,10.647457449460088,0.001102223,0.005438891,,,
440546,,10.623821025446514,0.001116401,0.005506237,,,
36717036,,10.620123267642573,0.001118636,0.005514642,,,
4272156,,10.618078679778995,0.001119873,0.005518125,,,
45757303,,10.615547874742347,0.001121407,0.005520447,,,
259852,,10.615547874742347,0.001121407,0.005520447,,,
4093950,,10.59125462821428,0.001136238,0.00559081,,,
4138962,,10.573738626337931,0.001147055,0.005641361,,,
4043395,,10.568947166565124,0.001150032,0.005653327,,,
37207869,,10.533746985907149,0.001172143,0.005759297,,,
36715479,,10.491264539988846,0.001199403,0.00589045,,,
72407,,10.48910885786634,0.001200803,0.00589454,,,
4053272,,10.48228001852053,0.001205249,0.005913574,,,
4011012,,10.472283402585544,0.001211788,0.005942853,,,
4107554,,10.468234273878798,0.001214447,0.005953084,,,
372912,,10.465989576775543,0.001215924,0.005957511,,,
4138290,,10.44598339,0.001229164,0.006019546,,,
438130,,10.440492407741603,0.001232824,0.006034624,,,
4197477,,10.408537308316271,0.001254341,0.006137056,,,
374952,,10.342741774382995,0.001299848,0.006353725,,,
435696,,10.342741774382995,0.001299848,0.006353725,,,
201478,,10.323616513737916,0.001313387,0.006416885,,,
201518,,10.320852225165426,0.001315355,0.006423484,,,
4080762,,10.298158722035932,0.00133163,0.006499906,,,
40484102,,10.284420510895005,0.001341581,0.006545406,,,
4134309,,10.274903083926722,0.00134852,0.006576169,,,
4167085,,10.267596681853568,0.00135387,0.006599166,,,
4271003,,10.254474609701791,0.001363535,0.006640043,,,
4160354,,10.254474609701791,0.001363535,0.006640043,,,
36712963,,10.243581191471527,0.00137161,0.006673116,,,
24230,,10.243581191471527,0.00137161,0.006673116,,,
438112,,10.241658063982346,0.001373041,0.006676951,,,
261324,,10.221644340212096,0.00138802,0.006746636,,,
4033045,,10.214236947292147,0.001393606,0.006770621,,,
437295,,10.201472232606482,0.001403286,0.006814461,,,
4176946,,10.191443253708565,0.001410938,0.006848422,,,
254068,,10.16790133449357,0.001429069,0.006933184,,,
195976,,10.159815214804176,0.00143535,0.006947442,,,
443870,,10.159815214804176,0.00143535,0.006947442,,,
440984,,10.159815214804176,0.00143535,0.006947442,,,
4219010,,10.159815214804176,0.00143535,0.006947442,,,
436833,,10.159815214804176,0.00143535,0.006947442,,,
4248277,,10.123180304488033,0.001464161,0.007083597,,,
4338669,,10.085275803481167,0.001494588,0.007227435,,,
4170145,,10.068781140786102,0.001508028,0.007289034,,,
4111716,,10.053510225943942,0.001520579,0.007346286,,,
434203,,10.038640331797959,0.001532903,0.007402383,,,
319825,,10.028080025684305,0.001541717,0.007441486,,,
193402,,10.020453801422038,0.001548113,0.007468892,,,
199859,,9.999211386454384,0.001566073,0.007552032,,,
4173780,,9.997643579557177,0.001567407,0.007554958,,,
373203,,9.952266317991041,0.001606515,0.007739872,,,
4066941,,9.944685198685882,0.001613145,0.00776821,,,
45763750,,9.942476572234204,0.001615081,0.007773934,,,
4054063,,9.935381022773178,0.001621319,0.007800344,,,
76508,,9.919283056873077,0.001635561,0.007865223,,,
441153,,9.889068462072624,0.001662635,0.007991723,,,
4344398,,9.885955793,0.00166545,0.00799416,,,
4150300,,9.885955793,0.00166545,0.00799416,,,
432593,,9.885955793,0.00166545,0.00799416,,,
4095168,,9.883859147485671,0.001667349,0.007999579,,,
3656971,,9.878686146353573,0.001672043,0.008018399,,,
4154168,,9.857473123075804,0.001691433,0.008103904,,,
4219865,,9.857473123075804,0.001691433,0.008103904,,,
321822,,9.852500171554272,0.001696011,0.008122095,,,
317510,,9.822324018726324,0.001724064,0.008252634,,,
77963,,9.816687106727173,0.001729356,0.008274155,,,
4169954,,9.794646811083458,0.001750206,0.008370061,,,
432461,,9.789315839269733,0.001755288,0.008390501,,,
4111552,,9.772121069,0.001771779,0.008465439,,,
197603,,9.765355761766592,0.001778311,0.008492743,,,
45763759,,9.754975145600689,0.001788381,0.008536909,,,
4126297,,9.739332038072899,0.001803664,0.008605913,,,
433749,,9.735579736,0.00180735,0.008615588,,,
4151937,,9.735579736,0.00180735,0.008615588,,,
45763824,,9.717100972662445,0.001825613,0.008698655,,,
4300704,,9.701326352186454,0.001841351,0.008769622,,,
4009186,,9.674296982692356,0.001868638,0.008895502,,,
4334248,,9.652929054,0.001890499,0.008995451,,,
4057432,,9.637021566799937,0.001906942,0.009069539,,,
77965,,9.608665167762027,0.001936614,0.009206445,,,
45766121,,9.564524685904008,0.001983736,0.009426145,,,
4086195,,9.549919707536953,0.001999582,0.009497099,,,
253321,,9.543337092,0.002006766,0.009526865,,,
4005764,,9.51981726,0.002032648,0.009642975,,,
197593,,9.519428209,0.002033079,0.009642975,,,
36674346,,9.502205804778038,0.00205225,0.009729464,,,
4239381,,9.468090122785942,0.002090769,0.009903042,,,
79904,,9.468090122785942,0.002090769,0.009903042,,,
4178395,,9.461464251433362,0.002098335,0.00993435,,,
4085156,,9.448374876,0.002113363,0.009996388,,,
3656984,,9.448374876,0.002113363,0.009996388,,,
4143351,,9.443706723841885,0.002118748,0.010003650243871173,,,
438782,,9.443706723841885,0.002118748,0.010003650243871173,,,
313006,,9.443706723841885,0.002118748,0.010003650243871173,,,
4168682,,9.443706723841885,0.002118748,0.010003650243871173,,,
434003,,9.420832477016951,0.002145341,0.010124606824570006,,,
4162993,,9.413459784990033,0.002153984,0.010160782259294211,,,
201620,,9.406844442,0.002161769,0.010192880325776662,,,
4029420,,9.397753983565824,0.002172514,0.010238897,,,
381575,,9.385111452,0.002187548,0.010305074,,,
4260535,,9.374888153948476,0.002199781,0.010358009527892682,,,
433758,,9.370197249162025,0.002205418,0.010379847125202176,,,
253796,,9.347161562739418,0.002233311,0.010506367906670871,,,
4243575,,9.345666283762203,0.002235134,0.010510185627712634,,,
42872891,,9.313106916993991,0.002275203,0.010693765,,,
443421,,9.305615083,0.002284526,0.010732728,,,
4176898,,9.304488502014992,0.002285931,0.010734476679034922,,,
197981,,9.295214710844101,0.002297532,0.010782554232650069,,,
40487059,,9.293819850379915,0.002299282,0.010782554232650069,,,
4032003,,9.293819850379915,0.002299282,0.010782554232650069,,,
4342896,,9.283093516546163,0.002312785,0.010840586264559218,,,
78228,,9.282334745784022,0.002313743,0.010840586264559218,,,
36684817,,9.266947520266173,0.002333262,0.010922190596086755,,,
45757744,,9.266947520266173,0.002333262,0.010922190596086755,,,
4108644,,9.259047795,0.002343348,0.010959529796718616,,,
40441585,,9.259047795,0.002343348,0.010959529796718616,,,
4134318,,9.248652159488245,0.002356688,0.011016960608272619,,,
46273463,,9.241488885607517,0.002365925,0.011055167749999201,,,
432301,,9.229336159,0.00238168,0.011123782775525906,,,
4182198,,9.221677652909367,0.002391663,0.011165391364124366,,,
140490,,9.207840032654007,0.002409809,0.011238283756103027,,,
4319889,,9.207840032654007,0.002409809,0.011238283756103027,,,
4288676,,9.206477742246475,0.002411602,0.011238283756103027,,,
37207927,,9.206477742246475,0.002411602,0.011238283756103027,,,
4319328,,9.192548988324246,0.002430023,0.011319047,,,
80269,,9.145658808585614,0.002493089,0.011607605955331935,,,
4296611,,9.127790603874583,0.002517556,0.011716273564898839,,,
4347174,,9.117126294296986,0.002532274,0.011773083467194136,,,
75908,,9.116485581,0.002533162,0.011773083467194136,,,
36714927,,9.116485581,0.002533162,0.011773083467194136,,,
4076794,,9.101448165265477,0.002554072,0.011864960134307172,,,
140173,,9.092665429740673,0.002566366,0.011916744348262084,,,
77630,,9.083632534764678,0.002579073,0.011970398407919716,,,
3656064,,9.069563634789452,0.002598991,0.012057461,,,
432582,,9.040947886239257,0.002639987,0.012242189738293361,,,
762217,,9.036600559,0.002646273,0.012265863100872531,,,
4343913,,9.031894465,0.002653094,0.012281047360797605,,,
4340964,,9.031894465,0.002653094,0.012281047360797605,,,
441712,,9.031894465,0.002653094,0.012281047360797605,,,
36687193,,9.029925822896857,0.002655953,0.012288806453434888,,,
4149353,,9.027077324603525,0.002660095,0.012302493260943159,,,
45757690,,9.007272230998687,0.002689075,0.012413763,,,
46270368,,9.007272230998687,0.002689075,0.012413763,,,
438086,,9.007272230998687,0.002689075,0.012413763,,,
194691,,9.007272230998687,0.002689075,0.012413763,,,
256722,,9.006557459,0.002690126,0.012413763,,,
257503,,8.998984323717824,0.002701297,0.012459777041007468,,,
4138299,,8.992512400540043,0.00271088,0.012498433522071044,,,
4254542,,8.977149425200574,0.002733768,0.012598367,,,
4155029,,8.950412317,0.00277407,0.012773386,,,
440642,,8.948705538,0.002776663,0.012773386,,,
140099,,8.948705538,0.002776663,0.012773386,,,
201136,,8.948705538,0.002776663,0.012773386,,,
379812,,8.943619822419066,0.002784404,0.012803330002522439,,,
374357,,8.929464994,0.002806065,0.012897227140069283,,,
4302223,,8.915248785954313,0.002827993,0.012992264,,,
4150042,,8.910234359685218,0.002835769,0.013022230830840345,,,
45767623,,8.888914689280675,0.002869072,0.013169345766938987,,,
437400,,8.886031371,0.002873607,0.013184335840365784,,,
4059452,,8.884151334278151,0.002876567,0.013192094754423636,,,
4069651,,8.837835205302609,0.002950489,0.013525136,,,
434311,,8.830820934497675,0.002961851,0.013571233,,,
381504,,8.797422532392655,0.003016564,0.013815837259826514,,,
40480946,,8.786768521001957,0.003034233,0.013884520144409933,,,
377566,,8.786768521001957,0.003034233,0.013884520144409933,,,
194703,,8.758637776,0.003081391,0.014094109744351959,,,
43020446,,8.738185547742187,0.003116144,0.014246798412272884,,,
4182370,,8.726543370329043,0.003136105,0.014331750995997327,,,
4312493,,8.724688418951898,0.003139297,0.014333732843629288,,,
4335891,,8.724688418951898,0.003139297,0.014333732843629288,,,
435269,,8.717909201420065,0.003150992,0.014374499,,,
197806,,8.717909201420065,0.003150992,0.014374499,,,
378523,,8.704731773675917,0.003173851,0.014470483922040913,,,
440129,,8.704176834355358,0.003174817,0.014470483922040913,,,
40492458,,8.699785449,0.003182475,0.014499027138609337,,,
433740,,8.696135725790374,0.003188854,0.014521720850353855,,,
200779,,8.694882543508387,0.003191047,0.014525343116461108,,,
4302686,,8.681420914169697,0.003214703,0.014626331372729487,,,
376123,,8.680658497566519,0.003216048,0.014626331372729487,,,
4069943,,8.672882902,0.003229798,0.014682443384806485,,,
46273478,,8.658449851178911,0.003255481,0.014792724768843931,,,
198464,,8.595152680929509,0.00337059,0.015309076231476247,,,
4201390,,8.592836684269116,0.003374879,0.015321861516340105,,,
45771090,,8.577443978445308,0.003403528,0.015445180765849612,,,
45763779,,8.574851478780026,0.003408378,0.015460436416778488,,,
45767042,,8.570547538095388,0.003416444,0.015483509,,,
40482713,,8.570547538095388,0.003416444,0.015483509,,,
378439,,8.551373434653543,0.003452616,0.015640623007288034,,,
434176,,8.545988742163798,0.003462845,0.015680122,,,
439981,,8.541510253343038,0.003471375,0.015705062159112552,,,
4300243,,8.541510253343038,0.003471375,0.015705062159112552,,,
444272,,8.535321018393565,0.003483199,0.015751698438421988,,,
4296728,,8.533252920346909,0.003487159,0.015762747218946785,,,
197237,,8.532146154346396,0.00348928,0.015765477740036355,,,
45766941,,8.505157972410686,0.003541412,0.015994068,,,
376395,,8.466906280101911,0.00361666,0.016319727864154605,,,
375821,,8.466906280101911,0.00361666,0.016319727864154605,,,
135939,,8.457103293166467,0.003636205,0.016400799878968607,,,
4104563,,8.454491543911749,0.00364143,0.016417243,,,
4115181,,8.437664617450178,0.003675279,0.016555484828324512,,,
320429,,8.437664617450178,0.003675279,0.016555484828324512,,,
4059563,,8.407018378567221,0.003737752,0.016829599852855755,,,
138346,,8.401006653691102,0.003750133,0.016870727470147152,,,
4115179,,8.401006653691102,0.003750133,0.016870727470147152,,,
438476,,8.390919502908394,0.003771001,0.016949931722039627,,,
45757304,,8.390919502908394,0.003771001,0.016949931722039627,,,
4078384,,8.387264734790506,0.003778591,0.016976704659072278,,,
378765,,8.381736049697917,0.003790102,0.017021064285174442,,,
378421,,8.379872921,0.00379399,0.017031161542034545,,,
443629,,8.374268865,0.003805706,0.017076381645333556,,,
4135744,,8.368530884564136,0.003817741,0.01712299,,,
4260520,,8.360942142,0.003833717,0.017187226951410534,,,
261116,,8.360100181642867,0.003835494,0.017187777421276414,,,
4028998,,8.331592417813576,0.003896149,0.017451710892681098,,,
4169580,,8.330845953580544,0.00389775,0.017451710892681098,,,
4172432,,8.319422045,0.00392234,0.017554244305575055,,,
4065997,,8.315537060597743,0.003930738,0.017584257119384772,,,
4012588,,8.314469406,0.003933049,0.017587025319390492,,,
4126119,,8.311526355792083,0.003939427,0.017607968602097096,,,
4091714,,8.294650434216722,0.003976203,0.017734208194761014,,,
4309167,,8.294650434216722,0.003976203,0.017734208194761014,,,
443361,,8.294650434216722,0.003976203,0.017734208194761014,,,
193210,,8.294650434216722,0.003976203,0.017734208194761014,,,
436672,,8.294650434216722,0.003976203,0.017734208194761014,,,
4054550,,8.283987805,0.003999619,0.017823347,,,
75210,,8.283987805,0.003999619,0.017823347,,,
192956,,8.275862461714203,0.004017557,0.017895609432620772,,,
4150681,,8.274611037147919,0.004020327,0.017900275,,,
381291,,8.272717524660319,0.004024522,0.017911279,,,
135473,,8.265218257524287,0.00404118,0.017977716299275207,,,
200461,,8.257127545026874,0.004059231,0.018050289,,,
434926,,8.238893154,0.004100213,0.018224727187204928,,,
43021246,,8.181663484056495,0.004231594,0.018767738,,,
195301,,8.181663484056495,0.004231594,0.018767738,,,
4082029,,8.181663484056495,0.004231594,0.018767738,,,
4085332,,8.180968349788703,0.004233216,0.018767738,,,
40489826,,8.180968349788703,0.004233216,0.018767738,,,
4122178,,8.180968349788703,0.004233216,0.018767738,,,
37396808,,8.179937922455062,0.004235621,0.018770394,,,
4053585,,8.163512614053051,0.004274151,0.018925001429655277,,,
321389,,8.163512614053051,0.004274151,0.018925001429655277,,,
37309664,,8.160835540807561,0.004280465,0.018944884,,,
440977,,8.149362611,0.00430763,0.019056998644430657,,,
4117883,,8.145898157151299,0.004315867,0.019085316,,,
37312524,,8.144067451305734,0.004320227,0.019096467922030347,,,
36715679,,8.141403508233003,0.004326578,0.019116412002751333,,,
4117689,,8.137906971062794,0.004334929,0.019145170100279465,,,
4138156,,8.106317961,0.004411124,0.019473405921743882,,,
4067311,,8.090548344433559,0.00444967,0.019635231,,,
4068119,,8.086332134,0.004460034,0.019655923754106415,,,
376423,,8.086332134,0.004460034,0.019655923754106415,,,
4230779,,8.086332134,0.004460034,0.019655923754106415,,,
4221495,,8.077170204006826,0.004482639,0.019745503213667887,,,
43020664,,8.076555579,0.00448416,0.019745503213667887,,,
4048512,,8.071788671661979,0.004495971,0.01978913,,,
4004623,,8.055901088437452,0.004535568,0.019954962661033054,,,
40483811,,8.049593844,0.004551386,0.020016081409700112,,,
4134862,,8.038994879187271,0.004578093,0.020125019081263417,,,
43530691,,8.017579375325466,0.004632545,0.020347170015368704,,,
133436,,8.017579375325466,0.004632545,0.020347170015368704,,,
440603,,8.011619425055043,0.004647816,0.020371193236677094,,,
78706,,8.011619425055043,0.004647816,0.020371193236677094,,,
4091490,,8.011619425055043,0.004647816,0.020371193236677094,,,
194071,,8.011619425055043,0.004647816,0.020371193236677094,,,
40483847,,8.011619425055043,0.004647816,0.020371193236677094,,,
75343,,7.9994338147272925,0.004679198,0.020500094598639655,,,
4111710,,7.9967968421584255,0.004686017,0.02052132,,,
193242,,7.993991387768988,0.004693284,0.020541331199823418,,,
196463,,7.993506733196327,0.00469454,0.020541331199823418,,,
4001458,,7.988208862018998,0.004708297,0.020592855,,,
4001298,,7.985907432229829,0.004714286,0.020610374608162566,,,
4069320,,7.964505232858674,0.004770353,0.020846722932680258,,,
321315,,7.9295009540013215,0.004863521,0.021244938759291364,,,
4144112,,7.908975395629334,0.004919012,0.021478308893880027,,,
136915,,7.901783210906159,0.004938609,0.021554818147840327,,,
134460,,7.876056528961199,0.00500936,0.021854435369880992,,,
44782470,,7.861212722195123,0.005050651,0.022025329583943223,,,
45766947,,7.856963456526289,0.005062534,0.022058640587230918,,,
4065761,,7.856963456526289,0.005062534,0.022058640587230918,,,
40490984,,7.854166221,0.005070373,0.022083536,,,
4046448,,7.848176557962898,0.005087199,0.022147538183592566,,,
43020938,,7.842782483409637,0.005102401,0.022204417961115663,,,
4172076,,7.836869056800257,0.005119119,0.022267848353426645,,,
372654,,7.815215155004462,0.005180818,0.022526803475207777,,,
40483171,,7.812848417113623,0.005187607,0.02254689,,,
261255,,7.799465050811402,0.00522617,0.022705001,,,
441266,,7.798189956060741,0.00522986,0.022711534683066196,,,
4009329,,7.790418085148813,0.005252404,0.022799909065288313,,,
443239,,7.787023139894431,0.005262283,0.022833254413112052,,,
35615055,,7.7822445115158025,0.00527622,0.022884174,,,
80767,,7.777111139356419,0.005291234,0.022939719488429638,,,
194393,,7.757189534393155,0.005349914,0.023184449912548307,,,
436996,,7.751861841015016,0.00536572,0.023243250423404735,,,
372888,,7.734333602661639,0.005418056,0.023460180590096642,,,
312336,,7.730683405798178,0.00542902,0.023497864,,,
4108642,,7.721664863792799,0.005456206,0.023586060981858423,,,
80861,,7.721664863792799,0.005456206,0.023586060981858423,,,
4017107,,7.721664863792799,0.005456206,0.023586060981858423,,,
45766908,,7.710983480471537,0.005488584,0.023716160604132536,,,
443771,,7.703405093958535,0.005511675,0.023806038,,,
4029273,,7.6888380040333075,0.005556339,0.023988980180055124,,,
36715625,,7.673464324416613,0.005603876,0.024174132,,,
4160571,,7.673464324416613,0.005603876,0.024174132,,,
4053598,,7.671593734014573,0.005609689,0.024189164195893485,,,
435755,,7.646546663746744,0.005688111,0.024420071133472058,,,
4335159,,7.645792002828044,0.005690491,0.024420071133472058,,,
4153362,,7.645792002828044,0.005690491,0.024420071133472058,,,
377101,,7.645792002828044,0.005690491,0.024420071133472058,,,
4002497,,7.645792002828044,0.005690491,0.024420071133472058,,,
439971,,7.645792002828044,0.005690491,0.024420071133472058,,,
437523,,7.645593413884739,0.005691117,0.024420071133472058,,,
4180771,,7.645593413884739,0.005691117,0.024420071133472058,,,
436430,,7.645492066407656,0.005691437,0.024420071133472058,,,
440369,,7.645492066407656,0.005691437,0.024420071133472058,,,
432656,,7.645492066407656,0.005691437,0.024420071133472058,,,
4177387,,7.645492066407656,0.005691437,0.024420071133472058,,,
381308,,7.640196064558248,0.005708171,0.024481765,,,
253815,,7.635888591734293,0.005721819,0.024518746,,,
4106683,,7.635241512821964,0.005723872,0.024518746,,,
4043388,,7.635241512821964,0.005723872,0.024518746,,,
45770891,,7.625591011,0.005754581,0.024630991,,,
3656899,,7.624032434097634,0.005759556,0.024630991,,,
4058347,,7.624032434097634,0.005759556,0.024630991,,,
434277,,7.624032434097634,0.005759556,0.024630991,,,
443795,,7.613140774,0.005794447,0.02477001,,,
36712845,,7.597146517822154,0.005846075,0.024980433,,,
437448,,7.585531174928264,0.005883862,0.025131565,,,
4064028,,7.582238270702967,0.00589462,0.025167170626056744,,,
440321,,7.579928511244645,0.005902178,0.025189090255133467,,,
375285,,7.576258672,0.005914207,0.025230064037850122,,,
4068847,,7.570901274501311,0.005931812,0.025294783,,,
4216188,,7.552739082005672,0.005991893,0.025539007,,,
73231,,7.552105711956452,0.005993999,0.025539007,,,
440058,,7.550264804085263,0.006000126,0.025554634,,,
438725,,7.543902402388307,0.006021349,0.025634518074461706,,,
377263,,7.540624707729385,0.006032312,0.025670675872161337,,,
441246,,7.526844007471841,0.00607863,0.025841220022479065,,,
192854,,7.526351497401622,0.006080292,0.025841220022479065,,,
437854,,7.525746394658609,0.006082335,0.025841220022479065,,,
4078543,,7.525746394658609,0.006082335,0.025841220022479065,,,
377802,,7.524660265950728,0.006086003,0.025846237962244875,,,
40491988,,7.521856388963635,0.006095483,0.025875923661784678,,,
377883,,7.5012024009309375,0.006165781,0.026156158,,,
4237198,,7.500983563,0.006166531,0.026156158,,,
4146239,,7.466771490184338,0.006284816,0.026647003118960563,,,
381281,,7.462202903070234,0.006300785,0.026697818,,,
4246290,,7.461873463,0.006301939,0.026697818,,,
4009436,,7.446458596427885,0.006356139,0.026916460507799313,,,
4077895,,7.444378802269961,0.006363488,0.026936605,,,
45766765,,7.4235990931702505,0.006437392,0.027238347548554136,,,
443767,,7.417066249,0.006460807,0.027326296853555452,,,
40482266,,7.406504600118286,0.006498847,0.027476003082626828,,,
4048028,,7.398009769117382,0.006529608,0.027594829639825524,,,
440820,,7.3968893852673006,0.006533676,0.027600798,,,
37207926,,7.3785829188710546,0.006600516,0.027871565958207584,,,
4144389,,7.377868994648524,0.006603137,0.027871565958207584,,,
45757758,,7.373914662657256,0.006617672,0.027898923,,,
4039744,,7.373914662657256,0.006617672,0.027898923,,,
4104196,,7.373914662657256,0.006617672,0.027898923,,,
4069653,,7.3707383600334415,0.006629371,0.027936910593437128,,,
40483183,,7.365734433852259,0.006647844,0.027997295,,,
4340960,,7.365397975600585,0.006649088,0.027997295,,,
40488783,,7.359008424240983,0.006672758,0.028085582,,,
437904,,7.352682777194132,0.006696276,0.028161755972073283,,,
439155,,7.352682777194132,0.006696276,0.028161755972073283,,,
40483107,,7.335704968669934,0.006759816,0.028417480103305196,,,
4119189,,7.329615886,0.006782755,0.028502380657472275,,,
440228,,7.3206801352227835,0.006816561,0.028632862769414118,,,
40482236,,7.2929388473837875,0.006922614,0.029058627225851934,,,
4187364,,7.290529801767692,0.006931903,0.029058627225851934,,,
4159165,,7.290529801767692,0.006931903,0.029058627225851934,,,
4022076,,7.290529801767692,0.006931903,0.029058627225851934,,,
37016176,,7.290529801767692,0.006931903,0.029058627225851934,,,
79938,,7.2755263029313095,0.006990041,0.029290526138852673,,,
4112852,,7.273937049141171,0.006996228,0.029304636879855493,,,
441513,,7.235162783300793,0.007148933,0.029932195723273516,,,
4116759,,7.218850657438312,0.007214189,0.030193252917613756,,,
252758,,7.208457505569039,0.007256083,0.030356365892422237,,,
438269,,7.182720172157422,0.007360902,0.030749045,,,
4143480,,7.182720172157422,0.007360902,0.030749045,,,
4048393,,7.182582467303009,0.007361467,0.030749045,,,
435149,,7.182506100836183,0.007361781,0.030749045,,,
77162,,7.180071177,0.007371778,0.030778433,,,
381572,,7.175968108318835,0.007388657,0.030836514,,,
137858,,7.167196140391445,0.007424873,0.030975224934053847,,,
46270529,,7.164223902,0.007437186,0.031014140405884502,,,
46273829,,7.1592603904673044,0.007457794,0.031087604,,,
437402,,7.1554243458591476,0.007473761,0.031141670040282215,,,
440005,,7.149963086226064,0.007496553,0.031224119645602653,,,
444038,,7.1472867253089625,0.007507748,0.031245703261464038,,,
4276801,,7.1472867253089625,0.007507748,0.031245703261464038,,,
133853,,7.144720009977837,0.007518501,0.031277928,,,
37116510,,7.138409157,0.007545006,0.031375632586850784,,,
36686288,,7.124908530684671,0.007602029,0.031562240685886034,,,
4088757,,7.124908530684671,0.007602029,0.031562240685886034,,,
436585,,7.124908530684671,0.007602029,0.031562240685886034,,,
4115836,,7.124908530684671,0.007602029,0.031562240685886034,,,
4100425,,7.107799142784961,0.007674928,0.031852178,,,
4143024,,7.104142074310047,0.007690603,0.031864613979750475,,,
4059297,,7.104125185855623,0.007690675,0.031864613979750475,,,
46270365,,7.103523733,0.007693256,0.031864613979750475,,,
376402,,7.103523733,0.007693256,0.031864613979750475,,,
37207925,,7.103523733,0.007693256,0.031864613979750475,,,
252351,,7.0893799003475495,0.007754207,0.032099727912567495,,,
134668,,7.088919713537079,0.007756199,0.032099727912567495,,,
436948,,7.0687596497952105,0.007843954,0.032449988,,,
438039,,7.0622037208187844,0.00787271,0.032555988079233045,,,
37207960,,7.059957386918266,0.007882587,0.032583869063470605,,,
435514,,7.052474439554611,0.007915583,0.032707252374145825,,,
4290822,,6.989996893168453,0.00819665,0.033855160040200866,,,
195867,,6.9869171800644185,0.008210765,0.03389999,,,
40479244,,6.958076179,0.008344171,0.03440977,,,
4182983,,6.958076179,0.008344171,0.03440977,,,
444234,,6.958076179,0.008344171,0.03440977,,,
376405,,6.950584471,0.008379185,0.034540458,,,
4149782,,6.947772396824308,0.008392367,0.034581078177482426,,,
432837,,6.944307602135727,0.008408638,0.034634389,,,
4004672,,6.943544618652826,0.008412225,0.034635437,,,
436581,,6.933266610789732,0.008460702,0.034821233453905136,,,
4126292,,6.926517933477662,0.008492688,0.034911397,,,
4263710,,6.926517933477662,0.008492688,0.034911397,,,
31609,,6.926517933477662,0.008492688,0.034911397,,,
43530718,,6.920962246,0.008519112,0.035006175,,,
135287,,6.917602261709011,0.008535134,0.035050291291167636,,,
46273238,,6.917296402495544,0.008536594,0.035050291291167636,,,
4013605,,6.901924371312684,0.008610302,0.035338964534282424,,,
380731,,6.900236037645664,0.008618437,0.035358388,,,
4243593,,6.896639730633069,0.008635792,0.035415606,,,
45757291,,6.891320830020509,0.008661524,0.035507125,,,
45770902,,6.881345953116266,0.008709995,0.035691745,,,
136368,,6.879228612687523,0.008720319,0.035719967,,,
4245385,,6.872806505658526,0.008751711,0.035834427,,,
44784251,,6.8681553274771705,0.008774518,0.035913663,,,
197444,,6.8606855977116545,0.008811273,0.036049903,,,
134898,,6.855091415338721,0.008838903,0.036148714779660224,,,
4151524,,6.812168660802536,0.009053874,0.036998765246956555,,,
45769830,,6.812168660802536,0.009053874,0.036998765246956555,,,
45768908,,6.79966543,0.009117496,0.037244109,,,
432250,,6.785425945917105,0.00919051,0.037527614,,,
4297668,,6.775402900910364,0.009242263,0.037724113,,,
46269831,,6.766711099553277,0.009287383,0.037893398712401986,,,
195480,,6.7569996797274126,0.009338064,0.038085228,,,
4150489,,6.754586467736543,0.009350702,0.038121809,,,
36716654,,6.693277188686567,0.009677714,0.039439532,,,
200452,,6.689835940203549,0.009696413,0.039500244,,,
45757235,,6.682850645244945,0.009734483,0.039627836,,,
4130588,,6.682689917874413,0.00973536,0.039627836,,,
438767,,6.681925720274668,0.009739535,0.039629305,,,
4160276,,6.681122523325392,0.009743924,0.039631648524614385,,,
439018,,6.67172438,0.009795437,0.039810004,,,
194209,,6.67172438,0.009795437,0.039810004,,,
200451,,6.670990809,0.00979947,0.039810824,,,
4298740,,6.667887827,0.009816546,0.039864613,,,
437954,,6.6538694553369355,0.009894073,0.040163751,,,
194403,,6.650191368152306,0.009914518,0.040231029,,,
4219643,,6.615202720920571,0.010111182884092322,0.041013042,,,
4284559,,6.613132397072563,0.010122944379521515,0.041044728049936634,,,
37396201,,6.5802933682546945,0.010311389662822388,0.041792497,,,
4028253,,6.555414799341987,0.010456546055543546,0.042311817775024026,,,
434154,,6.551388077177418,0.010480236619795212,0.042311817775024026,,,
4311280,,6.551388077177418,0.010480236619795212,0.042311817775024026,,,
40490974,,6.551388077177418,0.010480236619795212,0.042311817775024026,,,
37116623,,6.551388077177418,0.010480236619795212,0.042311817775024026,,,
4207307,,6.551388077177418,0.010480236619795212,0.042311817775024026,,,
4096625,,6.551388077177418,0.010480236619795212,0.042311817775024026,,,
440270,,6.551388077177418,0.010480236619795212,0.042311817775024026,,,
4184438,,6.551388077177418,0.010480236619795212,0.042311817775024026,,,
4020879,,6.551388077177418,0.010480236619795212,0.042311817775024026,,,
377556,,6.5503567218917915,0.010486313279741468,0.04231991,,,
46269732,,6.544792007115417,0.010519162513196857,0.042395525,,,
201780,,6.544418990571263,0.010521368248515505,0.042395525,,,
72988,,6.544418990571263,0.010521368248515505,0.042395525,,,
4159691,,6.544418990571263,0.010521368248515505,0.042395525,,,
4061735,,6.531599815289599,0.01059746,0.042685583,,,
140090,,6.514943938,0.010697169413562545,0.043070509,,,
198809,,6.511639728390315,0.010717063964372464,0.0431339,,,
4104668,,6.509359708309924,0.010730814023219312,0.043139118,,,
72991,,6.509359708309924,0.010730814023219312,0.043139118,,,
36715618,,6.509359708309924,0.010730814023219312,0.043139118,,,
140362,,6.499999781376926,0.010787450581124817,0.043350033,,,
4031111,,6.493451952897184,0.010827253439344956,0.043493165,,,
195212,,6.473501798,0.010949457521625459,0.043949501,,,
4102492,,6.472152889578616,0.010957771,0.043949501,,,
4155073,,6.472152889578616,0.010957771,0.043949501,,,
46269756,,6.472152889578616,0.010957771,0.043949501,,,
4314637,,6.466251195956948,0.010994220674122349,0.044061682,,,
4008519,,6.466251195956948,0.010994220674122349,0.044061682,,,
4110948,,6.464509744807566,0.011004999831349437,0.044071227,,,
433681,,6.464496137378795,0.011005084100688732,0.044071227,,,
375274,,6.463353741760036,0.011012161195015965,0.044082581,,,
192855,,6.456692883,0.011053518030414447,0.044231097,,,
4344621,,6.400048207,0.011411726513278764,0.045646906053115055,,,
378764,,6.394589293639628,0.011446871012285963,0.045769867,,,
4073658,,6.383083822594641,0.011521307552572954,0.04604978,,,
4212887,,6.374209542446736,0.011579060465387266,0.046262821,,,
4068616,,6.371531724702193,0.011596545733644768,0.046314874,,,
4059290,,6.366820120796934,0.011627376788019766,0.046420169,,,
374922,,6.3617695344740515,0.011660519482760548,0.046534608,,,
31821,,6.351004603,0.011731484608104411,0.046799842,,,
200775,,6.339667989822298,0.011806697903442517,0.047081813,,,
4279913,,6.337615461799973,0.011820368344373304,0.047118246,,,
377288,,6.336166021801443,0.011830032,0.047138685119822145,,,
434675,,6.330810671463353,0.011865807,0.047263113,,,
45766781,,6.319707096074341,0.011940335062205156,0.047541747879860534,,,
138582,,6.316277898986594,0.011963449237041356,0.047615536,,,
312902,,6.3121563074574185,0.011991291244385922,0.047708078,,,
4048485,,6.3019979491799765,0.012060197043554934,0.047963861,,,
441155,,6.2948109687657094,0.012109193021342949,0.048140296,,,
40489908,,6.273470937866958,0.012255883239165759,0.048704833,,,
4101425,,6.262284310477836,0.012333507493510944,0.048969944,,,
192885,,6.262188524302349,0.012334174,0.048969944,,,
136917,,6.261821277,0.012336731358235027,0.048969944,,,
373478,,6.2610016147859335,0.01234244,0.048973898537374286,,,
440703,,6.256040090220723,0.012377056,0.049092505036609786,,,
40478938,,6.250809801967112,0.012413654203832324,0.049218884,,,
40481842,,6.249563557096494,0.012422391079835214,0.049234739931978466,,,
46270416,,6.231239033217948,0.012551588161919806,0.049652114,,,
4269485,,6.231239033217948,0.012551588161919806,0.049652114,,,
374748,,6.231239033217948,0.012551588161919806,0.049652114,,,
4039212,,6.231239033217948,0.012551588161919806,0.049652114,,,
438460,,6.231239033217948,0.012551588161919806,0.049652114,,,
4194894,,6.224883644379157,0.012596718612706503,0.049811681820108825,,,
4038530,,6.222634410215808,0.012612730638588828,0.049824236,,,
373463,,6.222417356326317,0.012614276925057661,0.049824236,,,
139970,,6.222417356326317,0.012614276925057661,0.049824236,,,
4044215,,6.219773913891228,0.012633124382692406,0.049879722106739924,,,
37016367,,6.217165029471626,0.012651753818652248,0.049934305,,,