,condition_concept_id,chi2,p_value,p_adj
3,138825,778.757658507247,2.241847591148788e-171,1.904897898199125e-167
276,4282096,665.6060806927437,9.018979317674028e-147,3.831713363113811e-143
159,141932,591.0116298174318,1.5096126040833435e-130,4.27572609896539e-127
142,4223659,561.8855270478241,3.269299403721049e-124,6.944809258354438e-121
123,442077,521.3027624478373,2.2034811810153104e-115,3.7445959190174188e-112
13,432867,502.3076432574942,2.9914103283322513e-111,4.2363355933065235e-108
199,140648,497.8500186723797,2.7910321099111e-110,3.387914262559231e-107
241,135777,475.6729313457237,1.867725052113536e-105,1.983757470976089e-102
84,764123,448.35951191146444,1.641090812342804e-99,1.5493720702752008e-96
152,437113,441.6847686074485,4.653473154363304e-98,3.9540561392625e-95
328,381270,433.15055451166256,3.3510111768811126e-96,2.5885038154508015e-93
134,313217,430.25521258104976,1.4300166201079063e-95,1.0125709350880733e-92
253,79908,428.947347068328,2.7542192374925947e-95,1.8002000662288138e-92
183,442588,423.6037091712759,4.009260032832355e-94,2.4333344642126086e-91
367,433316,402.893595719362,1.2913407077253707e-89,7.31501466236165e-87
44,194133,401.85648581595075,2.1717175393957042e-89,1.1533177457653312e-86
258,4144111,391.85659660210143,3.2635957839542833e-87,1.6312219633093852e-84
106,374375,364.13205045050194,3.546956860625846e-81,1.629308662909934e-78
252,75860,364.0786132236818,3.6432699300092676e-81,1.629308662909934e-78
284,4111231,359.40289812230594,3.798406769928579e-80,1.613753116204157e-77
94,312437,354.9598767776014,3.5243378574857313e-79,1.4260142273836316e-76
12,320128,352.375981431917,1.2874812589922265e-78,4.9726037534804316e-76
129,36714126,345.54749226331364,3.9514251684943526e-77,1.4597938981172398e-74
347,372629,339.43947214282997,8.451696379161063e-76,2.992252672238815e-73
652,4154290,330.3566864221248,8.037124658763919e-74,2.7316579290206808e-71
368,140673,312.04247101817316,7.839543317392844e-70,2.562023060303346e-67
10,81902,302.9974536617927,7.323822412093389e-68,2.3048340383539824e-65
64,439777,302.0497036645457,1.1781889888586183e-67,3.5753827994041713e-65
32,436962,300.99188273316463,2.0029711785290822e-67,5.868705553090211e-65
109,77670,300.31029070545145,2.8194837204216997e-67,7.985717724141061e-65
118,434613,296.30724046264237,2.100466041244082e-66,5.757309662080956e-64
124,4077577,293.2170640686579,9.89920374587612e-66,2.6285479446471684e-63
987,4092743,292.3429025484394,1.5348502643847375e-65,3.9520068777203376e-63
160,80502,286.5998697747737,2.7379704130535225e-64,6.842510176386995e-62
268,436096,270.1353017264989,1.0602807050928953e-60,2.5740586146212377e-58
382,4171917,266.2215442165508,7.558373854116958e-60,1.7839861844008832e-57
513,372448,265.71434645205244,9.749357703339962e-60,2.238926821764315e-57
210,439297,263.0047428002392,3.7981153010329413e-59,8.350786159371243e-57
157,378427,262.98658311804525,3.832889963698699e-59,8.350786159371243e-57
693,4174262,261.2342698682055,9.235856765608416e-59,1.9619268734343679e-56
89,40483107,258.7672622831756,3.185854485536066e-58,6.602489161853648e-56
22,762294,255.17766807894765,1.9306634905557917e-57,3.905916114107753e-55
191,196523,254.26561383584823,3.051603993868824e-57,6.0301114269542785e-55
575,443211,252.58814814512118,7.082905160285342e-57,1.367805571521467e-54
325,4141360,248.35243686948493,5.937832734118405e-56,1.1211947720400909e-53
117,200843,247.82719407010924,7.72928077113358e-56,1.427732580702653e-53
53,437827,243.80116348050717,5.833225211272734e-55,1.0545726514932855e-52
4,378253,239.15604949340897,6.007941955464116e-54,1.063530891574554e-51
26,31317,236.7450632645349,2.0157972062270624e-53,3.495556910471704e-51
226,320420,233.20671446731944,1.1913303326511133e-52,2.0245467673073019e-50
141,313459,231.65060107921425,2.6024325901702456e-52,4.335856807583643e-50
998,436665,228.2827559010209,1.4120525644586637e-51,2.307348200039474e-49
88,4172432,228.06761003028805,1.5731574351823074e-51,2.5220978729705783e-49
1099,443454,227.04574250298597,2.6280561375733092e-51,4.135295000177853e-49
570,136788,224.41776040921246,9.835577148847188e-51,1.5195072551591737e-48
56,78232,224.1517532500293,1.12413343427008e-50,1.705671748391584e-48
63,435796,222.7988795160644,2.217653664655565e-50,3.3058602085225144e-48
179,4110815,220.5790847725541,6.761937843383021e-50,9.906238940556126e-48
100,4170554,217.20749167540816,3.6772079608072546e-49,5.295802719149024e-47
260,24134,214.4374547728613,1.4783793618527005e-48,2.0936315729437325e-46
493,443597,213.93298190509262,1.9047481663465067e-48,2.6532205195813552e-46
281,80180,212.750077705195,3.450602436538024e-48,4.728994984397353e-46
832,438485,212.16012270586566,4.640870634887495e-48,6.2592821880379434e-46
1054,4067069,209.36498562970763,1.8897698580128658e-47,2.5089647630523937e-45
583,443782,207.17189447045777,5.68719042137143e-47,7.434470309291236e-45
267,4134121,206.0543383962459,9.970924353497457e-47,1.2836809732070892e-44
323,435515,205.36020873717257,1.4131541484702283e-46,1.792174746201721e-44
336,765131,199.84848518609414,2.2536988463226106e-45,2.816129279000474e-43
52,198803,199.20364011776587,3.1161412868117296e-45,3.8373699295709085e-43
551,139099,199.00601659416571,3.44146979770291e-45,4.1774526958688036e-43
265,443769,197.55980714738268,7.117911328657057e-45,8.51843557177451e-43
327,4268911,192.9013837993087,7.396839570047214e-44,8.729298031484887e-42
543,46271022,189.30159285468233,4.516267679814684e-43,5.256811845943201e-41
1708,4152384,189.0801334630505,5.048013828572582e-43,5.796347770456922e-41
54,35624213,186.50552602560094,1.841347009889616e-42,2.086123405737609e-40
71,193326,185.08370551514557,3.7629147201944315e-42,4.2070376812489584e-40
787,40405599,184.41753951241913,5.259630209923509e-42,5.804036090093514e-40
285,44782429,181.56527560289234,2.2063029315815164e-41,2.403455898672839e-39
1315,192450,179.72999096546607,5.551041607123316e-41,5.97053171338314e-39
307,75909,178.6913812423967,9.357299354054262e-41,9.938621576424883e-39
291,436222,177.31992403884692,1.8647190831899863e-40,1.956113339489545e-38
77,433595,177.2716255100471,1.910556182174972e-40,1.979755595114724e-38
426,4346975,174.00889666645622,9.85465865284033e-40,1.008855838231136e-37
242,442752,172.17921886549502,2.4729802338631648e-39,2.5015372675161086e-37
329,380378,171.96005226895943,2.761121540617042e-39,2.7601470271321185e-37
845,4288310,170.79740569184014,4.954587002761573e-39,4.895247181681987e-37
114,254761,168.32815532978384,1.715237920273607e-38,1.6752157021338895e-36
48,4061844,167.26985058502544,2.920693705915474e-38,2.820128911268612e-36
1274,4059015,165.76677446474298,6.22031063019751e-38,5.938649373571713e-36
121,40304526,165.1674273417277,8.408837439093952e-38,7.838166375776872e-36
346,45766207,165.1539721468635,8.465940220988417e-38,7.838166375776872e-36
237,4079750,165.1491128851334,8.486657721213042e-38,7.838166375776872e-36
579,4336254,163.22184645957094,2.237464264033017e-37,2.044272457149306e-35
194,321052,162.93168462650647,2.589081484949671e-37,2.3403644018741867e-35
460,316139,161.82462174783663,4.518602566152806e-37,4.0415332636421464e-35
476,375415,160.17704014508385,1.0350642940089077e-36,9.161397193951759e-35
31,435220,158.2553821426304,2.7216922307507786e-36,2.3841462767720994e-34
517,436659,157.87740369530735,3.291765397387592e-36,2.854094957306364e-34
90,198400,157.7141472369969,3.573563188221121e-36,3.067127920233825e-34
452,433577,152.59950196588315,4.6859957397349643e-35,3.9816905800527995e-33
39,4272240,151.87496702569436,6.747656420718718e-35,5.67671649572742e-33
248,436070,151.83957760357163,6.868906987974614e-35,5.722068889884343e-33
231,4033837,151.70013726286516,7.368238603565461e-35,6.0784391664558955e-33
727,377091,149.2564417897994,2.520498650169813e-34,2.0592958683166252e-32
155,137053,149.11761832167815,2.7029066245214743e-34,2.1872950084341874e-32
586,437833,148.18835484535316,4.314771543869089e-34,3.458737151722231e-32
193,319835,147.9619128406643,4.835671510040583e-34,3.840065497272414e-32
970,45768812,147.52864340522623,6.01407037489761e-34,4.731625553287499e-32
227,379010,145.28553170906963,1.8601032043690505e-33,1.4500272410572314e-31
349,31967,143.79544368874227,3.9383490837184035e-33,3.042195651305025e-31
598,435262,142.6108507968719,7.150185507486271e-33,5.4734347979379135e-31
1182,197672,141.87119488160084,1.0376368265448518e-32,7.872142959956791e-31
175,200219,141.6519586692442,1.1587324188435521e-32,8.713052533551914e-31
893,37110250,141.02618323887287,1.587876915635091e-32,1.1835254519431025e-30
150,135930,140.02285809684776,2.631571708232148e-32,1.9443882438998748e-30
972,4254485,138.2421572246116,6.451045729827698e-32,4.725390997098789e-30
1163,376966,136.59439116107993,1.4791261152942103e-31,1.0741995386029833e-29
981,4169095,136.4287437081702,1.607810496359041e-31,1.1577598125053195e-29
463,4228361,135.21195165372617,2.967396978265488e-31,2.1188211869178027e-29
434,44784217,135.11112988750833,3.121968261212421e-31,2.210613692960162e-29
342,437246,133.6768213032457,6.42937669245831e-31,4.514910227753575e-29
790,200845,132.7549994510896,1.0228708431275978e-30,7.124043896766555e-29
477,134736,132.1410834503539,1.3935508519198472e-30,9.626830559969871e-29
805,319041,132.0513808069697,1.45796402649578e-30,9.99058091381826e-29
246,376400,131.48563546063866,1.9387219437490578e-30,1.3178656284828595e-28
736,373503,128.9932735482101,6.804859500799598e-30,4.5889596173249354e-28
391,4282316,128.71731271624762,7.81990348630835e-30,5.231946450642681e-28
50,438720,128.5503595640322,8.506137972986233e-30,5.646613621598752e-28
345,4261842,127.83990789324139,1.216719264285374e-29,8.014312859405289e-28
1371,374919,125.0330972543326,5.0052859136805774e-29,3.271531877580297e-27
72,197320,123.38821941718143,1.1466758800034814e-28,7.437637368236322e-27
1193,432795,123.3665176304074,1.1592864524406648e-28,7.462467413930551e-27
34,762297,121.41621354225384,3.098131560823795e-28,1.9793100655879537e-26
1082,441259,120.38798995188672,5.202273420959732e-28,3.2987848699921526e-26
831,315078,120.34002628965715,5.329586314882211e-28,3.354481105004011e-26
373,320536,119.2615631366986,9.179145417993726e-28,5.734941074756816e-26
103,762289,117.52863550161678,2.1990218742055475e-27,1.3638750996441267e-25
68,132412,117.51323177881103,2.2161666867856882e-27,1.3645484302621734e-25
813,37017432,116.77632445462291,3.2133898279815342e-27,1.9643290193064098e-25
97,373478,116.15662084858906,4.392044376097161e-27,2.6656572188355414e-25
138,36713918,115.12286745208216,7.396945095863781e-27,4.457577480819471e-25
406,135618,114.96174880000515,8.023020710901657e-27,4.800817392995168e-25
320,4236484,114.16740930038546,1.1975866504465803e-26,7.116009628562652e-25
765,440704,114.1467724591943,1.210115364078194e-26,7.140521005953066e-25
1294,43531003,114.07461761856453,1.2549603345489218e-26,7.354067560456681e-25
1462,133810,113.6595570044698,1.5471679806209372e-26,9.004305706394591e-25
362,436785,112.14859859489664,3.3150847442537005e-26,1.9162091885662377e-24
1002,42537748,111.9279060094322,3.705423413759593e-26,2.1273636991023826e-24
7,197684,111.51744753639218,4.5577643191554296e-26,2.599149222809643e-24
1620,37206607,110.9427804765267,6.090343622744348e-26,3.432797702941546e-24
315,255848,110.93950416836813,6.100417243076067e-26,3.432797702941546e-24
2,45768910,110.4700124197975,7.730602707743013e-26,4.321508632085025e-24
500,40483287,110.26402636640277,8.57710849328603e-26,4.763378488068719e-24
559,321596,108.39116100109607,2.2063951942793344e-25,1.2173857120643835e-23
1553,193782,108.3765555952103,2.222713932765676e-25,1.2184774378522546e-23
1146,4101747,108.07314962810796,2.5903911359863022e-25,1.4109329155433085e-23
923,42538119,104.72810747442124,1.4009950183645444e-24,7.582327815951295e-23
20,318736,103.79583728340391,2.242758823442271e-24,1.206121628024619e-22
989,73754,103.77108790757384,2.2709504740624904e-24,1.2136016464219484e-22
872,317002,103.42263638002066,2.707633439537796e-24,1.437922583484541e-22
919,40479576,101.46741367600836,7.264878626119975e-24,3.834141222741703e-22
165,4228802,101.14858956877899,8.533567893034284e-24,4.475909036241501e-22
458,432870,100.36465473793942,1.2677028519209411e-23,6.608387198019777e-22
793,141941,99.25947057416519,2.2149485853198348e-23,1.1475864713086974e-21
860,4232697,97.7200643568805,4.81914396998287e-23,2.481713109875421e-21
545,75576,96.6422749611766,8.305580716538188e-23,4.2513565872545174e-21
15,4215402,96.14555999173331,1.0673998750946503e-22,5.430956130945655e-21
205,433440,96.11083906961807,1.0862844918478672e-22,5.494142456685314e-21
275,4301699,95.86003513657201,1.2329943999144022e-22,6.199262376374364e-21
1248,4181965,94.78004870654632,2.127592245537387e-22,1.0634206653135987e-20
295,436230,94.46742936315786,2.4915856579994695e-22,1.2380703705275725e-20
811,4298026,94.26055343287925,2.7660805483189046e-22,1.366475954596845e-20
25,4200238,94.19267053553057,2.8625869510307467e-22,1.4059769550814018e-20
1215,372887,93.85910169055947,3.388028249600757e-22,1.6544871285550362e-20
825,26662,92.67907603813813,6.150036640877221e-22,2.9861063621447853e-20
440,376065,91.99520201125742,8.688688641311087e-22,4.1947606468875174e-20
206,45766714,91.89007171148705,9.162756678277459e-22,4.398640875442009e-20
906,194081,91.6674513689349,1.025376512938442e-21,4.8947327137291804e-20
518,436676,91.49291381133585,1.1199251113828147e-21,5.3162031683909364e-20
74,314666,91.2660603519324,1.2559647843349641e-21,5.928851540274551e-20
883,201061,91.20906771849491,1.2926652580572124e-21,6.068384915863057e-20
147,4111409,90.92045438692546,1.4956553506698773e-21,6.982738194858213e-20
245,201826,90.8714600589762,1.5331516462896748e-21,7.118682807936265e-20
607,4079749,90.82504071469216,1.5695443090073613e-21,7.248053257410625e-20
42,4213540,90.73370224361369,1.643695606018527e-21,7.549449494237526e-20
546,314131,90.58214782259779,1.7745425941000294e-21,8.106606678531156e-20
125,4141454,90.11522886300442,2.2468559756328846e-21,1.0209377125643112e-19
1021,373474,89.64142642343177,2.854832825748344e-21,1.2902933255523235e-19
1095,4131963,89.31483455438399,3.3672470839960155e-21,1.5138358980272033e-19
190,30437,89.09900967208743,3.755389225581604e-21,1.6794495920929942e-19
665,43531578,89.04898184198947,3.851569370327272e-21,1.7134442376791008e-19
313,201618,88.2092257259296,5.888462506180081e-21,2.605951349740216e-19
264,78508,87.87233655534139,6.981833704623749e-21,3.0738155952429013e-19
620,4152351,87.48131532951558,8.507974676563893e-21,3.7104715852604083e-19
130,40481101,87.47962154189565,8.515263729855004e-21,3.7104715852604083e-19
740,42536696,87.37566638619701,8.974789706320718e-21,3.89075449666363e-19
656,432738,86.86219345019848,1.1635245254332972e-20,5.018511620612551e-19
930,437677,86.70548241777465,1.2594718663087399e-20,5.404915377790587e-19
60,4211231,85.95411145723702,1.8415991612529704e-20,7.863350790535924e-19
247,4193704,85.87282857235431,1.9188736547249518e-20,8.152334722098958e-19
353,4344500,85.72940872349551,2.063215390095918e-20,8.721960780917917e-19
1243,4299417,85.67617258417808,2.1195153039169985e-20,8.915604721476602e-19
697,381591,85.47244186581861,2.3495336066159532e-20,9.834476381978203e-19
911,433968,85.08555272950265,2.8573066896304117e-20,1.1901242618524318e-18
605,437584,84.94476528653652,3.068174551842789e-20,1.2717209349760086e-18
669,197988,84.50086231436902,3.8404729570810315e-20,1.5841018794328896e-18
1514,199075,84.37935183135508,4.083907134238352e-20,1.6763748270349408e-18
1111,4111921,84.16084274022607,4.561155997618878e-20,1.8632760822965197e-18
355,378735,84.0838665208469,4.742248794625156e-20,1.9279850721497585e-18
83,444101,84.00968244502977,4.923574986223872e-20,1.9921722218068687e-18
1534,4275423,83.83213748151923,5.3862066213130976e-20,2.169033064516464e-18
213,42537729,83.68179885513753,5.811785777697306e-20,2.3293747053346232e-18
2478,4307956,83.53433130595084,6.261899817206055e-20,2.497998251023467e-18
402,442793,83.40325458348053,6.69117432384788e-20,2.6567714126044592e-18
623,4317977,83.260900511865,7.190791135403733e-20,2.841867547791884e-18
372,4297894,83.23988560818619,7.267642787643226e-20,2.858942628083541e-18
180,4172970,83.15666502350943,7.58013545223518e-20,2.9681295362968814e-18
378,36684319,82.65971871049899,9.746740444965898e-20,3.7989932826089555e-18
82,443600,82.6487906313572,9.800775859710377e-20,3.802611528765254e-18
73,312998,82.6067292914971,1.0011565022181052e-19,3.866739454248746e-18
416,4338120,82.03730652927786,1.3354207406472064e-19,5.134420829538151e-18
357,377889,81.65957353479988,1.616667933046046e-19,6.1877601022938074e-18
606,440424,79.90852971857734,3.921500017411116e-19,1.494214603046738e-17
2404,374009,79.61717419457645,4.544579594820589e-19,1.723897000767435e-17
233,4155909,79.5604142752399,4.677030137389651e-19,1.7662544478844387e-17
503,136497,79.53574966135014,4.735782567010244e-19,1.7805285164551345e-17
333,200174,79.32708720063887,5.263312223235186e-19,1.970148192107021e-17
636,4096682,79.18188046733476,5.664724117769262e-19,2.1111035451177813e-17
170,140821,78.72267431204249,7.14705233137119e-19,2.6518997231293015e-17
354,443729,78.28341206125747,8.926833697579464e-19,3.297882866449248e-17
587,74132,78.16829879982535,9.462498478260995e-19,3.480642838518774e-17
2492,439935,78.04982358944557,1.0047402850800951e-18,3.6798612941058485e-17
1407,77079,77.86403686955266,1.1038292467439905e-18,4.02542365218184e-17
743,759853,76.6437127058006,2.0475690808654595e-18,7.435125846202483e-17
1546,30753,76.51920094440099,2.1808225649939e-18,7.885297589256668e-17
177,200962,76.17209605174129,2.5998970208775627e-18,9.360730926439259e-17
305,4109420,76.06290264620598,2.747710701806759e-18,9.851180520359508e-17
324,438398,75.77700456534713,3.1757804339277442e-18,1.1338069893732792e-16
1103,4180628,75.19249792714245,4.269864322133607e-18,1.5180350269945296e-16
554,77074,75.01172147614318,4.67927747316826e-18,1.6566591953962796e-16
1288,40326053,74.79269482431428,5.228280565012462e-18,1.8433485460958876e-16
24,4192174,74.684575529565,5.5225916318999674e-18,1.9390686403410754e-16
401,194406,74.42300625419375,6.3049934970325064e-18,2.2046720059376628e-16
294,36713926,74.14143097898013,7.271604626026877e-18,2.5322469060389496e-16
947,4201745,73.90471100121621,8.198042402101932e-18,2.8432149506391887e-16
1540,4320944,73.78695341013193,8.701985763857034e-18,3.0057224811176105e-16
1319,439254,73.61695599879971,9.484642094366627e-18,3.2627936791835317e-16
110,380706,73.54702316729893,9.826701968451287e-18,3.366834138142362e-16
195,435613,73.46141989016124,1.026225343767191e-17,3.501942468269005e-16
283,443612,73.16362705559155,1.1933479879112181e-17,4.055951141312648e-16
889,443601,73.00173780633244,1.2953573076382155e-17,4.37872217487658e-16
1396,4119307,72.99677186186074,1.2986206756136263e-17,4.37872217487658e-16
548,4170770,72.8699399923974,1.384813905473126e-17,4.648693012575548e-16
1094,319034,72.8630890687018,1.3896293105733663e-17,4.648693012575548e-16
576,4001450,72.84839827423652,1.4000117816200087e-17,4.665058866049104e-16
184,4224741,72.61433591047167,1.576298604605938e-17,5.231956735678381e-16
11,257012,72.38314178932134,1.7722142407711774e-17,5.859340234954356e-16
474,4271013,71.2123583466601,3.207725870009854e-17,1.0564359192819275e-15
169,137548,71.06881093862934,3.449806990944208e-17,1.1317764479557118e-15
560,4115171,70.93846661052453,3.6854186136932734e-17,1.2044231523289132e-15
710,438134,70.7459122851472,4.063255132189615e-17,1.3228152819239526e-15
993,4115027,70.57631483460725,4.4280151009180197e-17,1.4360627600190997e-15
419,42537730,70.09070148680684,5.66393281123801e-17,1.8299025512201284e-15
861,80813,70.02513765630972,5.855350398589005e-17,1.884580012757984e-15
927,36684613,69.61606262332513,7.204777667563084e-17,2.3101507864635292e-15
46,257007,69.59219051428386,7.292506423708973e-17,2.329489739934404e-15
612,27674,69.48844108013387,7.686364619899556e-17,2.4461063736062367e-15
126,137682,69.16914524931721,9.037083715066021e-17,2.865227624138656e-15
867,259848,68.67063458800484,1.1636077578271865e-16,3.675529783738886e-15
143,201340,68.0100268512441,1.6266624756460633e-16,5.119167057616518e-15
1180,4329041,67.73739922548543,1.867867260208543e-16,5.856556498152025e-15
229,36713107,67.59664713493126,2.0060842163745838e-16,6.266800583284868e-15
475,73840,67.4975051803663,2.109538589610755e-16,6.565842269568712e-15
1086,437390,67.28298708248956,2.352023067367789e-16,7.293846716578139e-15
131,255573,67.16036667216818,2.502956893288433e-16,7.73368171718975e-15
173,72418,66.65124305408376,3.2405184558858694e-16,9.976335260747186e-15
188,376208,66.18298924865918,4.1094385328047144e-16,1.2605739788173884e-14
75,372892,66.0523827498517,4.390967113495264e-16,1.342088041847815e-14
969,443919,65.96118358638799,4.598915032871208e-16,1.4006086392224605e-14
2002,197675,65.57747268558589,5.587379196856302e-16,1.6955700369888572e-14
453,434894,65.47461651745508,5.886731764524342e-16,1.7800555090093713e-14
23,4041283,65.28982271133825,6.465438260981769e-16,1.948114500126315e-14
644,4000609,65.27322684653151,6.520116321769575e-16,1.957647646151098e-14
240,441417,65.19272155453763,6.791992262918958e-16,2.032097121761352e-14
1328,4158911,65.17079723375481,6.867978721476842e-16,2.047621585838201e-14
925,374313,65.1587644116835,6.910043577225666e-16,2.0529594501988282e-14
1119,437541,64.91076350048462,7.836783677395987e-16,2.3201794741057036e-14
145,4033839,64.839125386925,8.126934939073525e-16,2.39772799226763e-14
891,4112752,64.63773223199463,9.00149927561936e-16,2.6465653752573603e-14
565,79864,64.47912921768715,9.756030657914097e-16,2.8585169827688304e-14
1491,759852,64.05890291826017,1.2075437619702695e-15,3.525944792254769e-14
78,435524,63.42765823653414,1.6636563178225135e-15,4.8411259358006504e-14
136,4089462,63.279581687926346,1.7935384014818967e-15,5.201261364297501e-14
532,4208390,63.15144975550875,1.9140856911074644e-15,5.531968067122491e-14
1581,4213271,62.92269552917131,2.1498071731950194e-15,6.192173406995959e-14
519,438120,62.8726567640947,2.2051236112713842e-15,6.330045717896268e-14
108,197381,62.81315875457878,2.2727532192201967e-15,6.502216869937377e-14
303,374366,62.28304792271356,2.9747477600949655e-15,8.482024066284202e-14
1592,133141,62.1698238519066,3.1507922363518738e-15,8.953940345244772e-14
595,81175,62.03641448214363,3.3716445122937445e-15,9.549621140319983e-14
216,439407,61.76749789374176,3.865016401351968e-15,1.0910645967537432e-13
1325,37119138,61.66585082950098,4.06977699568696e-15,1.1450627527268907e-13
47,257011,60.9296789929411,5.91503523345865e-15,1.658747669263965e-13
296,443563,60.63989593968989,6.853092466885764e-15,1.9154844306292218e-13
945,4155034,60.30749425307407,8.113789293773204e-15,2.2604218894816693e-13
1167,435243,60.30043567158838,8.142937725115042e-15,2.261128818637337e-13
667,0,60.21225167805778,8.51604699373488e-15,2.357030987158478e-13
1427,374367,60.18883854873824,8.617950612547931e-15,2.377491115416226e-13
1058,4035439,60.07894966501031,9.112775414806434e-15,2.5058657831589085e-13
653,314059,59.946405129193906,9.747587611009276e-15,2.6717823203466393e-13
1217,37396726,59.70574934081534,1.1015427621249005e-14,3.009584839156038e-13
318,4150125,59.59377416209735,1.1660346301255688e-14,3.1755757218515893e-13
671,4103749,59.483154173061074,1.2334546539340632e-14,3.348455014210139e-13
196,4117695,58.405663970209936,2.132761131576721e-14,5.771360297773056e-13
748,4140164,58.29679365737796,2.2541116664266802e-14,6.080376771310318e-13
1170,75004,58.24194247588868,2.3178436566274224e-14,6.232505553912408e-13
817,140641,58.19317149761686,2.3760236690194585e-14,6.368792780964775e-13
95,443731,57.88414174160675,2.7801942940638213e-14,7.42871412473594e-13
435,134159,57.85022778852458,2.8285422567097157e-14,7.53420801105406e-13
446,440383,57.81958404353975,2.872951261129928e-14,7.628583395569062e-13
1697,4196636,57.7671426180031,2.9505740174625294e-14,7.810288917875113e-13
1200,434610,57.62570785349945,3.170545276957377e-14,8.366497893884109e-13
509,444070,57.301686738450464,3.738344882965177e-14,9.834277545063502e-13
738,380094,57.22222070430604,3.892483995336045e-14,1.0208159416163696e-12
98,437758,57.19649417071254,3.943735519028994e-14,1.0310744832365957e-12
167,4297667,56.95454775439869,4.4600172101995355e-14,1.1624774918731733e-12
1330,4328079,56.92073492772553,4.53736456093825e-14,1.1760797944655327e-12
507,201078,56.91964209579797,4.5398866963009854e-14,1.1760797944655327e-12
1486,43530742,56.88802466914435,4.6134667483097725e-14,1.1915084182488795e-12
21,444100,56.58967423662204,5.3693052963855954e-14,1.3825147607087394e-12
1551,432588,56.19679340986068,6.556838441113848e-14,1.68318598894696e-12
1627,77734,55.79632913837255,8.038149385159531e-14,2.0572335941476065e-12
102,316127,55.49488567010175,9.37024853027725e-14,2.3909610138668408e-12
1108,435517,55.33732264757152,1.0152252070142652e-13,2.5827450850300032e-12
2018,4053604,55.03596529380218,1.1834435869458197e-13,3.0017075099339197e-12
1800,138384,54.94564734671893,1.2390949095797633e-13,3.133508763898586e-12
505,4164898,54.87675033143988,1.283301494237932e-13,3.235671452979142e-12
113,77965,54.739753779550156,1.3759469442975597e-13,3.459000350797741e-12
311,132797,54.676835683252236,1.4207102729539687e-13,3.557489081303895e-12
1775,4298028,54.67298314757194,1.4234980435957682e-13,3.557489081303895e-12
792,40479192,54.463038762005894,1.5839921665420467e-13,3.935433169329757e-12
675,4229440,54.463038762005894,1.5839921665420467e-13,3.935433169329757e-12
28,140214,54.29494631424919,1.7254500445999514e-13,4.274387472001687e-12
1257,372409,54.21604557097433,1.7961415565191444e-13,4.430070560556283e-12
217,4179823,54.21322425062657,1.7987223059808378e-13,4.430070560556283e-12
801,141253,54.14851531903477,1.8589428374105598e-13,4.565155285976163e-12
1820,80809,54.056920900607864,1.9476488304649928e-13,4.769213865262549e-12
1148,314379,53.428382015225424,2.681939812353806e-13,6.548403041830544e-12
341,36712983,53.34096907138385,2.803973125737718e-13,6.826750615872032e-12
340,321318,52.87945163017456,3.546605648341049e-13,8.610145198272541e-12
660,81878,52.8616466061754,3.5789019906883537e-13,8.663797782016794e-12
1814,380394,52.83785745798177,3.6225126147748033e-13,8.744457297653836e-12
536,36684676,52.78139876232353,3.7281540502603123e-13,8.97397307792121e-12
1155,435783,52.49448965752927,4.314572275117843e-13,1.0356192266010256e-11
1517,4090207,52.33952829120808,4.66881537332568e-13,1.1174908232999524e-11
2137,132706,52.2458837130415,4.896847767344845e-13,1.168778524694639e-11
299,4068482,52.07168215982141,5.351108552696884e-13,1.273623791940208e-11
1275,4115173,52.0336875640188,5.455657632294439e-13,1.2948805279778169e-11
17,81151,52.02432132775388,5.481743066145457e-13,1.2974476555163774e-11
146,4093347,51.975303594149636,5.620309454757253e-13,1.3265491510297883e-11
212,36717682,51.94626255843028,5.704052279645598e-13,1.3425853800595194e-11
834,4028387,51.92422343917921,5.768436697864237e-13,1.3539891331975805e-11
398,4116166,51.85343266058027,5.980203337999718e-13,1.399828863994039e-11
1202,141104,51.831849056950915,6.046304063999906e-13,1.4114133415331647e-11
2469,201621,51.5692117725887,6.911701960070322e-13,1.6090063439648635e-11
280,440530,51.27269873434443,8.038584926537149e-13,1.8662255770706597e-11
292,437663,51.03321418139443,9.081619509088063e-13,2.1026299991477187e-11
995,4049623,50.905798117141,9.69069035940421e-13,2.237548803909173e-11
140,74635,50.323195210663606,1.3039911193356154e-12,3.0027134257438277e-11
1461,46269757,50.22978722239297,1.3675609916806854e-12,3.140585336840752e-11
826,135287,50.10846185145307,1.4547829395293744e-12,3.3318842687819664e-11
2283,4146209,50.103168224660465,1.4587128256072022e-12,3.331903999780752e-11
249,78619,49.88248854273277,1.6323501864014829e-12,3.7185199822663267e-11
1802,79061,49.7885698027184,1.7123864264417095e-12,3.890413760822247e-11
1014,4142875,49.74368654827379,1.7520105384976235e-12,3.969822278830482e-11
335,4214376,49.59756023233207,1.8874828281427907e-12,4.2654099975343863e-11
59,4306267,49.18889124661097,2.3246344926211755e-12,5.2393685102923415e-11
908,373852,49.03798516209764,2.510533207343147e-12,5.643386418728761e-11
516,433753,49.005186161373906,2.5528663001380956e-12,5.7234050005998414e-11
92,433736,48.780805308961035,2.862273738583706e-12,6.399677791168584e-11
251,198520,48.7723609028791,2.874623921232093e-12,6.399677791168584e-11
135,372324,48.770668211735355,2.877105938832999e-12,6.399677791168584e-11
1500,4169905,48.68066402759371,3.0122161299463555e-12,6.682715523800049e-11
684,4242574,48.583345202201585,3.165460622566777e-12,7.004405966132787e-11
658,43530652,48.369536777794806,3.530096740145414e-12,7.790969350913138e-11
1147,4138617,48.2986219810511,3.6600933247400875e-12,8.056946367957648e-11
1678,437528,48.090812925742775,4.0692867005933595e-12,8.934555321690382e-11
488,439007,48.044947776427094,4.165595888306458e-12,9.122440273953601e-11
1942,438252,47.922711757820466,4.433559647253321e-12,9.684307537972099e-11
414,4195085,47.10680737961397,6.7221809306445e-12,1.4645736248124695e-10
1946,137945,47.07973865613339,6.815662837056682e-12,1.4811428932601184e-10
868,78505,47.03577989514221,6.97025462500855e-12,1.5108738150177973e-10
1022,255348,46.942824527166664,7.308809068877949e-12,1.5802277521184715e-10
1781,45769461,46.8125560668303,7.811134632602426e-12,1.684548501858447e-10
1327,194686,46.64637175206043,8.502425766311597e-12,1.8289901705404974e-10
1437,4226991,46.52635997921614,9.039422605050435e-12,1.9395952998766048e-10
1135,377910,46.34052776874198,9.9386810948559e-12,2.127178167833516e-10
797,442165,46.248102884016944,1.0418737947497735e-11,2.224322018590157e-10
2341,195847,46.21863018544464,1.0576647474026061e-11,2.2523752778646478e-10
1145,317248,46.048578780028876,1.1535679998125265e-11,2.4493662740734564e-10
439,201620,46.044567150972235,1.155932536075622e-11,2.4493662740734564e-10
1061,432585,45.98650375430542,1.1907045332450773e-11,2.516770253478463e-10
1424,437247,45.968891695722434,1.2014572408621723e-11,2.5331965696292505e-10
427,374034,45.68740187986096,1.387120308422375e-11,2.917416153629931e-10
1314,45763549,45.525919136110616,1.506322668981818e-11,3.160302152676175e-10
976,200485,45.36696126929749,1.63367079349684e-11,3.4190395892469575e-10
171,195562,45.328152586978064,1.6663651104727804e-11,3.478895416139365e-10
966,434056,44.949298697203574,2.02202612902023e-11,4.211067651540415e-10
1049,316998,44.75641393428116,2.231348183442301e-11,4.6356394901489563e-10
918,4322024,44.538939950403204,2.4934813178913733e-11,5.167587989786097e-10
1778,4002956,44.0640506510327,3.1780438234465605e-11,6.570276975140006e-10
2697,4008710,44.048063044973986,3.2041078020992825e-11,6.608083493795534e-10
314,254061,43.93721813493466,3.3907945431404215e-11,6.976169790088174e-10
151,378425,43.778075047097616,3.678023488858733e-11,7.54883226686779e-10
1120,443344,43.70690243334323,3.814241487071562e-11,7.809544557987244e-10
1134,139766,43.5228494864797,4.1903784796184855e-11,8.559049505124585e-10
189,376415,43.17772521723567,4.998652653743637e-11,1.018550398054189e-09
239,135526,43.09451522218184,5.2158269164836035e-11,1.0602603184057698e-09
2067,435642,42.977860946695394,5.536283239716022e-11,1.1227159591376382e-09
1164,4052646,42.93369311579143,5.662694608150313e-11,1.1456170496536478e-09
331,4057826,42.91555093792606,5.715452151588959e-11,1.1535438701199854e-09
1032,321887,42.89033060401347,5.7896113738217105e-11,1.1657423659564708e-09
1278,40482301,42.74070984628457,6.249799470824735e-11,1.2554266218344628e-09
8,256451,42.68574242500443,6.427909906078742e-11,1.288159209244129e-09
774,440129,42.57392545050695,6.806064576539279e-11,1.3607324872201002e-09
1165,443524,42.23506898993769,8.093557893546361e-11,1.6143418174052447e-09
754,24609,42.11126934075142,8.622486154145583e-11,1.715814165146956e-09
297,4041285,41.95972753542061,9.317271930433115e-11,1.8497397101142564e-09
573,439696,41.9279168052726,9.470088077719798e-11,1.8756955337152707e-09
772,320744,41.883296024263636,9.688679848153537e-11,1.9145282016223397e-09
501,4115367,41.842788797338685,9.891490526604599e-11,1.9500694896649485e-09
484,321588,41.644318195308976,1.0948310720144917e-10,2.1534212080803558e-09
1769,136057,41.30971678225407,1.2992145710440054e-10,2.5495210647022896e-09
822,762296,41.28934329155392,1.3128266960349026e-10,2.570296874702435e-09
38,4248429,41.189619496115526,1.3815430193038983e-10,2.6986140310402814e-09
986,4009585,41.12076098334022,1.431081412547017e-10,2.7889676060577987e-09
541,435511,40.893939635317096,1.6071876121579208e-10,3.125005295310264e-09
985,443587,40.884227764127,1.6151943946008098e-10,3.133403372356868e-09
99,4224926,40.64093248040358,1.829341635375727e-10,3.540755324780764e-09
262,4285898,40.500309717639794,1.9658488032765168e-10,3.79632210941831e-09
1015,4303233,40.46026660443198,2.006553154917555e-10,3.86614107876065e-09
450,192671,40.328814883812086,2.1462009597898158e-10,4.1258528405733185e-09
478,75036,40.27353082588247,2.2078004590959275e-10,4.22898837292654e-09
1117,312934,40.271758337154175,2.2098044457801385e-10,4.22898837292654e-09
661,4106357,40.23611952758938,2.2504865425485357e-10,4.297164977985372e-09
1367,4153380,40.216619857692336,2.273062102002597e-10,4.330540062940822e-09
1306,257683,40.16121393709068,2.338452694639568e-10,4.445152694933425e-09
359,4297668,40.09813645115709,2.415192783939749e-10,4.580779706503582e-09
444,316822,39.97533038946226,2.571906176622246e-10,4.8671462767837916e-09
2017,195401,39.927992715303375,2.634997137989955e-10,4.975460151444589e-09
377,440374,39.81210941517563,2.7960616460432194e-10,5.267879336237081e-09
563,380733,39.78833755168969,2.830300917022838e-10,5.320590020341384e-09
1122,195007,39.726682980012285,2.9210725594804924e-10,5.476727508228586e-09
1351,201254,39.72322464058743,2.926249604255358e-10,5.476727508228586e-09
2021,4291454,39.71624346988662,2.936728239612236e-10,5.484259308128608e-09
1247,193020,39.33061299701174,3.577876653936384e-10,6.666933756249442e-09
897,4168212,39.32375257078582,3.5904695533431704e-10,6.675759254870223e-09
1856,4244078,39.1654056409636,3.8937868847802997e-10,7.223909860257251e-09
116,260139,39.05579780344938,4.1186418098594524e-10,7.624422539951148e-09
454,437312,38.93056525084537,4.391505597975372e-10,8.111874579564508e-09
1042,40481089,38.912638927133244,4.432018091120586e-10,8.168949613937445e-09
810,314962,38.904751109893155,4.4499624562244936e-10,8.184270777173057e-09
93,4032878,38.87700085150372,4.513672878976421e-10,8.283515864505972e-09
715,314658,38.86276094073673,4.5467192901642353e-10,8.326179700113257e-09
1113,40481043,38.85711021262671,4.5598999088814103e-10,8.332359037798998e-09
2399,133729,38.65949447336452,5.045721628577913e-10,9.200321175542173e-09
162,4025677,38.63967583059035,5.097216342511268e-10,9.274314188933243e-09
2005,132393,38.56536241697215,5.295034093359604e-10,9.613654848563365e-09
1085,45757650,38.23836802191067,6.260917961260309e-10,1.134307460913195e-08
562,257907,38.21386932036461,6.340018545643897e-10,1.146194416645451e-08
1034,4168217,38.18407145676375,6.437578721262966e-10,1.161361069948438e-08
674,4182562,38.15793432651471,6.524390065096502e-10,1.1745284403204445e-08
1304,193518,38.06671049009309,6.836666874806795e-10,1.2281428844658211e-08
1651,4152347,37.904885016781996,7.4279018192773e-10,1.331537589839646e-08
79,436677,37.830849374131475,7.715203898770115e-10,1.3801281584810457e-08
412,4128827,37.73757059891528,8.093073804467215e-10,1.4446816831209647e-08
1524,137275,37.565371247411974,8.840002459341669e-10,1.57432914580246e-08
101,37016349,37.56175386090176,8.856412047705965e-10,1.57432914580246e-08
941,381549,37.49504890982238,9.164532502293502e-10,1.625700055782628e-08
2494,43021974,37.28594902059099,1.0201698647389663e-09,1.8023102949568868e-08
1807,434500,37.28578497930146,1.0202556806805491e-09,1.8023102949568868e-08
225,4168796,37.21592999903371,1.0574641396987419e-09,1.8641644802946495e-08
802,4059290,37.104485796441175,1.1196585266928557e-09,1.969718116213084e-08
895,4012231,36.83471623647488,1.285801307718e-09,2.2573251470412906e-08
1271,376229,36.803080787391934,1.3068357610970892e-09,2.289522363307622e-08
1510,4055361,36.73398246933176,1.3539852537813862e-09,2.3672454118066746e-08
670,378756,36.53569425155052,1.4989604570536388e-09,2.6153320335903017e-08
1825,254443,36.40661243044649,1.6015893766753303e-09,2.7886690437725988e-08
259,4225273,36.381159510955804,1.6226419227778327e-09,2.819547733710275e-08
829,198263,36.236446845501725,1.7477122762576219e-09,3.030675757420615e-08
909,432545,36.042756350772336,1.930350386171215e-09,3.340567664215237e-08
1594,4280354,36.01116342245127,1.96190304613536e-09,3.388270362400844e-08
352,4248728,35.90508119019701,2.0716774335595004e-09,3.570596988429021e-08
1771,443200,35.85394765446115,2.126766772765726e-09,3.6581249530749745e-08
734,4065364,35.81210612566954,2.1729348001390533e-09,3.729985251875058e-08
1161,4204199,35.769811259952455,2.2206230828096267e-09,3.804160148111572e-08
1863,438409,35.64694802002993,2.3651814097162706e-09,4.0436511948408755e-08
836,374044,35.557801273111856,2.4759347193243296e-09,4.2245014678913315e-08
148,4270024,35.53852438180514,2.50055850286609e-09,4.257965049870374e-08
1093,4339214,35.46777891704968,2.593047008221859e-09,4.4066240857722274e-08
1442,314665,35.333230475876654,2.778506388139213e-09,4.706030489862836e-08
809,4147829,35.33196835352308,2.7803075272580247e-09,4.706030489862836e-08
643,195083,35.16859788475482,3.0235998873469827e-09,5.107659690414973e-08
951,31610,35.11542683279403,3.107293926612552e-09,5.2386262885767566e-08
634,4098604,35.0965193134989,3.137611234202281e-09,5.279263892478571e-08
1309,4115169,34.989278049987654,3.3152584215960115e-09,5.5671444285180454e-08
691,4185471,34.94567652446656,3.390333794318786e-09,5.681985453713358e-08
433,141960,34.779381788951206,3.6926348639008477e-09,6.176440637512894e-08
1561,4152592,34.43738788100523,4.401858765252514e-09,7.34825028061898e-08
1733,4155910,34.395065702389616,4.498623332070632e-09,7.495059304432189e-08
339,4216397,34.31971585837257,4.6762045240906814e-09,7.775677072641589e-08
1850,440072,34.307256842165465,4.706236454589318e-09,7.810330303641687e-08
585,3655355,34.29304412982804,4.74073151790081e-09,7.852240878675085e-08
935,40480002,34.25595135450694,4.831955248495615e-09,7.981258680060443e-08
1152,4310235,34.25375520860379,4.837411110075472e-09,7.981258680060443e-08
87,256439,34.243319513730924,4.8634208225797034e-09,8.008621459197624e-08
663,4331284,33.990640563863195,5.537781476430695e-09,9.101456325963561e-08
358,4031763,33.8773569652571,5.869788295339834e-09,9.628492499131771e-08
1684,315558,33.82424028917681,6.032254307831956e-09,9.862361124839641e-08
597,4145825,33.823169735810275,6.03557465566272e-09,9.862361124839641e-08
420,43531028,33.732370094533515,6.323957069630422e-09,1.0313754936784969e-07
2918,4008220,33.644526231859984,6.616079220460128e-09,1.0766336051942372e-07
174,138841,33.64137614231893,6.626802112705497e-09,1.0766336051942372e-07
104,4195572,33.441440093897796,7.344230212872527e-09,1.1909145824194248e-07
1378,315286,33.251398993511074,8.098147336476744e-09,1.310665865105579e-07
668,4064161,33.2321437196213,8.178733510185455e-09,1.3211919892784375e-07
673,134441,33.181594282180406,8.394133030198783e-09,1.3534145798405893e-07
2645,200687,33.155931450956004,8.505651761940939e-09,1.3647725155586958e-07
273,4068847,33.15502353200944,8.509624217485667e-09,1.3647725155586958e-07
2049,435508,33.15430655665455,8.51276254261632e-09,1.3647725155586958e-07
0,45757435,33.000751769875734,9.212324372323131e-09,1.4741453896728748e-07
539,139750,32.96021983722653,9.406397435025199e-09,1.5023714098761112e-07
432,141375,32.55421867719255,1.1591325169233815e-08,1.847870355778231e-07
1352,37016348,32.544302700302495,1.1650616790699164e-08,1.8538443983252956e-07
388,435839,32.42933607600019,1.2360633703942167e-08,1.963145880044796e-07
1184,442775,32.42146800411137,1.241078121799435e-08,1.967432985248097e-07
1292,375800,32.38977367109317,1.2614858748887452e-08,1.996060610601428e-07
880,443611,32.22482450746673,1.3732493895558538e-08,2.1688661827241804e-07
523,36714686,32.21626597568378,1.379311735879455e-08,2.174399224446703e-07
3216,433031,31.901926144005465,1.621562793272079e-08,2.5515590841542323e-07
1979,4275359,31.81735105494689,1.6937290157981804e-08,2.6601876981954046e-07
198,136773,31.671746947522557,1.8255881176348034e-08,2.8619967224248937e-07
107,197006,31.555044446461284,1.9386610609347295e-08,3.0336653839341434e-07
1835,194913,31.52007207393551,1.9738927339639597e-08,3.083118853031575e-07
172,4077895,31.512178564085232,1.9819330747003752e-08,3.0899973093080895e-07
234,4244662,31.48780715278541,2.0069654374567405e-08,3.1232940150311215e-07
1406,36712982,31.44848557366059,2.0480228650276576e-08,3.1813620263510065e-07
977,373764,31.441085702849293,2.0558429541928016e-08,3.187682040470116e-07
344,4103703,31.321092098499022,2.1869079663166762e-08,3.384728049142586e-07
1010,4310821,31.23105885439756,2.290716359432003e-08,3.5389485283806776e-07
473,4242103,31.21721332747239,2.3071124482021842e-08,3.5578102490696845e-07
968,438878,31.1849962049555,2.34572095673942e-08,3.6107954654737053e-07
337,4002359,31.068929048745183,2.4902589532852244e-08,3.825770117764284e-07
1177,40481896,31.065717786058094,2.494382305803711e-08,3.825770117764284e-07
3263,434626,31.04941110744973,2.5154263271578634e-08,3.8477459815637337e-07
641,436073,31.04760567690765,2.5177671716481536e-08,3.8477459815637337e-07
1065,4155040,30.95733434949754,2.637634348773089e-08,4.02369462504936e-07
1454,4153359,30.938366498932602,2.6635387969686346e-08,4.055929956602596e-07
3057,40277917,30.908671237851188,2.7046064814697448e-08,4.1110986177188594e-07
112,193322,30.874439556213076,2.7527356157916114e-08,4.176784737032379e-07
1817,136834,30.81301392584122,2.8412602888803656e-08,4.3034204411081047e-07
1341,138102,30.73012958847523,2.9652480977460937e-08,4.4832229691367543e-07
650,443733,30.59557878517883,3.178171494419661e-08,4.796611578700507e-07
916,4133224,30.532977653915616,3.2823925418633344e-08,4.945122239044814e-07
549,4260918,30.484670768455125,3.3651506680646186e-08,5.060829243636295e-07
839,133834,30.408822466811856,3.499330200874377e-08,5.253323094846215e-07
2038,4111709,30.393860535127146,3.526424942490295e-08,5.284661858261029e-07
905,75911,30.331078888307307,3.6424272849547904e-08,5.448891662017757e-07
4063,43531604,30.284363926333697,3.7312168431965135e-08,5.571906769181156e-07
1336,36713126,30.20174729754911,3.893585290557058e-08,5.804174423484794e-07
588,4246581,30.008451169965177,4.301674163064159e-08,6.401282900797927e-07
2601,45763761,29.92574179035191,4.4891318662939624e-08,6.66855829858388e-07
1229,433163,29.889949078713457,4.5727715125512094e-08,6.780949309275327e-07
1077,4167097,29.852230175390233,4.662602419111225e-08,6.902113720416041e-07
3164,44782778,29.80321573867983,4.781981414833173e-08,7.066521057710865e-07
1877,376337,29.74293751082131,4.9330015440416065e-08,7.277033701340544e-07
821,40483292,29.731980333666044,4.96096238603093e-08,7.294337885624871e-07
630,441408,29.73161357945469,4.961901021408939e-08,7.294337885624871e-07
379,4070750,29.676094087200333,5.106064142850968e-08,7.493303457997353e-07
2312,435790,29.66400427658854,5.1380090639397686e-08,7.52718327867176e-07
1862,44784621,29.63931664695965,5.203864502106373e-08,7.610539875111506e-07
1563,440329,29.62644292416005,5.238540582872156e-08,7.648089232416616e-07
418,40481299,29.59363238403658,5.3279681056147034e-08,7.765307889092306e-07
1633,4166902,29.58290758456063,5.357529766172803e-08,7.795022332734642e-07
571,321319,29.576707273911445,5.374695108104411e-08,7.806629800609091e-07
833,762212,29.367550778257936,5.987181102644057e-08,8.681412598833883e-07
2385,373995,29.228633444595275,6.43216114265717e-08,9.310745013485174e-07
2904,4044053,29.14899836851757,6.702038308956152e-08,9.684901277415036e-07
1400,80497,29.071764996722173,6.974610145279696e-08,1.0061674431993477e-06
1365,199856,29.04713017407761,7.063866656207735e-08,1.0173165250474088e-06
27,78472,29.042509028005625,7.080736967021447e-08,1.0180206769675336e-06
330,380731,29.028060316179612,7.133745429428011e-08,1.0239093735447604e-06
464,134438,28.995430672275845,7.25492241567161e-08,1.0395459656991852e-06
69,134460,28.84524499661375,7.839813210752071e-08,1.120087199743512e-06
370,374025,28.844364340285594,7.843378649492641e-08,1.120087199743512e-06
2658,76565,28.78596854102177,8.083462954329917e-08,1.15243598528425e-06
2362,434633,28.781875013691273,8.100566401907962e-08,1.1529399115077379e-06
903,4024561,28.76498791219629,8.171507756999481e-08,1.1610919968432204e-06
782,29735,28.734970717176857,8.299147844511291e-08,1.1772597535027119e-06
890,442019,28.694009248487554,8.476554906624049e-08,1.2004214506930759e-06
2416,133726,28.65231963252579,8.661018234641051e-08,1.2245036928410151e-06
321,4264617,28.639385316801352,8.719062007106216e-08,1.2306622902721182e-06
1157,435788,28.630572117098154,8.758835066501172e-08,1.2342258965184156e-06
2342,372897,28.599710571776676,8.899548454542976e-08,1.2519778678518487e-06
3112,4002140,28.46349104894426,9.54820990582825e-08,1.33851339880855e-06
2166,4151527,28.46349104894426,9.54820990582825e-08,1.33851339880855e-06
499,4330445,28.460700981310943,9.561979646893395e-08,1.33851339880855e-06
1712,4013597,28.457523024976766,9.577687966053881e-08,1.33851339880855e-06
547,321314,28.41582758029724,9.786195681325884e-08,1.36540730220404e-06
1605,75650,28.373453490513683,1.000275812131791e-07,1.3933350124071849e-06
1197,195588,28.3541757897027,1.0102864256860187e-07,1.4049760653116368e-06
2050,43530727,28.226510466378393,1.079163258812365e-07,1.4968174478670779e-06
1277,4187218,28.225277953453446,1.0798506479257607e-07,1.4968174478670779e-06
3138,441830,28.216637300291897,1.0846819928317492e-07,1.5010656177673244e-06
869,434004,28.190367789882117,1.0995037984666495e-07,1.5191030529383938e-06
1074,45757591,28.02208248166842,1.1993895352265404e-07,1.6544176754577784e-06
626,4067313,28.017810359021617,1.2020402692942956e-07,1.6553867371464553e-06
1100,4332246,27.946851147545367,1.2469370787273623e-07,1.7144375983732034e-06
436,378424,27.839027354415904,1.3183964676445727e-07,1.8097600622901348e-06
2012,4204781,27.814733611938617,1.3350553084843555e-07,1.8296717671276722e-06
343,442108,27.80324774814225,1.3430047415464016e-07,1.8376024619838605e-06
1473,443615,27.696584598070853,1.4191304376755323e-07,1.938641692753858e-06
1497,4252872,27.680667871874096,1.4308552404908705e-07,1.951521184342043e-06
1228,319844,27.6692394170463,1.4393336607384497e-07,1.959938800527982e-06
14,439082,27.52735298167245,1.5488840592960883e-07,2.105738856294218e-06
1611,4152933,27.428317833525384,1.6302644539186843e-07,2.2128365918445783e-06
1472,36717006,27.3733740280798,1.677247744534985e-07,2.2729783230165497e-06
2034,4043738,27.369027861005492,1.681021631447577e-07,2.274465095925169e-06
4339,4129404,27.33246787529795,1.7131063737700968e-07,2.31419155133935e-06
2731,4295624,27.23733201523271,1.799502943461626e-07,2.4270438905703865e-06
207,134898,27.232125971673703,1.8043548252086657e-07,2.4297310538507185e-06
483,441284,27.205686925678283,1.8291983652572578e-07,2.459287738859323e-06
1422,134668,27.052081847950326,1.980468193431865e-07,2.658457857755222e-06
2751,432582,27.044329353231404,1.9884268431319884e-07,2.6649310545887234e-06
380,4197819,27.027337792631982,2.0059825448482763e-07,2.6842257769410714e-06
2298,379801,27.00178061575931,2.0326812494747805e-07,2.7156749334571082e-06
403,73553,26.867877813905796,2.1784976038408842e-07,2.905917447383986e-06
137,4103295,26.83267228503002,2.218546400508055e-07,2.9547004334039094e-06
1607,192359,26.640816332154778,2.450126098968404e-07,3.2580158783935105e-06
409,432895,26.634283975046813,2.4584238907146557e-07,3.2639418436566297e-06
2094,4275889,26.570480145923092,2.540967329472417e-07,3.3682682368997078e-06
1251,43530690,26.348638967689297,2.8501968609974334e-07,3.7722932597967587e-06
470,73008,26.170759373571123,3.125191833828257e-07,4.1298219303326124e-06
1281,374801,26.104384744272004,3.234486618269647e-07,4.2676137881113646e-06
795,194175,26.094453889405692,3.2511654207508094e-07,4.276339408687249e-06
838,379031,26.094453889405692,3.2511654207508094e-07,4.276339408687249e-06
1033,4035611,26.05705372849844,3.314756170622069e-07,4.353243150197175e-06
350,443414,26.01588700345598,3.3861936159779145e-07,4.4401986350253615e-06
1097,137351,25.906500218223073,3.583603808727586e-07,4.69181534094889e-06
1993,438064,25.903033415980513,3.590045511883701e-07,4.693017956073201e-06
712,377844,25.87670640706903,3.639344297806585e-07,4.750154915278426e-06
2427,4177651,25.847579982786826,3.6946762627793237e-07,4.8149791725208455e-06
1520,4058350,25.826476257849258,3.735293531262778e-07,4.8604577542327445e-06
390,4058388,25.802571052735743,3.7818436390961567e-07,4.913505413058111e-06
3109,4040820,25.792661732420484,3.801309938574831e-07,4.93125657222448e-06
2461,443412,25.700870672002246,3.9864716188442136e-07,5.163574595323062e-06
1575,375824,25.673309568916025,4.043813531975352e-07,5.229875735341638e-06
496,440417,25.653824762356848,4.0848506364205914e-07,5.274920343110299e-06
316,4022073,25.613321436857824,4.171495841591709e-07,5.378634319575835e-06
308,135858,25.603645893123385,4.192465067572609e-07,5.3974811635097656e-06
3814,4175154,25.395617359025287,4.66977819884591e-07,6.002890371496777e-06
1433,4068613,25.340124995620197,4.806064791838011e-07,6.168751138405979e-06
751,195906,25.32073605845082,4.85461728383062e-07,6.221671653198911e-06
1503,318448,25.2375129374918,5.068667105218907e-07,6.4859279239435225e-06
1908,4299418,25.2346956896014,5.076076343912489e-07,6.4859279239435225e-06
617,375527,25.128536583079935,5.363327857952176e-07,6.842672193546492e-06
3180,36684711,25.06541032176066,5.541808231931572e-07,7.0597817911128285e-06
900,377853,25.04439616678117,5.602534233526149e-07,7.126457093154444e-06
1980,45757363,25.0323696861575,5.637587655630074e-07,7.160326204766627e-06
508,439002,24.87605162173771,6.113721717535505e-07,7.741921525171265e-06
2378,441838,24.87605162173771,6.113721717535505e-07,7.741921525171265e-06
1477,138525,24.84343297630435,6.21805153547785e-07,7.862319032285013e-06
1420,37311319,24.74727657619761,6.536109024213439e-07,8.252201839337532e-06
4052,380055,24.614743798019333,7.00140031664675e-07,8.826542802751846e-06
2397,4179873,24.589662084533845,7.093124292509818e-07,8.92892994273421e-06
2011,136198,24.54941545622716,7.242831073422906e-07,9.103895803383792e-06
2890,192606,24.53703621120876,7.289512635729875e-07,9.149038237193019e-06
36,4150062,24.523395116533916,7.341302034468109e-07,9.200448877120285e-06
356,314754,24.43688411077126,7.678446860430278e-07,9.608801616064223e-06
1883,4207539,24.404502086604843,7.808599833496642e-07,9.757304821356024e-06
1141,36714994,24.388941685860992,7.871926328386942e-07,9.821990897548289e-06
1368,78832,24.369777907359342,7.950625679227121e-07,9.905640234075198e-06
2574,4274575,24.34728824869171,8.043990141575582e-07,1.000728905314315e-05
1552,4141028,24.183099095621632,8.759763305263952e-07,1.0881828772635643e-05
2549,4306923,24.163751504608054,8.848209082269754e-07,1.0975654390079722e-05
1543,432899,24.156740823757865,8.88047834418307e-07,1.0983613462958304e-05
2356,35622958,24.156740823757865,8.88047834418307e-07,1.0983613462958304e-05
1340,4241908,24.09775466712075,9.156700251733187e-07,1.1308790994037338e-05
561,444444,24.03867662549763,9.441989083173489e-07,1.1644206275722081e-05
2556,200452,24.035343708111977,9.458346849775905e-07,1.164747437428201e-05
881,4102183,24.02676390422387,9.500586892648256e-07,1.168255959867326e-05
520,4216083,23.97379939026615,9.765562417055444e-07,1.1976777398402329e-05
510,4302739,23.973310259704164,9.76804370612312e-07,1.1976777398402329e-05
282,440674,23.79680446664068,1.0706005286877645e-06,1.310791454216129e-05
1357,40484908,23.793154346116552,1.0726327010611867e-06,1.3113899368225762e-05
1055,4125590,23.754343367181004,1.0944810830445064e-06,1.3361789888835017e-05
3009,45772786,23.697455907208347,1.1273146125926408e-06,1.3736009100103805e-05
724,4245252,23.69566014799974,1.1283669944536255e-06,1.3736009100103805e-05
2279,437233,23.620114969311516,1.1735434304095562e-06,1.4265520068941342e-05
1480,37017431,23.59753816998495,1.18739331643876e-06,1.4413258585400206e-05
161,442306,23.577660630746685,1.1997229631247532e-06,1.454214838469476e-05
1968,440276,23.558691495404883,1.2116088606720725e-06,1.4665299842066382e-05
2505,4261072,23.519535649936557,1.2365183953951138e-06,1.494551465956228e-05
2606,4212887,23.502529241313482,1.247496627907232e-06,1.5056788135408737e-05
300,42873169,23.454515670401832,1.2790215260928724e-06,1.5415384265547713e-05
2371,4068617,23.419775389094585,1.3023284794072662e-06,1.5674058200458273e-05
3902,36717169,23.40758077770778,1.3106103482198062e-06,1.575142309593167e-05
2583,4265485,23.30088919978337,1.3853594324922556e-06,1.6618441064379114e-05
1208,4309257,23.29908037104829,1.3866629062780736e-06,1.6618441064379114e-05
310,4091513,23.268770017113276,1.4086889956765006e-06,1.6858634360934123e-05
823,137809,23.24577750332154,1.4256310823975965e-06,1.7037394243505453e-05
1728,444445,23.24194769005005,1.4284728787753683e-06,1.704737928504818e-05
49,379805,23.14503309432579,1.5023075155493174e-06,1.7903375819947477e-05
1419,46273403,23.13877766791547,1.507202673592488e-06,1.7936556186996316e-05
2073,4219836,23.112425096510105,1.5280010504124172e-06,1.8158636259236796e-05
1450,4305841,23.095955513033232,1.5411453505180887e-06,1.8289262630380165e-05
1402,443795,23.014323737484823,1.6079887304442655e-06,1.9055899919923184e-05
700,381001,23.00638071019526,1.614646063741401e-06,1.9108144294722405e-05
936,40305987,23.00332722308591,1.6172126501794106e-06,1.9111899705944997e-05
3065,80141,22.998631810953206,1.621167331437444e-06,1.9132026132255504e-05
332,4307925,22.942157155869094,1.6694996252818511e-06,1.9675087816948528e-05
1615,4025938,22.930996071789508,1.6792212406400843e-06,1.976224775861329e-05
1380,4113008,22.848838673454864,1.7525519027509332e-06,2.0596726857088075e-05
512,73231,22.772132834324033,1.8239137827094467e-06,2.1405794767516806e-05
767,78273,22.729518937793557,1.8648108949940036e-06,2.1855583689329722e-05
9,376382,22.720246335789277,1.8738310857259858e-06,2.193105059974339e-05
648,4117686,22.665901993525786,1.9275829966664003e-06,2.2529123414957914e-05
1143,377821,22.663091645393184,1.930404393884428e-06,2.253110732807141e-05
1185,762213,22.657557119201385,1.935972797215019e-06,2.25651040575254e-05
770,433813,22.624190144635183,1.969887075146729e-06,2.2928945859618847e-05
722,194993,22.55220299809736,2.0450987636959002e-06,2.3771825164328403e-05
2037,441829,22.536434956865968,2.0619539601408965e-06,2.393500382420382e-05
2798,36684646,22.529159283173147,2.069778183905793e-06,2.3993049425167154e-05
1225,4305080,22.47702000898116,2.1267268566039416e-06,2.461961594082247e-05
423,46271075,22.473660721152946,2.130449453832353e-06,2.4629155114576197e-05
1917,4114624,22.45351957599668,2.1529063653955016e-06,2.4854952971148882e-05
1242,74125,22.442911950077374,2.164828932839649e-06,2.4958685810499994e-05
2744,200528,22.38169127513055,2.2349444369789467e-06,2.573214482521695e-05
1233,436238,22.37037594598305,2.2481510781164943e-06,2.5849174168817118e-05
1173,4110961,22.34451169494752,2.278633184428461e-06,2.616425157849815e-05
120,4305500,22.291122987082954,2.3428716686334152e-06,2.6865560821023113e-05
2517,4083556,22.28533846504363,2.34993992196383e-06,2.691029584491464e-05
33,440083,22.268017484266956,2.3712330595168604e-06,2.7117587223034675e-05
632,77395,22.26389632067867,2.376327754797546e-06,2.71393238340252e-05
1430,73571,22.248990181301945,2.394846997305204e-06,2.731411400819103e-05
720,4288544,22.181634426058228,2.48035116564438e-06,2.8251399268740345e-05
1131,4031164,22.166695993300255,2.4997258115482307e-06,2.843396281221595e-05
961,4035422,22.07757325815013,2.618511456403243e-06,2.974530995328657e-05
415,4230641,22.06778586431848,2.6318967717987504e-06,2.985744575430438e-05
2405,4106682,22.057460333333886,2.6460924675272507e-06,2.9978463595438734e-05
45,45770881,21.96840554929028,2.771759127104777e-06,3.136036924501903e-05
81,440029,21.944745021261976,2.8061422431293467e-06,3.170716840408253e-05
2323,377286,21.88895344085202,2.888921549526355e-06,3.2599158574137366e-05
1796,40480500,21.881377905267136,2.9003488969241006e-06,3.268470103072159e-05
487,374027,21.79635499148675,3.031755537319286e-06,3.412030039814831e-05
1827,4119786,21.766397077383978,3.079466450524451e-06,3.461141062183367e-05
1249,4226021,21.749774732648223,3.1062633814898487e-06,3.4866472856696494e-05
1226,196456,21.65799168547276,3.258495861629159e-06,3.652696482356592e-05
943,140966,21.608461780354816,3.3437339317112788e-06,3.7433079338275017e-05
820,439005,21.51999077751168,3.5015934441052684e-06,3.914873617705588e-05
96,4109135,21.47421138709027,3.58619227435904e-06,3.999712202809339e-05
902,380097,21.473838178997646,3.5868903125111407e-06,3.999712202809339e-05
940,45763828,21.469223167401086,3.5955333783420072e-06,4.0040952969557056e-05
181,4266809,21.45755743598078,3.6174744365353804e-06,4.0232565820996235e-05
119,4286201,21.45191948033354,3.6281264818460066e-06,4.0298288517968e-05
1464,440690,21.41934334000885,3.690293296298113e-06,4.093527694340087e-05
1008,4168222,21.36312296353193,3.80010645263962e-06,4.2098441366465256e-05
847,378161,21.32213035602011,3.882237535147269e-06,4.295230772935722e-05
1261,81931,21.305593785729858,3.915871607197688e-06,4.326808978720255e-05
1399,75347,21.275995165181058,3.976804624882988e-06,4.3884297269650324e-05
1017,4038838,21.24394054379016,4.043867345775109e-06,4.456646022963826e-05
569,81186,21.061542131515008,4.4476559925026135e-06,4.895302197965635e-05
1073,4308802,21.004612207131828,4.581790569696683e-06,5.036413256237091e-05
1316,4308394,20.97544728912593,4.6520721457814785e-06,5.105589260373893e-05
1282,81893,20.973526092554238,4.656739645509906e-06,5.105589260373893e-05
3473,73923,20.911859456739794,4.809080038295017e-06,5.2658186965712324e-05
1656,434911,20.815408146169254,5.057444307059584e-06,5.530644051104927e-05
449,72404,20.63556683602188,5.555440664290278e-06,6.067426648390037e-05
2205,433450,20.624449265933798,5.5877941837973475e-06,6.094927750927607e-05
1068,140842,20.566477603945533,5.759588487308844e-06,6.274259407264518e-05
1618,441534,20.512845949020438,5.923239277698979e-06,6.444271977286585e-05
312,135340,20.49910382249634,5.965917750695786e-06,6.480074436705751e-05
3674,135893,20.49734584953603,5.971399651571853e-06,6.480074436705751e-05
1976,37109050,20.45664604768828,6.09973737894374e-06,6.61090159552104e-05
168,72711,20.429294515090866,6.18753623951316e-06,6.697515341037365e-05
1052,4111412,20.4175845605082,6.225512130640398e-06,6.730047910184664e-05
2632,257315,20.275381021023613,6.705791941186855e-06,7.240039914137829e-05
1361,40482237,20.257706461317472,6.768028608743973e-06,7.297961813261108e-05
3204,432436,20.228318150495117,6.872798663706449e-06,7.401542489925691e-05
3512,4134455,20.192616993117607,7.002266916818383e-06,7.531425568633646e-05
718,195603,20.163777465814235,7.108637448435218e-06,7.636168444924658e-05
775,440371,20.130702570808264,7.232628017683045e-06,7.759550538668287e-05
363,4168700,20.085599943088422,7.405214373765742e-06,7.934691870603721e-05
1046,443740,20.060539876880352,7.50288788002123e-06,8.029223969337581e-05
619,137989,20.036177542516512,7.599081605907744e-06,8.121936654767056e-05
1069,4031019,19.99404299309812,7.76837980888259e-06,8.292452667848662e-05
773,381292,19.97207145607069,7.858159109064492e-06,8.377763858183312e-05
2610,375806,19.962700225205325,7.896767685933408e-06,8.408375316713806e-05
1174,4120275,19.95873393291582,7.913165733795223e-06,8.415290267842054e-05
128,4115991,19.828968446906014,8.468941164945231e-06,8.995074134817454e-05
728,4130851,19.807568111949656,8.56429052983517e-06,9.084990840450615e-05
163,4031106,19.79222250803435,8.633325818741487e-06,9.146804174793817e-05
1210,4353709,19.775778166225283,8.70792426361683e-06,9.214350245074994e-05
1532,44782719,19.73556534776137,8.89308426500428e-06,9.398574253699175e-05
2266,4141640,19.69839830540521,9.067733455968186e-06,9.571246108740581e-05
57,197925,19.687266820231898,9.12070778297866e-06,9.615217621832466e-05
2407,73574,19.68269995236815,9.142531125032037e-06,9.62628091318429e-05
18,256449,19.639228290562162,9.352908617648424e-06,9.835602045069141e-05
853,318169,19.62264694146607,9.434427242855206e-06,9.907848690859537e-05
527,4112026,19.620520989449503,9.44493049264002e-06,9.907848690859537e-05
2036,437116,19.593324923360523,9.580332755505592e-06,0.0001003749536664994
317,4146581,19.548406677625564,9.808250665262024e-06,0.00010263633731863475
1873,4098302,19.5317675881426,9.89405352382541e-06,0.00010340685460263778
224,4094683,19.49867889781213,1.0066928247015768e-05,0.00010508438490773094
2437,432590,19.444056820055458,1.035896750309147e-05,0.00010800018021321254
915,4084966,19.40677051264163,1.0563191282327312e-05,0.00010999440726217546
2902,4015216,19.397157057808343,1.0616498285844658e-05,0.00011041418107077364
1364,4216972,19.33602747114134,1.0961842058844767e-05,0.00011386646940587284
437,4010658,19.33316301543735,1.0978298300770264e-05,0.00011389816930603776
185,81378,19.28254373290772,1.1273232308085133e-05,0.00011681543283146265
3474,4117116,19.277802626809123,1.1301260686788456e-05,0.00011696323027483742
200,435510,19.262169903160625,1.1394174630176694e-05,0.0001177813890907681
894,439253,19.237432650919125,1.1542771698146586e-05,0.00011917245579483784
988,79936,19.22286922165428,1.1631162936475345e-05,0.0001199393100379017
2016,200848,19.219172331692043,1.1653708796407555e-05,0.0001200261377491818
2284,4313365,19.2163999716957,1.1670645107011293e-05,0.00012005505021098663
1598,4317982,19.181737241159254,1.1884497456396337e-05,0.00012195963150603825
2178,4144895,19.181737241159254,1.1884497456396337e-05,0.00012195963150603825
1953,4291304,19.162619422179073,1.200412436851643e-05,0.0001230386547156624
1416,441818,19.15710194071228,1.2038873507227136e-05,0.00012324615444687828
1700,195771,19.15118065551204,1.207627818714211e-05,0.00012348030776912939
37,4216188,19.13753098696877,1.2162948164667343e-05,0.00012406791183094647
1837,436681,19.13753098696877,1.2162948164667343e-05,0.00012406791183094647
232,4280726,19.110296323839503,1.233774852919336e-05,0.0001257000590558225
1583,36717115,19.08596780365959,1.249602873557733e-05,0.0001271601870253899
558,4263748,18.980876173714677,1.320351874303944e-05,0.00013419892196125133
2306,4251304,18.96014786263927,1.3347744317593157e-05,0.0001355027281560204
1162,4232337,18.770724750322366,1.474126381170611e-05,0.0001492926324291619
913,443614,18.770724750322366,1.474126381170611e-05,0.0001492926324291619
1290,4119189,18.696247694764498,1.532838317206228e-05,0.0001550538950154919
451,261599,18.658761838115247,1.563272142437302e-05,0.00015794439232211363
621,45757320,18.607991752381373,1.605461103623318e-05,0.0001620142873810847
2214,4204991,18.5985833997064,1.613403959492378e-05,0.00016262269802854964
1694,141663,18.55952265668435,1.6468047218628058e-05,0.0001657926507306666
1059,372888,18.529446652715684,1.6729952168452227e-05,0.00016823006340276755
3051,78162,18.50126898493089,1.697912127865265e-05,0.0001705337984689262
524,81379,18.456794529183355,1.7380006767234125e-05,0.0001743540938620878
133,4191597,18.439795495608287,1.7535732820995317e-05,0.0001757088700235816
2474,254669,18.413330576206157,1.7780969084161468e-05,0.00017774693448014117
896,45772671,18.413330576206157,1.7780969084161468e-05,0.00017774693448014117
2884,81303,18.40046831560278,1.7901397911569793e-05,0.00017874051475277148
1409,40483262,18.265572032604595,1.921486841644565e-05,0.00019140531879781794
1773,4168686,18.265572032604595,1.921486841644565e-05,0.00019140531879781794
1948,78272,18.260113473569202,1.927000985888561e-05,0.00019172982877160543
1183,375265,18.256774799325164,1.9303814903792938e-05,0.00019184153828950712
768,4183031,18.22171595297084,1.9662413564909595e-05,0.0001951770187628935
2290,4300557,18.203315880058476,1.985328844147897e-05,0.00019684176416248167
405,77630,18.14332940980457,2.0488586534521975e-05,0.00020290386921192682
1621,45769876,18.140993047050834,2.0513739291852036e-05,0.00020291646421753985
2424,439256,18.079691581520635,2.118489882027197e-05,0.00020931172706494292
1192,137858,17.958314699216256,2.2579591447819406e-05,0.00022283250700594833
799,37016130,17.942475164215807,2.2768276731148802e-05,0.00022443392968047723
1115,438531,17.92186660783881,2.301614556493741e-05,0.00022661435557969084
1797,4090039,17.912932402086394,2.3124442225362328e-05,0.00022741711295012004
1723,76240,17.889165539311122,2.341503322226332e-05,0.00023000871362956234
2872,434657,17.78751205720073,2.4699910049228255e-05,0.0002423500412104994
286,4115170,17.783565655869744,2.4751195855603587e-05,0.0002425731386217574
421,45768964,17.712560478594234,2.5692450795348554e-05,0.0002515077815761252
2670,4294416,17.666043799283635,2.6328500793321277e-05,0.0002574375963646155
3790,379812,17.656972277092244,2.645437276002884e-05,0.00025837104062294833
425,4308093,17.63592050119392,2.674881172263173e-05,0.0002609467889864544
1670,253549,17.59915115219402,2.7271004664504196e-05,0.00026573592503932586
3249,40490423,17.528931399011192,2.8296890657404848e-05,0.00027541658638713514
1020,4188155,17.524313575946266,2.8365698926060613e-05,0.00027577041621823457
2115,375393,17.504910987460992,2.8656651132816862e-05,0.0002782806453434798
1693,4003171,17.44990412651897,2.9497916440699057e-05,0.00028612305479066197
2260,4073658,17.4403065758075,2.9647222576826855e-05,0.00028691623033633005
3656,37016342,17.4403065758075,2.9647222576826855e-05,0.00028691623033633005
3087,4328217,17.4129649143677,3.0076745278528498e-05,0.0002907418710257755
2426,4150985,17.396295335355397,3.03416784273056e-05,0.0002929695927236542
2278,4038038,17.360809397930872,3.0913500954414744e-05,0.00029815211987475833
1855,4171569,17.35632958764981,3.0986454659237374e-05,0.0002985168993645578
1195,4083820,17.352912383095244,3.104222014252975e-05,0.000298715452492724
627,375545,17.34690449639353,3.114050772238442e-05,0.0002993222784130096
1912,435993,17.26383234304975,3.2532052682632894e-05,0.00031208819913985844
3469,4272156,17.263246162384714,3.2542090671756454e-05,0.00031208819913985844
1112,40481042,17.25619109483762,3.266314891296025e-05,0.00031289602741084926
2268,759859,17.245467838310205,3.284801716432538e-05,0.0003143126146906225
1897,78097,17.213701107943503,3.340186898909892e-05,0.00031925273430863165
1913,4052509,17.195251480986904,3.372783633899913e-05,0.00032200609592412987
2364,439013,17.142653552563907,3.4674793292745344e-05,0.00033067532952688793
578,4168681,17.114112860946832,3.5199769198083185e-05,0.00033530542474900543
51,79916,17.021900115101978,3.695115761683297e-05,0.0003515946094851397
298,4056713,17.015487457122234,3.707616130898197e-05,0.0003523894213002459
662,4246451,16.983360508891224,3.770884944072489e-05,0.0003580023393271949
1578,435784,16.971204316084496,3.7951066249787546e-05,0.0003598595616685068
430,30133,16.969298806039113,3.798917580518426e-05,0.0003598595616685068
642,4093672,16.964498158961987,3.808535774671074e-05,0.0003603689140020057
479,78236,16.956595139093647,3.824422984287284e-05,0.00036146965625683035
553,435119,16.938519208837047,3.8610113958668577e-05,0.00036452237589645214
1801,24970,16.91946136121033,3.899968503940493e-05,0.00036779170230835043
747,194984,16.87498134214689,3.9924367226211915e-05,0.0003760946211985839
600,439154,16.831571163353935,4.084805811117837e-05,0.0003843698225588955
2045,4234788,16.71613478242775,4.3410231824878405e-05,0.00040802736705308827
1150,314487,16.698380245387003,4.381839476902663e-05,0.00041095463615057313
2546,192680,16.698380245387003,4.381839476902663e-05,0.00041095463615057313
1836,36712827,16.67274514415171,4.441454282558848e-05,0.00041608640616210067
852,40481385,16.62634239422768,4.551446292810095e-05,0.0004259211360132971
457,381537,16.606267448037013,4.599876298830478e-05,0.00042997963598638696
944,443580,16.595343537781645,4.6264471281237644e-05,0.00043198814557876515
992,4057513,16.575748434455882,4.6744966590340366e-05,0.00043595935843310896
1324,36712821,16.573825463361338,4.6792389654112675e-05,0.00043595935843310896
2529,45763763,16.56815791363775,4.693244064780173e-05,0.000436459277490507
156,25297,16.567497823802213,4.694877952528227e-05,0.000436459277490507
376,23325,16.558433211995883,4.7173730761169184e-05,0.0004380712462050869
1198,315296,16.427502729165766,5.0546500914687184e-05,0.00046887949593023693
572,436278,16.40228872012159,5.1223342209109676e-05,0.0004746398459659814
794,199866,16.379971842857536,5.183001270730535e-05,0.0004797381459411477
2486,381570,16.332834759350575,5.313525883479969e-05,0.0004912843246129412
490,433495,16.31455393581531,5.365031325601693e-05,0.0004955072953656259
967,4302537,16.296514158321322,5.416349791764669e-05,0.0004997038456093854
1793,138519,16.268023221507953,5.498406441089242e-05,0.0005053057983030023
723,4150981,16.267742610224207,5.499220814876853e-05,0.0005053057983030023
1153,4009187,16.267742610224207,5.499220814876853e-05,0.0005053057983030023
552,4149353,16.2671787722449,5.500857519480724e-05,0.0005053057983030023
2388,75941,16.23652821942691,5.5905707721213225e-05,0.0005129922230098799
1355,4133610,16.232071745735173,5.6037366942309314e-05,0.0005136456385208222
956,4014295,16.21035345548053,5.668347461850332e-05,0.000519008064475671
1858,4224940,16.16494416073243,5.805868849922051e-05,0.0005310276385122461
1671,4053599,16.09249144232942,6.03227343837092e-05,0.0005508446009283014
888,40482662,16.09147919135772,6.035498687351402e-05,0.0005508446009283014
2458,4227210,16.080702451796576,6.06994339891213e-05,0.0005530758553156049
192,257004,16.079760248916887,6.0729642580847284e-05,0.0005530758553156049
733,4000968,16.075797768216255,6.085685189955917e-05,0.0005536409749363536
219,4289526,16.067608056952686,6.112061990074289e-05,0.0005554458901568046
1498,195590,15.989766273514888,6.368581159359694e-05,0.000578139253323497
489,132446,15.942920553046584,6.528147440427547e-05,0.0005919921963854094
1116,4180849,15.902398899190544,6.669412983108356e-05,0.0006041578050903166
950,44783028,15.897467558720518,6.6868130491601e-05,0.0006050889294857654
2052,139906,15.892342272391248,6.704945838620156e-05,0.0006054402209432037
1667,43531616,15.892342272391248,6.704945838620156e-05,0.0006054402209432037
557,201337,15.85885712210483,6.824636522265923e-05,0.0006155938060477022
952,136368,15.843669102926267,6.879631420467928e-05,0.0006198963751825661
1322,440320,15.83539532562363,6.909777604878369e-05,0.000621953181235715
1809,42539051,15.813765138135896,6.989218242853056e-05,0.0006284379620055282
1603,316437,15.787126369867789,7.088317406678648e-05,0.0006366747674899416
755,31821,15.781501878145702,7.109421193477794e-05,0.0006378960071909272
933,374043,15.764562871685031,7.173361014863932e-05,0.0006429540985580046
1624,197921,15.635759336024334,7.678865081765527e-05,0.00068753758271614
1672,4053600,15.599257010540146,7.828534403855519e-05,0.0007002005982058983
3326,441553,15.56519406449982,7.970847947742313e-05,0.0007119506935372258
462,4256761,15.5638152528089,7.976663060461798e-05,0.0007119506935372258
1264,4151985,15.553156275494606,8.021761370677842e-05,0.0007145691640954457
1090,435459,15.552906884578768,8.022819613358307e-05,0.0007145691640954457
1702,134452,15.494820461662766,8.27316410665646e-05,0.0007360950305158108
1531,4250169,15.492474862491726,8.283436797396365e-05,0.0007361332741199659
815,4002818,15.49076784826644,8.29092083479825e-05,0.0007361332741199659
1536,4221679,15.391793972247854,8.736687971304074e-05,0.0007749022723608634
1557,4112020,15.383395978941348,8.77560384520286e-05,0.0007775422927287663
529,437969,15.34180156363191,8.970936905264942e-05,0.0007940213633753772
2090,4049367,15.338411754040797,8.987047419496874e-05,0.0007943814361516723
289,140168,15.3370131450665,8.993702972553946e-05,0.0007943814361516723
2539,4236312,15.321512932485117,9.067796649921414e-05,0.000800094165466067
535,4258683,15.310118301777782,9.122656399785438e-05,0.0008040997036200921
2794,4093531,15.213787760459713,9.599994432396543e-05,0.0008452969190888438
785,4128329,15.19967424982634,9.672010356589254e-05,0.0008503393194087268
681,442111,15.197856306881707,9.681326072410971e-05,0.0008503393194087268
1929,4055993,15.196458913632757,9.688492895555666e-05,0.0008503393194087268
830,4004352,15.19279715238483,9.707298338548488e-05,0.0008503393194087268
1036,40481325,15.19279715238483,9.707298338548488e-05,0.0008503393194087268
2175,78605,15.180981537520415,9.768229798066455e-05,0.0008547955570975352
1746,257628,15.154309685724314,9.90719159997113e-05,0.0008657478854905876
596,140173,15.151117689811574,9.923954813084998e-05,0.0008657478854905876
3382,435226,15.151117689811574,9.923954813084998e-05,0.0008657478854905876
2251,4054067,15.090595744691193,0.00010247251613730845,0.0008930348406345742
1237,4290728,15.072240404214181,0.00010347381758214127,0.0009008371188478016
577,4163710,15.063776086170352,0.00010393886589059675,0.0009039596146083937
1808,138148,15.00410395034789,0.00010727762519608187,0.0009320429256555292
287,377575,14.989059596343123,0.00010813628728433117,0.0009385434454085413
1719,321882,14.986470415796411,0.00010828476188958462,0.0009388730834446944
749,4042728,14.983456704952616,0.00010845783928667352,0.0009390203084152983
870,46272242,14.982327416280718,0.00010852276601904472,0.0009390203084152983
3235,4128914,14.934632399905803,0.00011130093399484819,0.0009620793857113174
1387,439392,14.902199382454082,0.0001132308956354228,0.0009767745382885152
1235,198464,14.902199382454082,0.0001132308956354228,0.0009767745382885152
2718,4194894,14.89397708088228,0.00011372550210459285,0.0009800462387248737
288,436948,14.886590667761974,0.00011417168035290142,0.0009828943950948362
1609,192953,14.85661095171007,0.00011600077553124473,0.0009976301515070714
1626,75344,14.832893701801968,0.00011746866660441326,0.0010092328211705759
702,376707,14.817845120831027,0.00011840972368405461,0.0010162903253973859
1519,376125,14.813863173668846,0.0001186600003977295,0.0010174107198582317
2451,4323418,14.804353224659964,0.00011925988440595219,0.0010215234251989675
544,74396,14.759897967774576,0.00012210485138621315,0.0010448387937851491
309,435224,14.721071124780773,0.00012464546461620556,0.0010655055461206223
2475,4058219,14.716197902870668,0.0001249680775254983,0.001067189703250411
1000,4097159,14.65796218909302,0.00012888902002079097,0.0010995682762215471
526,4057044,14.643553269714495,0.00012987812160080898,0.0011068950844955606
763,43530807,14.641265795924504,0.00013003584681069353,0.0011071288480465561
4446,138996,14.55335468047922,0.00013624585306925768,0.0011580722872295253
1342,4160328,14.552717982509986,0.00013629190152165767,0.0011580722872295253
1625,444191,14.535509840489626,0.0001375424131907271,0.001167530354527081
3349,381021,14.50763197963483,0.00013959285620853803,0.0011837529932175125
1253,36676837,14.453178240535614,0.00014368718633891458,0.0012172582475790201
2568,4290976,14.403984157360437,0.0001474899308499335,0.0012482290263265787
601,4163735,14.401401092311652,0.00014769238124648782,0.0012486986701009026
293,4104431,14.370625188121638,0.00015012611206542724,0.001267570447578998
2144,4117713,14.369412457926394,0.00015022283637896328,0.001267570447578998
2717,4324765,14.317567827560502,0.00015441705583851823,0.0013016683764483028
271,439080,14.314321657343973,0.00015468355969658256,0.0013026226033120536
2509,42537744,14.304956202609933,0.00015545504284224663,0.0013078232663669006
2148,4245975,14.302763369328508,0.0001556362375026334,0.0013080525322056143
1909,192963,14.279462606817102,0.00015757477521091955,0.0013224815007368427
3731,195306,14.278393239756353,0.00015766432390801715,0.0013224815007368427
1356,134057,14.251644620954721,0.0001599210013451396,0.0013400875231061647
19,261880,14.181555927680446,0.00016598962641219665,0.0013895703011078176
2216,40490888,14.152261159725818,0.0001685943519516865,0.0014099864257219293
4078,4328879,14.06215645735026,0.00017686687514800013,0.0014777166549975978
3562,377574,14.053785234920412,0.00017765589587616468,0.0014828508322787537
3632,443616,14.007830224189023,0.00018205092214781487,0.0015180438522963524
864,443465,13.94978334559152,0.00018775929350650983,0.0015641085460047198
1031,318566,13.93610554036793,0.00018913042244378254,0.0015739874627863078
2941,376112,13.916895704028683,0.00019107315705700758,0.0015885994280952968
2594,439248,13.862041227591021,0.00019673210052692695,0.0016340495192348958
2207,195596,13.838930980075551,0.00019916649029671192,0.001652653972706212
3607,4222001,13.821035456600406,0.00020107240135017028,0.0016668411651438017
1896,443236,13.769776815475119,0.00020663386785442118,0.0017096085444586338
2307,141232,13.769776815475119,0.00020663386785442118,0.0017096085444586338
2855,4214530,13.744917179134074,0.00020938664335596078,0.0017306987437700377
1393,440853,13.720884571722728,0.0002120829626211943,0.0017512817622859942
1258,436658,13.716728575814086,0.00021255277678419152,0.001753457227509976
2564,4203555,13.714762059609145,0.00021277544675706112,0.0017535916305477675
2249,4121803,13.669239148662975,0.00021799625060122137,0.0017948780439521104
1269,381033,13.663706790202117,0.00021863946449429588,0.0017984312970068075
1828,436397,13.624009131580586,0.00022331131073366413,0.0018350833726343753
1064,4137430,13.619785466364114,0.00022381425913372543,0.001835665791369947
1786,42539502,13.619785466364114,0.00022381425913372543,0.001835665791369947
683,4113129,13.567323814348331,0.00023015729415782428,0.0018858693620627126
1792,196734,13.549407636521657,0.00023236474854715353,0.0019021226092535294
3811,4326356,13.54029894752517,0.00023349519944337207,0.0019077006823753197
2487,37207866,13.54029894752517,0.00023349519944337207,0.0019077006823753197
1616,4311499,13.50897056389083,0.00023742574947573314,0.001937950617958986
1166,4102501,13.504989791188805,0.00023792994027877886,0.0019402022097397159
1067,4137468,13.477842620434043,0.00024139719659378546,0.0019665886667856137
2309,40492482,13.439214463300672,0.0002464187812692835,0.0020055750808861132
3300,4023310,13.416065410609939,0.00024947842814946616,0.0020285341664937934
1988,4184423,13.370944736816273,0.00025555259314802466,0.00207395452146969
2607,4242816,13.370944736816273,0.00025555259314802466,0.00207395452146969
30,434005,13.364817870521069,0.00025638880984318717,0.0020787554553793526
2591,4099651,13.327887993002022,0.0002614878697322115,0.002116296545296977
1252,4347174,13.32767790789503,0.0002615171675369926,0.002116296545296977
2498,78474,13.308383003575324,0.00026422212905201185,0.002136151694153135
3426,4347307,13.299733144443351,0.0002654438947434461,0.002143989328550439
3479,4197184,13.293676857019676,0.0002663027142816096,0.002148883345917224
2318,4307254,13.271910079896202,0.0002694125685292148,0.002171915175325179
2995,434592,13.261232204841116,0.00027095149134095204,0.002182251016041772
2786,4134577,13.25190519514252,0.0002723029727400181,0.0021910590524355433
2573,434494,13.215460478180468,0.0002776492760118865,0.002231963952954588
739,37018854,13.15922744508692,0.00028610682014457975,0.002297778497890826
2106,4193620,13.15058914590565,0.000287428854521345,0.0023062162198941158
685,261325,13.092202150310808,0.0002965275547727284,0.002376976068777239
2554,4166126,13.075898963323787,0.0002991196287801315,0.002395494331521939
58,4081648,13.069199068986155,0.00030019146928894446,0.0024018144204784944
2336,4307981,13.056451677275918,0.0003022414850891629,0.002415941579306319
1417,4165998,13.041627410033684,0.00030464325974574895,0.002432315747085666
2333,196151,13.040280369403707,0.0003048624538832805,0.002432315747085666
2014,44782715,13.03731787062449,0.00030534507935697254,0.002433880993711253
197,36717286,13.014562944937563,0.00030907789607902776,0.002459021426014512
2674,437082,13.014562944937563,0.00030907789607902776,0.002459021426014512
2076,4001454,12.97713825415418,0.00031531754642857753,0.002506317298413118
2964,372912,12.966531326514975,0.00031710898297234504,0.002518200961043005
3669,434770,12.940609088843736,0.0003215303782685042,0.0025485481568539928
876,4329707,12.940609088843736,0.0003215303782685042,0.0025485481568539928
3594,4085898,12.927956523831881,0.0003237109706537375,0.002563440929771489
1172,317305,12.922337320455853,0.0003246841821867171,0.0025687537207081334
1868,435829,12.881981482247753,0.00033176079708748923,0.002622299063118508
2526,22340,12.866461735003167,0.0003345234975253268,0.002641678585941173
2493,4111099,12.802856118327803,0.00034609058660778477,0.002728702768670988
2252,37312520,12.80060630020472,0.0003465070362946918,0.002728702768670988
2366,435506,12.80060630020472,0.0003465070362946918,0.002728702768670988
1372,375801,12.789750114551902,0.00034852367054544724,0.0027420422487265416
931,80242,12.7638891184791,0.00035337539758535224,0.0027776417699192763
2184,432586,12.75975574361338,0.00035415714071251035,0.0027812137011406658
2192,4159742,12.733068382242188,0.00035924666628340326,0.0028185770299262026
1092,4108235,12.727673224639776,0.0003602845027661316,0.0028215091428606637
1280,43530687,12.727673224639776,0.0003602845027661316,0.0028215091428606637
6,195867,12.720214619565878,0.000361724255076413,0.0028301758705195964
1752,4141190,12.674797700789956,0.0003706173117890555,0.002893238988948887
3436,4044404,12.674797700789956,0.0003706173117890555,0.002893238988948887
1614,759860,12.673846805606061,0.00037080584429390815,0.002893238988948887
1736,4058370,12.664228288118395,0.00037271833941861953,0.002905493330311936
1947,4345578,12.643407831561746,0.00037689231736520663,0.0029353382407444188
1028,194992,12.570805679874182,0.00039181962463675124,0.0030460122145823196
2110,312622,12.570805679874182,0.00039181962463675124,0.0030460122145823196
498,4151134,12.554658644337085,0.0003952197863943853,0.003069636677324581
1428,372914,12.548638641788695,0.00039649505208317606,0.0030739219503200244
2270,318443,12.548638641788695,0.00039649505208317606,0.0030739219503200244
1612,4265749,12.49942886725351,0.00040707644557705076,0.00315307981592361
1004,76786,12.490514666768988,0.00040902349332759747,0.003165275612754641
4075,138994,12.398792105016316,0.000429611656639328,0.0033215743825881438
3258,135333,12.396550864764762,0.00043012760743552146,0.003322540254890569
3470,4004623,12.385094390358304,0.00043277475858333387,0.0033369211648662327
4045,35622934,12.385094390358304,0.00043277475858333387,0.0033369211648662327
1460,444044,12.378298012405551,0.0004343529024602098,0.0033460531388979173
2347,4195677,12.361505499216493,0.0004382771293426907,0.003373225333355836
1484,4043731,12.337889494371463,0.00044385654322189543,0.003406909708903745
3873,4091901,12.337889494371463,0.00044385654322189543,0.003406909708903745
2127,4055700,12.337889494371463,0.00044385654322189543,0.003406909708903745
1056,4166125,12.33134891268168,0.00044541442776121484,0.003415781942858342
371,4239487,12.287669690743742,0.0004559606959447672,0.0034903585886871054
1579,436231,12.287669690743742,0.0004559606959447672,0.0034903585886871054
1493,434449,12.285472363029236,0.0004564978447054307,0.0034913251003258726
1038,434814,12.267362217027348,0.0004609493593655783,0.0035222002756558624
4222,377561,12.249806543512747,0.0004653063966312355,0.003552298699169459
1580,4173780,12.239894784061196,0.0004677846691518116,0.003568012866950577
2511,43021250,12.231265566126943,0.00046995310781368285,0.003581337719365796
2310,4186463,12.223709532816972,0.00047186019450559647,0.0035926488106756745
744,40481302,12.211522014601497,0.0004749527062048568,0.0036129571572270976
1711,4013526,12.208135641040924,0.0004758156044021883,0.003616283712527186
628,196236,12.20613153611439,0.00047632702511785416,0.0036169354177179687
381,4256228,12.20071520322415,0.0004777119780603064,0.0036242131049807353
1323,4169954,12.19373157807926,0.00047950368655018513,0.0036345609497028756
2874,380395,12.18048909066945,0.00048291980419279385,0.0036539355086608813
1545,141650,12.18048909066945,0.00048291980419279385,0.0036539355086608813
796,4306292,12.129256229068616,0.0004963691289396945,0.0037523563065841497
741,443558,12.10857285929469,0.000501905343818802,0.0037908352946029867
1518,4096856,12.097075785808565,0.0005050096161077508,0.0038108940568983645
254,433516,12.092974839816836,0.0005061215768099522,0.0038158962184154073
244,259153,12.077977283032855,0.0005102092119506092,0.0038433046754825584
2977,4013596,12.0712310545149,0.0005120587698281722,0.003853820520132842
3134,439278,12.057517293076618,0.0005158394479203935,0.0038788387513093658
2589,4207936,12.021791365230355,0.000525821405195744,0.003946912084759926
2128,46269755,12.021791365230355,0.000525821405195744,0.003946912084759926
574,439846,12.001687286230307,0.0005315240643653413,0.0039820208190341115
2299,4048684,11.997383710237074,0.0005327528932123662,0.0039820208190341115
2403,4241033,11.997383710237074,0.0005327528932123662,0.0039820208190341115
2609,314664,11.997383710237074,0.0005327528932123662,0.0039820208190341115
5275,4014066,11.997072362696137,0.0005328419055245127,0.0039820208190341115
708,45768963,11.976598866670368,0.0005387282241994606,0.004022472514079804
2986,4263360,11.962974484235781,0.000542681694972846,0.004048434031768457
2121,4033802,11.954461753385509,0.0005451667407787938,0.004063405084559132
1783,4130023,11.938547056805746,0.0005498434341499937,0.00409467104292068
698,37109301,11.915700854279596,0.0005566279204428466,0.004141565183890427
2373,74130,11.877935138231116,0.0005680288129284522,0.004222695383598476
1689,439937,11.871731966562635,0.0005699238729288873,0.004233079675067094
1474,4030035,11.865561224248129,0.0005718153593182516,0.0042434193084080205
41,377545,11.847408020623817,0.0005774165998749885,0.00428124681425635
1765,31057,11.841845375972712,0.00057914403940435,0.004290311162004151
800,36713170,11.821717108148395,0.0005854384480140683,0.004333162450152908
1079,436353,11.789982434616629,0.0005955029709831323,0.0044038196209257394
730,37396146,11.77178825432663,0.0006013517960298018,0.004443205400752371
1935,440058,11.765516509845016,0.000603381369943514,0.004450461371883714
525,437828,11.765516509845016,0.000603381369943514,0.004450461371883714
2113,135214,11.749221226046384,0.0006086870144014894,0.004485701267449659
688,201905,11.707751865489438,0.0006224026898423285,0.004582803860996764
2768,36712794,11.659148810856497,0.0006388756564220669,0.004695957138943168
3135,372604,11.659148810856497,0.0006388756564220669,0.004695957138943168
1007,438383,11.59730773821747,0.0006604736435721779,0.004850513871592736
2819,4320332,11.562510615679368,0.0006729492607543639,0.004937866898644067
4042,432612,11.52279551626173,0.0006874792791668752,0.0050401306601216035
2643,441969,11.516335793791223,0.0006898723976459148,0.005053315312756326
4394,36715746,11.514394715293125,0.0006905931474491876,0.005054237703596681
1203,440360,11.501462885496256,0.0006954143722258373,0.005085142788987039
2131,132932,11.473241262942775,0.0007060543221154489,0.005158506943263086
364,4281109,11.468201476769032,0.0007079716282049276,0.005168071241286314
2720,380375,11.446812585162403,0.000716167397360125,0.005222557765323213
2660,4147411,11.445521987665785,0.0007166649822721979,0.005222557765323213
1910,374384,11.43127017238696,0.0007221829942138391,0.005258259555985426
862,436246,11.42392621906994,0.0007250431610446353,0.005274454884888769
910,433633,11.420786268502663,0.0007262695322254747,0.005274454884888769
2415,40482807,11.420786268502663,0.0007262695322254747,0.005274454884888769
3748,4320803,11.394968993048188,0.000736432779871924,0.005339137654071449
1213,374013,11.394968993048188,0.000736432779871924,0.005339137654071449
2631,199991,11.357115331041644,0.000751594691921845,0.005444416110196007
243,317009,11.3410938531627,0.000758106573357038,0.005479415766653724
1440,196463,11.340470838729512,0.0007583609440490501,0.005479415766653724
2881,381551,11.340470838729512,0.0007583609440490501,0.005479415766653724
3096,313761,11.321400285351476,0.0007661891286002827,0.005531273598739678
91,321876,11.319666726615988,0.0007669047652580365,0.005531740059760217
1604,374914,11.285673404214231,0.0007810749596838209,0.005624401637655445
1413,37207926,11.285673404214231,0.0007810749596838209,0.005624401637655445
3183,4295956,11.27564487225851,0.0007853057035028472,0.005640526257534821
2419,4195865,11.27564487225851,0.0007853057035028472,0.005640526257534821
4464,313226,11.27564487225851,0.0007853057035028472,0.005640526257534821
885,376973,11.245484484918883,0.000798169562993872,0.005728080047938286
2295,40482727,11.237044889358554,0.0008018071625606984,0.0057493295023445185
932,4052226,11.204361461894758,0.0008160530233374002,0.005845315351251866
290,375519,11.201730528069973,0.0008172108443856591,0.005845315351251866
1600,197917,11.20143037875619,0.0008173430395229202,0.005845315351251866
732,4222174,11.200063902612573,0.0008179451515403635,0.005845315351251866
3639,4296611,11.195179201410111,0.0008201011710215021,0.005845972860880623
2292,436695,11.195179201410111,0.0008201011710215021,0.005845972860880623
3067,46270383,11.195179201410111,0.0008201011710215021,0.005845972860880623
235,437779,11.18236588107349,0.0008257840752009768,0.005876622518410971
4485,376387,11.18236588107349,0.0008257840752009768,0.005876622518410971
459,378416,11.177073780728147,0.0008281428013011711,0.005888476470841883
753,4308696,11.1320734964144,0.0008484769020421695,0.0060280169202778545
1894,137785,11.126135784705628,0.0008511973779588106,0.006042292498342535
2439,45757559,11.08663022164681,0.000869523478979707,0.006162085905663529
812,36712806,11.08663022164681,0.000869523478979707,0.006162085905663529
1048,444211,11.024079312016845,0.0008993593626382605,0.00636291132750816
351,4124693,11.024079312016845,0.0008993593626382605,0.00636291132750816
2350,320073,10.986032425720468,0.0009180112782985865,0.0064840746730698996
1713,37017081,10.986032425720468,0.0009180112782985865,0.0064840746730698996
1619,442268,10.984193372004354,0.0009189226914246315,0.006485121353019181
4186,199064,10.95951218928608,0.000931243290190768,0.006561172667289349
1121,4157456,10.95951218928608,0.000931243290190768,0.006561172667289349
122,78234,10.954373732342265,0.0009338292888672784,0.006573941563798893
1041,43530685,10.944439882909998,0.0009388492390111323,0.006603809589302642
703,438430,10.934750210716722,0.0009437720839816146,0.006632945738289312
827,381444,10.897959316023819,0.0009627026097425373,0.006760400061968875
657,440638,10.865728398412122,0.000979602146619764,0.0068630579094658695
1729,4098611,10.865482368254083,0.0009797322939361095,0.0068630579094658695
2514,4289309,10.865459244986603,0.0009797445267955866,0.0068630579094658695
1960,4012934,10.851450957706277,0.0009871837671929819,0.00690947320415055
2860,4210746,10.844485994230908,0.0009909038151867185,0.0069184139011023394
2893,201900,10.844485994230908,0.0009909038151867185,0.0069184139011023394
1415,4338669,10.844485994230908,0.0009909038151867185,0.0069184139011023394
709,139900,10.808744135926272,0.0010102180830887637,0.007047473770119233
3435,81239,10.795742674598984,0.0010173379000580852,0.007091320866934824
2291,4069935,10.77909219884705,0.0010265301443199634,0.00714953002974322
2894,443535,10.744673826114155,0.0010457987174750981,0.007273219727299253
3170,140273,10.742801309959601,0.0010468574469209117,0.007273219727299253
2558,45770886,10.742801309959601,0.0010468574469209117,0.007273219727299253
1895,4033848,10.733613458971274,0.0010520680317653935,0.007303449400253716
2951,4182370,10.710132732842938,0.0010655038500521786,0.007390682623586417
1191,42873170,10.704446545161886,0.0010687835435195718,0.0074073848036588915
1669,134681,10.678990305895173,0.0010835919031678008,0.007503896007511657
2778,40483220,10.674594692611997,0.0010861698455967759,0.007515623109149677
3306,375817,10.643554966706963,0.0011045515081444988,0.007630385499759192
2163,4050853,10.643554966706963,0.0011045515081444988,0.007630385499759192
2229,441701,10.631568953461084,0.0011117335399991669,0.007673761079913015
2428,136934,10.579905162594295,0.0011432352436216025,0.007884796968386978
1489,4166144,10.5687310255897,0.0011501665414481838,0.007926167966492472
1370,25844,10.560230925082578,0.0011554675993232363,0.007956246508468021
396,199876,10.539303884128522,0.0011686242690690397,0.008040324222088769
3215,436147,10.521804041152432,0.0011797425989653445,0.008103696736789436
3389,72986,10.521804041152432,0.0011797425989653445,0.008103696736789436
1768,315085,10.468303935814982,0.0012144016059760419,0.008335032670418761
3289,4152931,10.430342087385123,0.0012396178050244429,0.008487536252451805
4666,193874,10.430342087385123,0.0012396178050244429,0.008487536252451805
3823,4164151,10.430342087385123,0.0012396178050244429,0.008487536252451805
1458,374022,10.411560668724734,0.001252288658857111,0.008567388674966885
1026,40487064,10.39902222908032,0.001260820582758188,0.008611891070495436
2191,439928,10.39902222908032,0.001260820582758188,0.008611891070495436
2622,195977,10.385037440712575,0.0012704061152802235,0.008670394185972739
4857,4058155,10.362405052564176,0.0012860754675096007,0.008763258418146815
1414,4187244,10.362405052564176,0.0012860754675096007,0.008763258418146815
713,200445,10.358110102776607,0.0012890710524148556,0.008776631997090568
2225,193688,10.337707927088196,0.0013033976365869329,0.008859975774463335
1478,4096313,10.337707927088196,0.0013033976365869329,0.008859975774463335
699,44782733,10.333930888263094,0.0013060675333579877,0.008871027842480273
5144,44782446,10.263994540790879,0.0013565164658493854,0.009191643070432399
5518,4176892,10.263994540790879,0.0013565164658493854,0.009191643070432399
3374,376132,10.263994540790879,0.0013565164658493854,0.009191643070432399
3547,200447,10.22114338716149,0.0013883975228267795,0.009400170319887765
4631,4279139,10.218089631416287,0.00139069825246069,0.009400766150484074
2925,4138412,10.218089631416287,0.00139069825246069,0.009400766150484074
5013,432463,10.20374669662025,0.0014015561096443626,0.009466631370149562
1354,4289914,10.195768343804538,0.0014076329738070808,0.009496165401834433
2694,374360,10.19361004764712,0.0014092814607171023,0.009496165401834433
1741,432798,10.19361004764712,0.0014092814607171023,0.009496165401834433
263,37018196,10.179895311113903,0.0014198024228558315,0.009559477961177497
901,201820,10.159891908962694,0.0014352903610761417,0.00965610625341566
716,36715916,10.148616548317952,0.0014440957573764925,0.0097076595335665
149,4296653,10.106069163843664,0.0014778183273133482,0.0099264998633846
3018,40480082,10.067422811844567,0.0015091398064395697,0.010128879095827032
1487,433681,10.055294385948418,0.0015191074098111273,0.010187731382135082
840,436421,9.999695276924902,0.001565661305494902,0.010488031720206537
789,435225,9.998722207691776,0.0015664888100721493,0.010488031720206537
166,4277253,9.997429768280313,0.001567588594169978,0.010488031720206537
278,27587,9.969447294368798,0.0015915926332673708,0.010623537003042301
2523,37312529,9.969447294368798,0.0015915926332673708,0.010623537003042301
2093,438567,9.969447294368798,0.0015915926332673708,0.010623537003042301
878,762207,9.935190382717579,0.0016214866375749244,0.010814577676196336
1731,137345,9.921239901347645,0.0016338228042452705,0.010887040915576001
2513,437530,9.920011058791138,0.0016349139941479322,0.010887040915576001
1844,195581,9.916829421135922,0.0016377426622811281,0.010897337041035824
3093,437262,9.906036393395887,0.0016473753055273354,0.010952854437453655
3402,381569,9.902153672455345,0.0016508546066555975,0.010962539208045222
35,4027663,9.901532103019067,0.001651412285076837,0.010962539208045222
1722,29056,9.886222174257314,0.0016652089197142683,0.011045495855434925
1502,4054063,9.88364306546126,0.0016675445659482353,0.011052360512372976
613,200527,9.876951679542112,0.0016736197868153443,0.011083980770514404
1515,374954,9.867092824297906,0.0016826116903829466,0.011126187963567236
4102,46273477,9.867092824297906,0.0016826116903829466,0.011126187963567236
55,73819,9.863679810094233,0.0016857359690152197,0.011138179260281742
1459,442287,9.86140386849678,0.0016878226354477648,0.011143301424552958
1244,4171919,9.854199408671434,0.0016944452169892462,0.011178339292513684
4915,80951,9.82330858014032,0.0017231409032668133,0.01135882719554547
999,4092879,9.82104496805041,0.0017252629240818488,0.011363999275909665
2947,36714559,9.79952928881799,0.0017455654498826812,0.011479930052363113
2490,437703,9.79952928881799,0.0017455654498826812,0.011479930052363113
2199,26823,9.787354311866475,0.0017571610305707028,0.0115472523408811
960,40483134,9.77667235521704,0.001767398914071834,0.011605555311335683
1047,4100662,9.77391842063678,0.0017700481483138796,0.01161397615152358
1977,4224968,9.763254902581917,0.0017803442708353443,0.011672519497907347
2789,4065997,9.755450989756724,0.0017879177552823176,0.011713135826240442
2824,377830,9.712388037421732,0.0018303002585296395,0.011970436836705706
2791,4166058,9.711619375818032,0.0018310659539120524,0.011970436836705706
515,377888,9.71126499565354,0.0018314190758758877,0.011970436836705706
690,438749,9.698946971157815,0.001843736356904754,0.012041681648439426
3383,442600,9.687482634300565,0.0018552754312570724,0.012079904474629382
4718,4070976,9.687482634300565,0.0018552754312570724,0.012079904474629382
2410,439155,9.687482634300565,0.0018552754312570724,0.012079904474629382
4815,372906,9.687482634300565,0.0018552754312570724,0.012079904474629382
1063,4098292,9.680392221998837,0.001862448674467017,0.012117324951719941
1426,36713108,9.677657093142232,0.0018652232630931255,0.012126091864194556
2542,377556,9.669415839257098,0.0018736087705501661,0.012171294895538809
1804,4225324,9.626984478586248,0.0019173916099898272,0.012446200542462614
250,4000982,9.612797462151304,0.0019322607006552902,0.012533144407227482
3408,433455,9.607613847182456,0.0019377226411991476,0.012534054481875454
1859,318776,9.607613847182456,0.0019377226411991476,0.012534054481875454
4067,4109067,9.60706538232916,0.0019383014698345707,0.012534054481875454
3385,439246,9.60706538232916,0.0019383014698345707,0.012534054481875454
745,441051,9.595422591928973,0.0019506302614278957,0.01260418656376641
2024,137856,9.586871546150158,0.001959735751161219,0.01264981676175663
3403,75051,9.585996939706808,0.0019606694922011864,0.01264981676175663
1975,432881,9.578872893495337,0.0019682920343753814,0.012689360710233395
1983,376686,9.563447803955981,0.0019848995908352722,0.012786726173864523
2359,4064036,9.5578655888304,0.0019909446801918925,0.012815952233023113
3337,43530714,9.546526409769225,0.0020032816295796224,0.012862979546429194
2116,196724,9.546526409769225,0.0020032816295796224,0.012862979546429194
2400,316428,9.546526409769225,0.0020032816295796224,0.012862979546429194
2914,40492392,9.54558841334293,0.0020043056278065494,0.012862979546429194
4013,40491960,9.528106320413164,0.0020234880170528196,0.012976285042187025
1644,43022069,9.525543900586188,0.002026315255933441,0.012984615934891742
1299,436075,9.459694000981555,0.002100361075924886,0.013448958599950081
2156,319826,9.450724440486466,0.002110657194033733,0.013504709471163124
1637,381301,9.437631564894021,0.0021257784127287913,0.013581006896959805
1035,43021779,9.437631564894021,0.0021257784127287913,0.013581006896959805
2823,139110,9.423352094266034,0.0021423953457483254,0.013668382818729447
3926,4003830,9.42311511357627,0.002142672227203439,0.013668382818729447
2522,194079,9.419294489274803,0.0021471411477195328,0.013686615402980397
1236,320136,9.413385978740463,0.002154070855226476,0.013720494795246901
939,4260535,9.411651369719557,0.0021561095691899385,0.013723193265473338
637,4127117,9.402844627936975,0.0021664905053791635,0.01377894447919667
43,80187,9.39562869142719,0.0021750340572952768,0.013822935216782323
1790,45763584,9.382909272901511,0.0021901769376812975,0.013908769386754845
2787,377294,9.36499320859959,0.002211688180171246,0.01403488757797989
3257,435227,9.309009570328335,0.002280297179667996,0.014449954274438287
719,436799,9.308848492267174,0.0022804976676499638,0.014449954274438287
3342,4096196,9.284654622099367,0.002310814872493069,0.014598508529051011
1735,4300704,9.284654622099367,0.002310814872493069,0.014598508529051011
2208,4339092,9.284654622099367,0.002310814872493069,0.014598508529051011
1686,36713111,9.284654622099367,0.002310814872493069,0.014598508529051011
3198,44783205,9.266824467418601,0.0023334191927847185,0.014717978259044077
2092,437385,9.265645054744587,0.002334922289418785,0.014717978259044077
4141,192759,9.265645054744587,0.002334922289418785,0.014717978259044077
2547,436339,9.25069413868812,0.002354061789225867,0.014827622700557593
1924,433992,9.226446163839563,0.0023854420442533785,0.01501414892594145
1699,316999,9.218261168483682,0.002396130115558445,0.015070257284900152
1918,40481919,9.212929321909517,0.002403118633646939,0.015103031826995591
2030,443744,9.201006526923218,0.002418820922067845,0.015190481430015137
447,4043371,9.19459673921174,0.0024273055866414674,0.01523250780627219
828,433758,9.171959410033091,0.0024575131568258675,0.015410693205571509
2953,4207935,9.142912772193878,0.0024968330014558766,0.01563418571361134
3466,77707,9.142912772193878,0.0024968330014558766,0.01563418571361134
2203,45767037,9.115310544987482,0.0025347892122257578,0.015836841129619313
2277,374377,9.115310544987482,0.0025347892122257578,0.015836841129619313
2723,312902,9.115310544987482,0.0025347892122257578,0.015836841129619313
2999,43530719,9.105930720644636,0.0025478204345926367,0.015889737184336873
4481,4151937,9.105930720644636,0.0025478204345926367,0.015889737184336873
365,4344612,9.105180459331297,0.002548865691685437,0.015889737184336873
3482,43530648,9.099590679951977,0.002556667034887438,0.015926686067037066
4288,435228,9.091541176304956,0.002567943880280859,0.01597351328751571
3412,4242514,9.091541176304956,0.002567943880280859,0.01597351328751571
1418,40482267,9.077786638900962,0.0025873300939411614,0.016082329047708885
938,4167102,9.033086859828133,0.0026513638536744544,0.016468303117450175
705,45771045,8.992215995991485,0.0027113201389121202,0.01682840556635229
4386,35611566,8.971449255343712,0.0027423098987508863,0.01700832643042794
752,440940,8.955973802591942,0.002765637260922081,0.01714049584686719
1374,4234997,8.939508853484336,0.002790677470104379,0.017283080512738275
4349,4340383,8.931038372533289,0.0028036491016807923,0.01733814149707547
1456,40481354,8.931038372533289,0.0028036491016807923,0.01733814149707547
4732,4147638,8.913829512268345,0.0028301915072340596,0.017476843922214973
4686,434311,8.913829512268345,0.0028301915072340596,0.017476843922214973
2139,437176,8.907943787091188,0.002839327912033121,0.017520529606786805
2250,197304,8.903476453746634,0.0028462825396531636,0.01755069864980619
2220,444411,8.8906075607269,0.0028664133499994022,0.017662011772983988
758,443284,8.88640885467191,0.002873012624076343,0.017689846570128034
2706,374036,8.878956306427797,0.002884764118347455,0.017727827080486206
2387,40321716,8.877533874190211,0.002887012612037062,0.017727827080486206
1452,194847,8.874749844959407,0.002891418587442586,0.017727827080486206
1903,4110914,8.874749844959407,0.002891418587442586,0.017727827080486206
635,138858,8.873255971774903,0.002893785590282967,0.017727827080486206
5099,4078359,8.873255971774903,0.002893785590282967,0.017727827080486206
2996,40487528,8.873255971774903,0.002893785590282967,0.017727827080486206
448,4108356,8.870022310438596,0.0028989159848050376,0.017746461904098277
1053,4111566,8.863952121825156,0.002908571659183876,0.017792752619211948
1453,438155,8.829996857920316,0.0029631889661218464,0.018113824924559232
882,4176908,8.784554505514185,0.003037917469714519,0.018553467459050097
3584,318712,8.783618959438497,0.0030394758977283433,0.018553467459050097
1027,373499,8.771870073285243,0.0030591164221991153,0.018659951356371777
651,4216644,8.769212142713036,0.003063577519968908,0.018673757666553666
1749,4000964,8.76572646449323,0.0030694379371351142,0.018682674893866092
4775,4147614,8.76572646449323,0.0030694379371351142,0.018682674893866092
274,4138760,8.763076480907149,0.003073900933776862,0.01869644683915676
1080,4168213,8.7572850533423,0.0030836775883081218,0.018731360276365253
1622,374643,8.755761673426285,0.0030862544882795523,0.018731360276365253
2857,316135,8.755761673426285,0.0030862544882795523,0.018731360276365253
1190,4155033,8.71598794644411,0.0031543143586043963,0.019130770239158854
4311,4111711,8.71300862873414,0.0031594734887197932,0.019148392463375238
338,379832,8.707430979323213,0.003169155079039166,0.01919337897832915
269,4094742,8.680930853029395,0.003215567081704129,0.019432911446116634
1851,442012,8.680930853029395,0.003215567081704129,0.019432911446116634
2315,433000,8.680930853029395,0.003215567081704129,0.019432911446116634
2063,4164959,8.64620183207707,0.0032774387261856135,0.019792748298791157
4503,43021227,8.643375070715285,0.0032825276987834997,0.01980704178708409
1572,81723,8.642298645617036,0.003284467680122571,0.01980704178708409
898,4211657,8.625207881925359,0.0033154260225055974,0.019979556676049687
2286,138455,8.623478198030899,0.003318575666856278,0.01998436388467597
208,433128,8.617906001651987,0.003328742977356487,0.019994687847065998
3699,4334801,8.617380953938797,0.003329702636648039,0.019994687847065998
1388,440087,8.617380953938797,0.003329702636648039,0.019994687847065998
4016,4182683,8.617380953938797,0.003329702636648039,0.019994687847065998
1445,36717267,8.580210140717119,0.003398361490036502,0.02039256891302271
2899,377298,8.569087698535157,0.0034191843993142154,0.020503041525033794
3549,4140828,8.565322609000727,0.0034262625680345233,0.020516527865108772
1696,4110189,8.565322609000727,0.0034262625680345233,0.020516527865108772
1259,4149904,8.54809248683311,0.003458844839252506,0.020650746454736812
3939,4155029,8.547883576937053,0.0034592418160369087,0.020650746454736812
2821,441233,8.547883576937053,0.0034592418160369087,0.020650746454736812
1386,30978,8.547883576937053,0.0034592418160369087,0.020650746454736812
1601,40484532,8.547048627091652,0.0034608288750788774,0.020650746454736812
920,43021778,8.54036283158286,0.0034735638515072365,0.0206875627048907
2180,4056428,8.540204066518983,0.003473866842611556,0.0206875627048907
1508,373487,8.539975585719619,0.003474302928078031,0.0206875627048907
816,36712779,8.51600166643917,0.003520370987086156,0.02094719347147834
492,4308509,8.499971854341666,0.0035515197445722267,0.02111774896405193
5265,78586,8.480647556449423,0.003589443108481358,0.021313415857977705
4829,44783163,8.480647556449423,0.003589443108481358,0.021313415857977705
132,4084229,8.471853456102693,0.003606837355250281,0.02140174372036427
2020,4216708,8.45700915930864,0.0036363932541142877,0.021562061046900977
2921,437295,8.446131711525013,0.0036582071807419315,0.021632527795282377
2776,4344258,8.446131711525013,0.0036582071807419315,0.021632527795282377
228,4069320,8.446131711525013,0.0036582071807419315,0.021632527795282377
1410,4340799,8.444613311644424,0.0036612627877345098,0.021632527795282377
158,45763759,8.442872115445883,0.0036647699419610122,0.021632527795282377
2047,4155039,8.442212906497748,0.003666098626009959,0.021632527795282377
2147,4202383,8.442212906497748,0.003666098626009959,0.021632527795282377
4144,4164092,8.433737508513879,0.0036832251183333193,0.02170344232349391
5837,4034214,8.433737508513879,0.0036832251183333193,0.02170344232349391
2130,40480603,8.432137466111918,0.0036864674917009245,0.02170749430144335
2892,438905,8.396042346453758,0.0037603881990533874,0.022096831623344835
4077,4144154,8.396042346453758,0.0037603881990533874,0.022096831623344835
3769,4147787,8.396042346453758,0.0037603881990533874,0.022096831623344835
556,198202,8.389905283788995,0.0037731057006397117,0.022140938631447258
2244,4176946,8.389905283788995,0.0037731057006397117,0.022140938631447258
1679,4066824,8.372281924057011,0.0038098693719510303,0.022341242272924708
2976,37309626,8.337488189403478,0.0038835252918226126,0.022741774227854405
1529,37016338,8.337488189403478,0.0038835252918226126,0.022741774227854405
3908,372627,8.317084192378806,0.003927391365958961,0.022982812972832844
2234,28974,8.307175459326025,0.003948875435406028,0.02309263219177221
581,75863,8.285911560544843,0.003995384270265594,0.02334854205257686
4743,4143365,8.27196995893353,0.004026179775455128,0.02351233646188469
2117,140480,8.270323028113337,0.004029833585298762,0.02351751097134861
3001,197150,8.258566540051397,0.004056014224941642,0.023654051385949986
2237,317585,8.242459366184145,0.00409216472615153,0.02384850732380628
522,132466,8.23168021185582,0.004116540144673972,0.02397412036277912
1691,314171,8.222843867042211,0.004136632380080802,0.02405815560133236
991,27918,8.222843867042211,0.004136632380080802,0.02405815560133236
2680,4243593,8.206752663121682,0.00417347757712616,0.024255840610698347
1891,40479625,8.20134673674117,0.004185930734169708,0.024311588139603556
2931,437954,8.19400901156074,0.004202894538905736,0.02439343913735112
2158,40480160,8.18907572167201,0.004214338942864399,0.024443165868613514
771,79833,8.181425509279538,0.004232148918343647,0.024529719890290562
3339,75910,8.165828775622215,0.004268696373930136,0.024689443353180553
2363,435521,8.165828775622215,0.004268696373930136,0.024689443353180553
2187,376690,8.164710587341983,0.004271328907752785,0.024689443353180553
1045,438422,8.164710587341983,0.004271328907752785,0.024689443353180553
1363,433811,8.162479199909203,0.004276587170067325,0.024703032755990523
4365,440078,8.149909541249105,0.004306330910646808,0.02484106839631088
1987,4051747,8.149909541249105,0.004306330910646808,0.02484106839631088
1142,4197476,8.137743895397373,0.0043353191831364945,0.024991320962761732
4157,433195,8.135919316233876,0.004339683885148712,0.02499952133702278
1335,4078384,8.11338280188708,0.004393965387527535,0.025295070391477957
3041,4251306,8.10936910273777,0.00440370507009206,0.02533397561311593
2949,134735,8.100092584084111,0.004426299758240611,0.025446731424743213
5,441428,8.082492099592823,0.004469493989246416,0.025677681153905882
1523,4233565,8.067228216960107,0.004507301260915424,0.025859918172855066
466,4151978,8.067228216960107,0.004507301260915424,0.025859918172855066
407,141095,8.056081181552955,0.004535117089565579,0.026001950006773765
1448,201606,8.04477802236746,0.004563501021273125,0.02614704529855546
2626,198985,8.030875428600332,0.004598660774214339,0.026330741643193562
1362,45767658,8.023380169860324,0.00461773066832545,0.02642212625505815
1706,4113837,7.994110581619199,0.004692974776405715,0.026834593994023794
3307,312337,7.989874952037544,0.004703966389271713,0.026879356025313886
4047,4080368,7.985659331618079,0.004714932114904092,0.02690582819364679
3966,4190307,7.985659331618079,0.004714932114904092,0.02690582819364679
3647,44782681,7.964415685258393,0.004770588887660833,0.027205163609700735
3120,314659,7.947471498778735,0.004815460887694696,0.027405874857831098
3217,312327,7.947471498778735,0.004815460887694696,0.027405874857831098
1559,4313767,7.947471498778735,0.004815460887694696,0.027405874857831098
272,77066,7.923128758936448,0.00488067968711506,0.027758457363732707
1822,437064,7.874591174745937,0.005013420427519295,0.028475289687587866
3363,4116451,7.874591174745937,0.005013420427519295,0.028475289687587866
599,438156,7.872078132437487,0.005020392431886302,0.028495841345182304
3570,31602,7.865598760930876,0.0050384139479069485,0.028529383845970178
1194,4053828,7.8639214641493265,0.005043089859555985,0.028529383845970178
2891,433405,7.8639214641493265,0.005043089859555985,0.028529383845970178
2688,380397,7.8639214641493265,0.005043089859555985,0.028529383845970178
2353,261116,7.8639214641493265,0.005043089859555985,0.028529383845970178
1501,4194207,7.858303329619383,0.005058784143859769,0.02855097516206602
2728,378423,7.857744835917833,0.0050603470158963665,0.02855097516206602
2572,433976,7.857744835917833,0.0050603470158963665,0.02855097516206602
6242,4114164,7.857744835917833,0.0050603470158963665,0.02855097516206602
209,4003132,7.85403393254148,0.005070744000685413,0.028553051155292535
2120,4162994,7.853890932287353,0.0050711450854751955,0.028553051155292535
5372,40483183,7.853890932287353,0.0050711450854751955,0.028553051155292535
1234,196157,7.852817651926553,0.005074156436917939,0.028553051155292535
2102,4312493,7.847845554428389,0.005088130670508559,0.028593813695311655
1411,4335891,7.847845554428389,0.005088130670508559,0.028593813695311655
1220,4245842,7.8231986877300645,0.005157982757369092,0.028967203892508377
2764,4013160,7.804066819766785,0.005212877949568802,0.029217561964040975
2253,4305303,7.804066819766785,0.005212877949568802,0.029217561964040975
3752,380702,7.804066819766785,0.005212877949568802,0.029217561964040975
1158,37018875,7.7957579657922835,0.005236903717725355,0.02931355131061419
3974,37109512,7.7957579657922835,0.005236903717725355,0.02931355131061419
997,201690,7.778193991113796,0.005288063645732284,0.029580432388273348
1451,193520,7.743987672860239,0.0053891662807772,0.030126148610370967
1665,4108814,7.721829183577576,0.005455709216553184,0.030478081007924
304,379019,7.6948594551777925,0.005537832195569448,0.030916530989325626
1169,4185356,7.685000964323408,0.005568165013108139,0.031065461665384014
971,78771,7.6649616717905555,0.005630345648058013,0.0313917631046909
4343,437904,7.662894658185222,0.005636799616801998,0.03140713858620759
1250,4300110,7.650801756422248,0.005674709546369819,0.03159764548853496
1043,4168689,7.6245854952925045,0.0057577901586715365,0.03201828728941888
2339,4150485,7.6245854952925045,0.0057577901586715365,0.03201828728941888
1916,26711,7.621408003662188,0.005767943733222176,0.03203282215763976
187,4338523,7.621408003662188,0.005767943733222176,0.03203282215763976
2732,4119146,7.6000278607006555,0.005836739889641909,0.032393715768966234
2908,43530851,7.589189723285685,0.005871933544345756,0.032567767184272775
2905,4298740,7.5753904660532205,0.005917056063457111,0.03279662450828119
1457,43531622,7.543966431961977,0.006021135014698091,0.03335174981739875
2998,4125650,7.538380526993265,0.006039830610686573,0.033411745246747275
2153,195079,7.538380526993265,0.006039830610686573,0.033411745246747275
618,380111,7.5257987445452965,0.0060821581438486585,0.03362400634240862
819,4000983,7.516514806662033,0.006113585079971498,0.03376369206261057
1874,261687,7.515988175822656,0.006115372729711388,0.03376369206261057
848,40480429,7.484448362382732,0.0062234132013353404,0.034337884397237915
164,4107655,7.478533924061116,0.00624388917389952,0.03442850506854265
4175,4058397,7.438534880244312,0.006384184217650471,0.03513368736876687
3604,440303,7.438534880244312,0.006384184217650471,0.03513368736876687
4191,4102985,7.438534880244312,0.006384184217650471,0.03513368736876687
5115,436086,7.429156424113282,0.006417541917821567,0.03527157417576317
4237,432289,7.429156424113282,0.006417541917821567,0.03527157417576317
707,198678,7.409322228352629,0.006488676367769812,0.03563948487197162
1756,435726,7.380797584072916,0.0065923927782292275,0.036185763201946865
6000,4309525,7.369042717585256,0.006635624882162567,0.03637606749918408
2204,31884,7.369042717585256,0.006635624882162567,0.03637606749918408
491,4033861,7.361721079996528,0.006662698645155178,0.036500935130808224
2303,4052227,7.346576836081626,0.006719057177116115,0.03678597218682708
4634,4147491,7.342846746786373,0.006733013085108037,0.03683864274575853
2119,4129393,7.329353620338688,0.006783744527371586,0.03706847411516165
4275,4097128,7.329353620338688,0.006783744527371586,0.03706847411516165
1751,4110056,7.325794412659693,0.006797191387398127,0.03711808176010404
990,4219643,7.307566089629103,0.006866486852304926,0.03744835608731383
1985,4085586,7.307566089629103,0.006866486852304926,0.03744835608731383
2297,45757656,7.302642648177251,0.006885326922575563,0.03752701915402473
413,4194889,7.282688416519171,0.006962226176297899,0.03792181783333541
1516,441848,7.279285930461059,0.00697542590729904,0.03793338173545629
4301,37207927,7.279285930461059,0.00697542590729904,0.03793338173545629
979,4080762,7.278689534189413,0.006977742221080167,0.03793338173545629
2273,81336,7.266360435652915,0.0070258030170239315,0.03814584551798872
1871,4341763,7.266360435652915,0.0070258030170239315,0.03814584551798872
2873,79113,7.237616538832171,0.007139169023575673,0.038736602294586524
2276,432941,7.234117579095624,0.0071530959482711855,0.03876266343906905
2782,4155764,7.234117579095624,0.0071530959482711855,0.03876266343906905
1353,435644,7.21860057831943,0.00721519365985999,0.03907425145177205
2212,256622,7.215194552630316,0.0072288978504509785,0.039098628284711626
2481,438698,7.215194552630316,0.0072288978504509785,0.039098628284711626
1981,4134862,7.205048043559037,0.007269880317963232,0.03927714223446146
1648,432869,7.2047351162020234,0.007271148021043648,0.03927714223446146
4762,433752,7.1998049853526025,0.0072911503648521924,0.03928529147124228
4190,4031941,7.1998049853526025,0.0072911503648521924,0.03928529147124228
3869,4133009,7.1998049853526025,0.0072911503648521924,0.03928529147124228
4505,439842,7.1998049853526025,0.0072911503648521924,0.03928529147124228
3336,4185711,7.187907631900989,0.007339651773995136,0.039521559647425014
3029,4070679,7.182741106554047,0.0073608164800057834,0.03959042164887968
3141,4012588,7.182511381349023,0.007361758997908661,0.03959042164887968
115,260123,7.17744712721688,0.007382568008544895,0.039677217184444
2272,79917,7.168869316131758,0.00741795146591588,0.039842183063139844
1511,4098458,7.16094886175762,0.007450777238735424,0.03999321174828484
567,444459,7.105946197608269,0.007682865907023417,0.04121294924998609
3524,441980,7.104807988608318,0.0076877459707300555,0.0412131088411945
757,442980,7.091919016771954,0.007743229002070327,0.04148437378978031
2967,4002357,7.085150041436739,0.007772531141503242,0.04158891505626766
3175,40483317,7.085150041436739,0.007772531141503242,0.04158891505626766
1544,4051605,7.082788478299747,0.007782780742211268,0.04159137607960323
389,442013,7.082788478299747,0.007782780742211268,0.04159137607960323
550,444130,7.055408197211545,0.00790262998958495,0.04220530925298763
1390,40484102,7.039092706654248,0.007974942089889758,0.04256475058906612
2146,441283,7.02419334034879,0.008041568885252417,0.04289341545385423
3520,381575,7.00922102954179,0.00810909550064758,0.043226464535133305
65,73090,6.98864533302194,0.008202841390913778,0.043698773227958856
786,4194160,6.978174569795058,0.008250972636549387,0.04392764065962415
2460,4205002,6.964408753642873,0.008314690295403576,0.044239150557322596
974,77234,6.961682825158399,0.008327367361702608,0.044269148209902964
866,40480602,6.96095655277616,0.008330748262637971,0.044269148209902964
2112,4200967,6.959529310260125,0.008337396371230441,0.04427678560396566
2444,377877,6.9264160185387205,0.008493171827952398,0.04507587821493537
2754,4033319,6.918550077769318,0.008530611503033029,0.04524632081227943
1303,376124,6.914036186366893,0.008552172588930077,0.04533238333633117
3034,192279,6.912464134370954,0.0085596947504177,0.045343969011408476
1843,4010963,6.91024154407833,0.008570341248405697,0.045372080740002
682,4008576,6.905320263001546,0.008593963078572447,0.04546880714734127
631,4062387,6.899759098187946,0.00862073651504721,0.04558207726717868
7029,199066,6.897632615400809,0.008630996711926674,0.04560794717738865
2781,23653,6.89308363493156,0.008652987351418414,0.045695732458049886
4574,443237,6.888687088048623,0.008674295594199577,0.045779807244666966
1401,132703,6.887406934631959,0.008680510057679709,0.045784167573000925
1550,77644,6.8812951395133375,0.008710242442478831,0.045827201259283364
2973,4178114,6.8812951395133375,0.008710242442478831,0.045827201259283364
2256,4308861,6.8812951395133375,0.008710242442478831,0.045827201259283364
2319,380729,6.8812951395133375,0.008710242442478831,0.045827201259283364
2851,138845,6.878965002707932,0.00872160541436413,0.04585858985510644
1842,4339010,6.8668140751458075,0.008781106065669779,0.046142893160170756
2320,4009890,6.865587823782277,0.00878713380872803,0.046146029649420314
1576,197236,6.862166742289635,0.008803972827756072,0.046205903099100276
1584,37017436,6.8568354477760645,0.0088302800450958,0.0463153639155426
2727,374952,6.851318836063967,0.008857586431714852,0.046401302040863804
1933,35624825,6.851318836063967,0.008857586431714852,0.046401302040863804
2848,192667,6.847436054008289,0.008876857429792303,0.04647360294574565
2667,255919,6.8285327998219545,0.008971292939215619,0.046910200679701614
1296,75865,6.8285327998219545,0.008971292939215619,0.046910200679701614
4122,37016767,6.814524666994872,0.009041936815653632,0.04719246752003004
2650,4199185,6.814524666994872,0.009041936815653632,0.04719246752003004
4098,200773,6.814524666994872,0.009041936815653632,0.04719246752003004
964,435553,6.802602992040373,0.00910250709948729,0.04747943697013106
3929,4304798,6.792762594229686,0.00915281599769089,0.047683309339288465
1326,45757804,6.792762594229686,0.00915281599769089,0.047683309339288465
994,4347178,6.782014231028163,0.00920809231376315,0.047935448983626054
408,432312,6.781160566396359,0.00921249713902099,0.047935448983626054
645,43531681,6.774448545443963,0.009247205776620896,0.04808660188736093
849,312349,6.772519804015113,0.009257204271705125,0.048109152719681005
1932,4308835,6.739358482485535,0.0094308532612186,0.04889198301438343
1379,442023,6.739358482485535,0.0094308532612186,0.04889198301438343
3161,312927,6.739358482485535,0.0094308532612186,0.04889198301438343
3262,42539474,6.739358482485535,0.0094308532612186,0.04889198301438343
2552,438112,6.726862054309784,0.009497153141617363,0.04917569180031855
2374,261600,6.726862054309784,0.009497153141617363,0.04917569180031855
4888,4338117,6.710549503713638,0.009584418594206529,0.049446754581039996
4321,434085,6.710549503713638,0.009584418594206529,0.049446754581039996
5421,440385,6.710549503713638,0.009584418594206529,0.049446754581039996
4009,46273829,6.710549503713638,0.009584418594206529,0.049446754581039996
2963,439249,6.710549503713638,0.009584418594206529,0.049446754581039996
2668,433329,6.710549503713638,0.009584418594206529,0.049446754581039996
1554,4028253,6.706435173807934,0.009606558013044811,0.04953090014371466
1438,4227449,6.7023803960499535,0.009628428243497739,0.04961355657064905
1709,4221495,6.693023097048304,0.009679093559615241,0.04984439877336406
