,condition_concept_id,n_people
0,4182210,252249
1,320128,217635
2,432867,156098
3,81902,116297
4,140648,108498
5,79908,107994
6,437113,105467
7,374888,104934
8,4144111,92528
9,439777,91700
10,442077,86142
11,764123,86096
12,4282096,83135
13,312437,81409
14,197320,80228
15,436222,80079
16,43530666,78483
17,4193704,77168
18,36714126,77054
19,378419,76776
20,254761,75402
21,140673,73032
22,80180,72891
23,75860,72209
24,194133,70934
25,313217,69966
26,4223659,68990
27,321052,66684
28,439147,66622
29,435796,66306
30,438720,64957
31,255848,64894
32,437827,64435
33,4171917,63727
34,4111231,63474
35,436070,62901
36,443597,61975
37,4268911,61528
38,316139,60763
39,77670,59780
40,319835,59494
41,433316,58023
42,4059015,57857
43,4092743,56466
44,201826,55680
45,255573,53991
46,374375,52811
47,132797,52527
48,372448,51362
49,4272240,51340
50,4170554,51251
51,31317,50756
52,437833,50717
53,436096,50548
54,4154290,50191
55,436962,50001
56,44782429,49515
57,372887,49048
58,372892,47833
59,196523,47450
60,80502,47100
61,46271022,46908
62,138825,46815
63,439297,45603
64,4220313,45295
65,46271075,44931
66,436230,44461
67,141932,44148
68,444101,43977
69,317002,42521
70,375415,42200
71,78232,41765
72,435515,41736
73,439795,41446
74,433595,41438
75,4079750,41231
76,762294,41091
77,443454,40932
78,438398,40114
79,378427,40006
80,200219,39898
81,4254485,39324
82,135777,39019
83,765131,38705
84,434613,38009
85,4141360,37399
86,372629,36789
87,200843,36680
88,194081,36064
89,257011,36054
90,436659,35831
91,437663,35628
92,139099,34776
93,4169095,34621
94,437390,34532
95,198803,34190
96,378253,33818
97,37109056,33817
98,320536,33387
99,37016349,33202
100,192450,32899
101,435517,32438
102,197672,32300
103,440530,32172
104,320420,31828
105,260139,31786
106,197684,31622
107,762297,31551
108,24134,31490
109,134736,31355
110,40479576,31232
111,443211,31026
112,37110250,30369
113,437246,30291
114,4067069,29927
115,27674,29405
116,434894,29061
117,433577,28709
118,373478,28640
119,37311061,28527
120,762289,28389
121,373995,28296
122,43531578,27638
123,140214,27539
124,439696,27084
125,4336254,26898
126,37396726,26568
127,31967,26515
128,438485,26358
129,4282316,26015
130,438567,25959
131,433736,25837
132,4228361,25724
133,442793,25631
134,45766714,25571
135,442165,25494
136,4329041,25250
137,4174262,25016
138,35624213,25016
139,4168212,24977
140,40483287,24874
141,257007,24646
142,200174,24479
143,79864,24306
144,444070,24072
145,75909,23919
146,442588,23842
147,434610,23676
148,4077577,23347
149,4187218,23323
150,4035439,23215
151,441829,23099
152,4256228,22706
153,435262,22697
154,4164898,22547
155,443729,22483
156,257004,22239
157,321596,21942
158,201618,21863
159,254061,21773
160,136788,21716
161,373503,21629
162,376208,21603
163,192671,21600
164,376065,21518
165,443769,21335
166,4172432,21214
167,4214376,21162
168,4090207,21000
169,381270,20581
170,434500,20558
171,437677,20380
172,432795,20283
173,4110815,20222
174,314666,20217
175,40483107,20034
176,319034,19992
177,42536696,19983
178,4115171,19910
179,376400,19749
180,37017432,19542
181,45766207,19487
182,4229440,19484
183,40479192,19484
184,433163,19387
185,4152384,19323
186,319041,19292
187,40481043,19249
188,4117695,19239
189,45768910,19233
190,4233565,19194
191,432870,19093
192,4025938,19084
193,4209423,19051
194,201061,18957
195,4134121,18921
196,377091,18842
197,197988,18634
198,4270024,18613
199,137945,18577
200,135618,18208
201,4180628,18064
202,435613,17947
203,42537748,17813
204,441417,17783
205,4288310,17655
206,4103703,17287
207,377889,17129
208,256451,17094
209,135930,17067
210,443587,17038
211,4310235,16974
212,37018688,16943
213,4200238,16857
214,440383,16784
215,443612,16705
216,44784217,16692
217,4079749,16604
218,373764,16533
219,4346975,16458
220,40304526,16413
221,442752,16338
222,759852,16261
223,315078,16214
224,195562,16206
225,197381,16033
226,37119138,16005
227,45768812,15950
228,381591,15907
229,759853,15831
230,432545,15772
231,321319,15755
232,4181965,15704
233,4133224,15663
234,4109420,15637
235,440320,15619
236,443782,15442
237,4232697,15322
238,193326,15297
239,4166902,15241
240,43530742,15210
241,440704,15143
242,4098458,15141
243,37206607,15055
244,4261842,15052
245,4320944,15026
246,379010,15020
247,4098604,14980
248,440424,14726
249,440674,14698
250,4179823,14656
251,78508,14625
252,443600,14574
253,4061844,14556
254,380706,14527
255,42537730,14420
256,4228802,14417
257,37018854,14354
258,42537729,14233
259,380378,13979
260,197925,13876
261,4033837,13849
262,312998,13833
263,261880,13758
264,36712983,13688
265,316822,13593
266,140821,13557
267,30437,13536
268,443601,13487
269,75911,13428
270,374367,13421
271,433968,13405
272,73840,13304
273,200485,13301
274,437541,13197
275,198400,13122
276,201340,13097
277,4041283,13083
278,4093347,13052
279,4009585,13007
280,40481089,12994
281,25297,12981
282,314754,12948
283,376415,12912
284,441408,12857
285,436073,12765
286,4331284,12759
287,200845,12505
288,4322024,12466
289,4275423,12438
290,4201745,12419
291,75004,12362
292,4317977,12265
293,4266809,12242
294,138384,12222
295,132736,12193
296,40480602,12191
297,4142875,12184
298,4168796,12084
299,376966,11971
300,136834,11768
301,439935,11764
302,4110056,11760
303,196236,11719
304,260123,11668
305,316127,11650
306,4001450,11644
307,137053,11639
308,432588,11619
309,4115367,11595
310,443731,11591
311,313459,11558
312,437247,11549
313,443580,11415
314,194406,11354
315,133141,11285
316,374009,11244
317,433031,11214
318,434005,11193
319,135340,11191
320,4114624,11175
321,37018196,11168
322,314665,11149
323,437584,11075
324,314658,11027
325,37311319,11007
326,40481101,10970
327,37016114,10931
328,261325,10895
329,200962,10820
330,4182562,10776
331,46269757,10757
332,4053604,10752
333,4330445,10637
334,4236484,10621
335,40481042,10568
336,40481896,10564
337,132393,10555
338,432436,10522
339,374034,10499
340,79061,10494
341,4224741,10488
342,81175,10455
343,4131963,10380
344,195083,10375
345,201620,10361
346,46273463,10301
347,379805,10281
348,4218017,10269
349,321318,10215
350,319844,10186
351,42873170,10092
352,378425,10071
353,257315,10029
354,441259,9981
355,4111409,9951
356,195401,9916
357,45763854,9877
358,444100,9860
359,135893,9834
360,4195085,9665
361,4215402,9654
362,4280726,9611
363,4308509,9529
364,4103295,9460
365,314059,9443
366,26823,9424
367,372409,9404
368,440029,9363
369,4089462,9342
370,442306,9311
371,4096682,9303
372,312934,9296
373,4041285,9291
374,78619,9168
375,432590,9137
376,77074,9055
377,321588,9045
378,137682,9031
379,141253,9026
380,73754,9019
381,36713918,9011
382,434056,9000
383,440417,8959
384,40480603,8919
385,4049623,8915
386,4306267,8893
387,78236,8874
388,193322,8847
389,36684319,8841
390,4275359,8839
391,141941,8818
392,4245252,8787
393,4152351,8781
394,44782719,8740
395,321882,8734
396,4177862,8712
397,4110961,8691
398,24609,8679
399,194686,8673
400,4152347,8650
401,4103749,8645
402,134159,8585
403,195588,8574
404,4213271,8528
405,444044,8507
406,4028387,8485
407,435220,8474
408,4285898,8396
409,4195572,8389
410,314131,8353
411,257012,8336
412,45757363,8335
413,434004,8324
414,4042728,8315
415,259848,8290
416,440329,8282
417,197675,8253
418,132706,8245
419,80809,8200
420,4301699,8120
421,4299417,8074
422,435524,8071
423,134765,8069
424,376965,8064
425,44782733,8063
426,4297894,8039
427,435511,8019
428,432895,8004
429,314379,7966
430,4106357,7934
431,45763855,7902
432,4155040,7844
433,315286,7838
434,433440,7804
435,432738,7784
436,81878,7755
437,4155909,7704
438,4008220,7685
439,4155034,7675
440,78273,7654
441,438878,7654
442,435093,7648
443,44784621,7641
444,4000609,7635
445,196456,7596
446,375545,7572
447,4155910,7490
448,4119307,7489
449,137809,7435
450,436665,7426
451,316998,7419
452,43531003,7418
453,42538119,7386
454,380701,7385
455,443524,7362
456,4150125,7340
457,77079,7295
458,75576,7286
459,201078,7272
460,432585,7259
461,198263,7249
462,321314,7243
463,141960,7237
464,443563,7227
465,4271013,7213
466,380733,7186
467,433753,7094
468,75036,7090
469,256439,7064
470,4170770,7047
471,43530727,7020
472,4009705,7002
473,257683,6992
474,137548,6987
475,435243,6971
476,379019,6967
477,141375,6947
478,135333,6940
479,78505,6935
480,4153380,6930
481,136497,6928
482,75650,6925
483,376337,6925
484,45769207,6918
485,439407,6909
486,40482301,6888
487,4345578,6884
488,436785,6872
489,4147829,6860
490,4196636,6835
491,376707,6829
492,434657,6827
493,4213540,6822
494,78472,6817
495,433811,6809
496,134438,6807
497,4171919,6761
498,37309626,6747
499,36713926,6726
500,374313,6716
501,4115991,6706
502,133834,6682
503,46273719,6657
504,80813,6643
505,4172970,6619
506,436677,6607
507,261326,6600
508,4275889,6588
509,4022073,6561
510,4280354,6544
511,4151527,6514
512,321887,6507
513,45757435,6507
514,380094,6485
515,4150062,6485
516,4158911,6483
517,4179873,6448
518,4305080,6443
519,4115169,6420
520,4224926,6408
521,4096196,6398
522,193518,6388
523,4013597,6378
524,4140164,6358
525,4204199,6333
526,4169905,6331
527,133810,6318
528,29735,6310
529,201337,6310
530,36713126,6306
531,443432,6288
532,141323,6286
533,4116166,6280
534,4128329,6278
535,4115170,6275
536,192359,6233
537,435839,6230
538,261600,6220
539,73553,6215
540,77734,6207
541,762296,6181
542,4115027,6180
543,4125590,6177
544,138525,6168
545,318169,6148
546,437312,6148
547,4338120,6133
548,443465,6119
549,374366,6113
550,320744,6113
551,378756,6084
552,443257,6077
553,199075,6073
554,75941,6064
555,36684613,6052
556,4102183,6049
557,4232691,6034
558,315558,6012
559,4298026,6008
560,4307981,5993
561,4225273,5965
562,4339214,5944
563,3661408,5934
564,134441,5896
565,4057044,5860
566,441830,5837
567,435510,5835
568,36712860,5835
569,4242574,5786
570,437116,5784
571,321042,5783
572,134898,5746
573,436238,5745
574,195771,5721
575,74132,5684
576,434494,5681
577,193782,5681
578,193020,5629
579,4308394,5627
580,74635,5618
581,437703,5609
582,140641,5593
583,40480429,5592
584,4113008,5555
585,4024561,5553
586,4056713,5532
587,40482237,5505
588,377910,5500
589,76565,5498
590,4150981,5463
591,43530690,5461
592,40326053,5459
593,30753,5439
594,137989,5430
595,441969,5428
596,72418,5420
597,195007,5399
598,40480002,5394
599,4146581,5372
600,4112752,5365
601,3655355,5359
602,76240,5358
603,375393,5343
604,40482267,5323
605,442111,5319
606,4111921,5314
607,40487064,5304
608,4115173,5296
609,4288544,5288
610,4152933,5251
611,435642,5230
612,4145825,5214
613,195977,5204
614,4112026,5200
615,438134,5193
616,4058350,5182
617,4111412,5178
618,40405599,5139
619,4084229,5134
620,36684676,5128
621,257907,5126
622,36717006,5112
623,4208390,5108
624,444444,5108
625,137345,5089
626,4141454,5027
627,381295,5014
628,141104,5014
629,26727,4986
630,435788,4984
631,197006,4984
632,442019,4944
633,4151985,4914
634,43530807,4909
635,194984,4907
636,36712982,4887
637,373474,4864
638,443200,4862
639,373852,4849
640,4111709,4832
641,37395564,4822
642,137351,4806
643,436339,4804
644,437758,4793
645,4258683,4791
646,4101747,4750
647,4068482,4714
648,372324,4713
649,36713107,4694
650,4204781,4689
651,134460,4674
652,4002818,4664
653,45770886,4658
654,4168700,4651
655,138387,4644
656,36717169,4621
657,318736,4618
658,4344500,4612
659,437176,4603
660,4191650,4594
661,4163710,4593
662,4260535,4545
663,443919,4476
664,4052646,4457
665,4168222,4456
666,4043378,4427
667,443535,4424
668,440360,4420
669,137275,4419
670,4265485,4408
671,4002956,4405
672,201965,4388
673,4211231,4382
674,4085898,4378
675,432881,4369
676,4084966,4368
677,4296653,4360
678,381290,4346
679,81151,4339
680,45763549,4336
681,43531681,4327
682,4042836,4318
683,43530645,4311
684,4023310,4308
685,4188331,4294
686,443412,4283
687,4033839,4268
688,440940,4264
689,381537,4233
690,136773,4231
691,45771045,4218
692,4248429,4205
693,4234997,4201
694,44782715,4187
695,436075,4166
696,435224,4165
697,198520,4164
698,40305987,4161
699,4032878,4138
700,43020424,4132
701,4311499,4116
702,73923,4113
703,45757320,4107
704,4291454,4094
705,443733,4086
706,4054067,4065
707,4280571,4038
708,31610,4037
709,4108356,4032
710,74125,4020
711,44782747,4018
712,438252,4017
713,374384,4017
714,4146209,4016
715,378424,4010
716,315296,4004
717,4152592,4000
718,4197819,3995
719,194913,3981
720,4203555,3979
721,46272242,3975
722,432312,3971
723,4077895,3967
724,4302739,3963
725,45769461,3962
726,4052509,3958
727,4307254,3950
728,197304,3949
729,4138617,3949
730,441051,3948
731,134057,3942
732,36717682,3940
733,373499,3930
734,372328,3911
735,380111,3905
736,435783,3893
737,312940,3890
738,4130023,3889
739,4177206,3875
740,759860,3866
741,4248728,3860
742,438120,3858
743,81723,3855
744,432899,3844
745,4013596,3831
746,4232337,3822
747,4185471,3814
748,77965,3807
749,4127117,3805
750,140842,3803
751,759859,3788
752,4191597,3785
753,260427,3775
754,45768480,3768
755,195867,3762
756,4128914,3750
757,4059290,3749
758,4306923,3749
759,78605,3741
760,4120275,3735
761,434911,3731
762,255841,3728
763,443344,3724
764,40484908,3721
765,379031,3715
766,36716978,3714
767,136368,3713
768,194175,3701
769,435956,3701
770,375265,3690
771,443740,3675
772,199866,3666
773,196360,3666
774,4194160,3664
775,136057,3657
776,40493038,3653
777,4297668,3649
778,4289526,3638
779,4306292,3637
780,141663,3633
781,195906,3623
782,4168701,3611
783,40480160,3603
784,4298028,3603
785,444459,3590
786,23325,3584
787,380394,3578
788,45772786,3577
789,201916,3576
790,4133610,3575
791,46273539,3572
792,4195677,3560
793,374044,3532
794,4055700,3531
795,320136,3526
796,316437,3515
797,40481919,3513
798,435082,3499
799,4083820,3498
800,4168217,3495
801,4256761,3495
802,133729,3491
803,199856,3491
804,4201388,3486
805,132412,3476
806,4242103,3473
807,4148906,3468
808,4200967,3458
809,4012231,3451
810,441534,3444
811,318443,3435
812,438730,3416
813,45757591,3416
814,4031019,3408
815,195079,3405
816,40481385,3403
817,381292,3400
818,4070750,3390
819,4207539,3350
820,374025,3344
821,197500,3343
822,140168,3340
823,4224968,3340
824,4057826,3338
825,380731,3331
826,4219836,3330
827,4160328,3328
828,255348,3324
829,40482727,3315
830,4119786,3314
831,443611,3304
832,4065364,3297
833,42537304,3295
834,4100247,3283
835,377575,3267
836,138102,3247
837,192963,3243
838,317248,3241
839,4117713,3240
840,318448,3237
841,77630,3229
842,135287,3228
843,440853,3221
844,442108,3221
845,436681,3220
846,4081648,3219
847,37396146,3215
848,4002359,3209
849,4048512,3209
850,439928,3204
851,319826,3194
852,439392,3189
853,435940,3177
854,137820,3175
855,4053599,3173
856,4031763,3170
857,256449,3165
858,45763828,3155
859,433128,3152
860,4264617,3149
861,4108814,3147
862,442287,3141
863,4064161,3137
864,4130851,3123
865,438064,3123
866,4192174,3113
867,200528,3107
868,4166125,3093
869,435829,3068
870,139750,3067
871,443744,3047
872,376229,3046
873,436658,3046
874,199074,3035
875,4098302,3035
876,440083,3030
877,4035611,3029
878,4328079,3025
879,133726,3020
880,45768964,3018
881,440129,3017
882,4027663,3017
883,4263360,3006
884,4153359,3004
885,201254,2983
886,437992,2982
887,37312520,2975
888,444131,2972
889,4058155,2971
890,442012,2970
891,73090,2970
892,79917,2968
893,439846,2960
894,4216397,2950
895,4305500,2944
896,443410,2943
897,381444,2935
898,4100662,2933
899,44783028,2926
900,4302537,2922
901,40482662,2921
902,4297667,2918
903,432869,2897
904,4246581,2882
905,198678,2876
906,443617,2869
907,26662,2861
908,45767037,2849
909,198809,2823
910,261687,2815
911,4004352,2807
912,36714994,2805
913,4244662,2802
914,4200056,2795
915,4008576,2795
916,4099651,2794
917,44782447,2790
918,4245975,2789
919,78097,2783
920,4058219,2777
921,4058370,2775
922,4286497,2774
923,259153,2766
924,442104,2756
925,4303233,2754
926,376690,2747
927,44782718,2746
928,4031106,2744
929,40484102,2739
930,4250169,2731
931,4025215,2725
932,73819,2718
933,4025677,2712
934,433405,2707
935,4043738,2702
936,4328217,2699
937,37016130,2688
938,4198381,2679
939,46273390,2679
940,438749,2672
941,4332246,2670
942,45757650,2667
943,4188155,2664
944,4137468,2662
945,4094822,2657
946,377574,2649
947,4008710,2641
948,4328879,2633
949,43530687,2629
950,36714686,2624
951,436676,2621
952,439154,2614
953,4263748,2613
954,46270491,2610
955,201603,2608
956,4169954,2601
957,433516,2597
958,45757559,2597
959,4174994,2597
960,378161,2595
961,433813,2588
962,436948,2586
963,4197476,2585
964,441594,2582
965,4040820,2579
966,36715916,2574
967,438383,2566
968,4266029,2561
969,4077081,2560
970,40481816,2554
971,4226991,2540
972,4227449,2540
973,434490,2537
974,201621,2531
975,46269907,2526
976,317305,2526
977,197917,2520
978,4168681,2514
979,40483262,2508
980,134668,2508
981,4013160,2503
982,380097,2499
983,137977,2498
984,439082,2497
985,141095,2487
986,4050692,2485
987,195321,2483
988,140273,2483
989,435459,2481
990,4304798,2479
991,73008,2478
992,375806,2475
993,4226021,2467
994,4134862,2463
995,434770,2461
996,77234,2460
997,44782743,2460
998,4032787,2459
999,261889,2455
1000,196858,2446
1001,4286201,2443
1002,73571,2441
1003,27587,2440
1004,37109301,2432
1005,4098611,2427
1006,46273403,2426
1007,4347178,2425
1008,443614,2414
1009,256723,2414
1010,40481920,2411
1011,36715746,2409
1012,436278,2408
1013,43021974,2401
1014,198202,2397
1015,139900,2395
1016,4211657,2391
1017,43531028,2390
1018,40491960,2384
1019,4125650,2383
1020,4128827,2382
1021,376382,2379
1022,4013643,2378
1023,44782446,2376
1024,4311629,2373
1025,4030035,2371
1026,435371,2365
1027,442268,2354
1028,72711,2337
1029,4252872,2337
1030,437530,2334
1031,200164,2333
1032,435081,2333
1033,4096313,2328
1034,73574,2327
1035,4327889,2324
1036,80767,2324
1037,45768963,2318
1038,4009186,2316
1039,4295956,2311
1040,378735,2311
1041,4284982,2309
1042,4335891,2306
1043,439005,2306
1044,4312493,2306
1045,194847,2302
1046,312327,2302
1047,4241908,2301
1048,317376,2299
1049,4216644,2286
1050,192956,2275
1051,4207936,2273
1052,4111566,2267
1053,4141190,2258
1054,45763761,2254
1055,4166126,2252
1056,36713170,2251
1057,4245842,2250
1058,4010658,2248
1059,440933,2247
1060,134452,2238
1061,374043,2236
1062,434337,2233
1063,4295336,2225
1064,36716852,2216
1065,45772065,2216
1066,4353709,2214
1067,435227,2213
1068,4164151,2204
1069,45768450,2203
1070,317009,2203
1071,4106682,2199
1072,37016768,2199
1073,201820,2197
1074,78272,2185
1075,375824,2181
1076,432586,2181
1077,135350,2176
1078,45770881,2175
1079,80141,2173
1080,316999,2171
1081,25844,2170
1082,441284,2162
1083,4167097,2160
1084,4204991,2159
1085,42873169,2151
1086,4031164,2149
1087,4182683,2147
1088,4009303,2146
1089,441701,2144
1090,40490423,2135
1091,4151134,2127
1092,4151978,2127
1093,195590,2127
1094,4208264,2123
1095,4167102,2122
1096,436353,2121
1097,373179,2121
1098,438406,2115
1099,74731,2109
1100,134681,2104
1101,4003171,2103
1102,79916,2100
1103,4050853,2096
1104,4138412,2095
1105,36712827,2095
1106,4195694,2086
1107,43531616,2085
1108,72404,2079
1109,4308696,2079
1110,196569,2074
1111,4038838,2069
1112,376115,2066
1113,4129404,2064
1114,79936,2059
1115,4307774,2056
1116,4307925,2055
1117,4221495,2054
1118,40488439,2050
1119,140966,2049
1120,37309664,2046
1121,438430,2045
1122,201688,2043
1123,36715917,2038
1124,258180,2035
1125,4222001,2032
1126,438021,2032
1127,75344,2031
1128,434169,2027
1129,4108235,2025
1130,372903,2023
1131,75865,2020
1132,4323418,2018
1133,438887,2017
1134,4038038,2006
1135,253796,2006
1136,4104431,2006
1137,314664,2001
1138,4198042,1996
1139,4281109,1995
1140,4065997,1994
1141,35611566,1991
1142,376124,1990
1143,435950,1987
1144,261236,1985
1145,4295624,1982
1146,40480453,1978
1147,444191,1973
1148,320073,1969
1149,198571,1967
1150,36717267,1960
1151,4294416,1951
1152,439007,1949
1153,4134603,1940
1154,441561,1939
1155,374801,1939
1156,314171,1937
1157,4222174,1931
1158,4291304,1918
1159,444445,1918
1160,4308802,1914
1161,132466,1913
1162,4110914,1905
1163,139850,1904
1164,4025325,1900
1165,443236,1898
1166,195847,1897
1167,4062387,1897
1168,4110192,1896
1169,4101362,1893
1170,80497,1891
1171,81186,1891
1172,375827,1888
1173,40492392,1888
1174,80951,1886
1175,4269569,1884
1176,316135,1884
1177,438155,1883
1178,141825,1880
1179,442775,1879
1180,4093672,1878
1181,194993,1871
1182,138841,1869
1183,762212,1868
1184,4332304,1866
1185,436421,1865
1186,444130,1863
1187,439013,1860
1188,4154088,1854
1189,72995,1853
1190,376686,1849
1191,135473,1848
1192,372914,1845
1193,37109050,1844
1194,433495,1843
1195,4158910,1842
1196,434814,1839
1197,4167914,1839
1198,4300557,1837
1199,193688,1836
1200,45767658,1833
1201,81893,1831
1202,376422,1830
1203,314962,1828
1204,372610,1828
1205,4175616,1827
1206,46271902,1826
1207,4167328,1825
1208,4131908,1824
1209,381001,1821
1210,4112334,1818
1211,43021248,1815
1212,255919,1815
1213,4168213,1815
1214,4055361,1813
1215,4155033,1812
1216,374919,1807
1217,36712821,1804
1218,43021250,1804
1219,440276,1803
1220,4211001,1802
1221,40321716,1800
1222,432582,1797
1223,4231770,1797
1224,4216972,1796
1225,4013604,1795
1226,438112,1794
1227,138994,1789
1228,437969,1787
1229,134461,1781
1230,4052227,1778
1231,37016338,1774
1232,135526,1770
1233,372897,1769
1234,433196,1768
1235,196726,1768
1236,36715747,1767
1237,4192647,1765
1238,46286594,1761
1239,4150489,1759
1240,374347,1759
1241,435119,1757
1242,437779,1756
1243,78234,1756
1244,4168686,1754
1245,4110189,1754
1246,137785,1751
1247,4056717,1749
1248,37016348,1749
1249,46270166,1744
1250,193250,1742
1251,256722,1735
1252,374022,1734
1253,378726,1732
1254,376125,1726
1255,433991,1725
1256,4106681,1724
1257,40481354,1724
1258,43530685,1722
1259,441838,1721
1260,4207505,1720
1261,4347174,1719
1262,377888,1718
1263,193520,1717
1264,75091,1709
1265,4013526,1704
1266,312622,1703
1267,4311159,1702
1268,193165,1701
1269,378416,1698
1270,4053600,1697
1271,4066613,1695
1272,317585,1694
1273,4177944,1692
1274,40481299,1691
1275,138519,1690
1276,43530851,1687
1277,372604,1686
1278,4299418,1683
1279,441428,1683
1280,4265749,1678
1281,139766,1678
1282,4162441,1670
1283,434008,1670
1284,193666,1664
1285,377286,1652
1286,433450,1651
1287,198985,1646
1288,4214530,1642
1289,4201390,1638
1290,438005,1637
1291,376063,1636
1292,4000968,1634
1293,4094683,1633
1294,44784631,1633
1295,4244078,1629
1296,81426,1625
1297,4109135,1623
1298,379832,1623
1299,432250,1619
1300,192353,1613
1301,4082311,1612
1302,37116608,1603
1303,375527,1598
1304,136198,1595
1305,4216188,1595
1306,4085332,1593
1307,440548,1592
1308,135858,1591
1309,435463,1590
1310,4222876,1586
1311,36684646,1586
1312,74130,1586
1313,438409,1585
1314,4140438,1579
1315,4165998,1578
1316,4111099,1578
1317,373175,1577
1318,4043731,1575
1319,4289309,1575
1320,4129405,1574
1321,4028373,1574
1322,377550,1571
1323,78162,1570
1324,381035,1569
1325,441553,1568
1326,4323342,1567
1327,4083556,1567
1328,443785,1566
1329,4179675,1566
1330,433740,1565
1331,4103418,1560
1332,379801,1560
1333,443795,1558
1334,36684711,1556
1335,4009610,1549
1336,43531622,1545
1337,192683,1543
1338,198401,1529
1339,315276,1528
1340,45763763,1527
1341,4197184,1526
1342,196738,1526
1343,43021779,1525
1344,43022059,1524
1345,375519,1521
1346,198700,1521
1347,136934,1520
1348,140949,1517
1349,37116630,1515
1350,434633,1513
1351,74728,1513
1352,4068613,1513
1353,4344612,1511
1354,380375,1508
1355,435374,1507
1356,4274575,1503
1357,4339013,1501
1358,762213,1500
1359,435790,1499
1360,436247,1498
1361,4175154,1497
1362,4033802,1493
1363,197150,1492
1364,73560,1491
1365,4080368,1489
1366,40490888,1487
1367,4064036,1485
1368,432463,1485
1369,46269755,1484
1370,441818,1482
1371,439937,1482
1372,4107655,1472
1373,4093531,1469
1374,200452,1468
1375,201066,1466
1376,43530744,1464
1377,4262562,1463
1378,30133,1463
1379,36712794,1463
1380,440374,1460
1381,45763759,1458
1382,4232181,1452
1383,435508,1452
1384,4317258,1449
1385,4092879,1449
1386,4216670,1448
1387,4043371,1447
1388,4134455,1440
1389,374027,1439
1390,45757468,1432
1391,40483292,1428
1392,4289914,1427
1393,4164959,1425
1394,37109843,1425
1395,44782732,1419
1396,435784,1418
1397,315085,1417
1398,36712779,1415
1399,433633,1414
1400,436231,1414
1401,43021778,1412
1402,36712795,1412
1403,36712986,1411
1404,197676,1411
1405,4291025,1410
1406,374013,1410
1407,312938,1408
1408,441536,1408
1409,195834,1407
1410,40479625,1406
1411,46269752,1406
1412,436940,1406
1413,40493210,1400
1414,133228,1399
1415,46273487,1393
1416,4051747,1390
1417,4313365,1388
1418,4110190,1388
1419,374923,1388
1420,381570,1385
1421,4207935,1383
1422,4229897,1380
1423,377845,1378
1424,4091513,1377
1425,46272380,1376
1426,4155764,1374
1427,313219,1373
1428,4336157,1370
1429,4136722,1369
1430,4185356,1368
1431,439254,1365
1432,4138760,1364
1433,78786,1363
1434,140480,1362
1435,4243587,1361
1436,36715748,1360
1437,4272156,1360
1438,23653,1359
1439,4290728,1358
1440,195596,1355
1441,199876,1354
1442,4317982,1351
1443,45763778,1347
1444,314965,1339
1445,4261072,1338
1446,4053828,1338
1447,434311,1338
1448,45768449,1335
1449,28060,1333
1450,44783205,1331
1451,377298,1331
1452,4032799,1330
1453,4067313,1329
1454,73001,1329
1455,444457,1328
1456,45763846,1328
1457,4015350,1325
1458,44784454,1325
1459,45757307,1324
1460,44783163,1323
1461,78832,1321
1462,4149353,1321
1463,40479594,1319
1464,376973,1318
1465,436076,1317
1466,4184423,1315
1467,440814,1313
1468,192953,1310
1469,40481319,1310
1470,381549,1309
1471,4092538,1309
1472,4117686,1308
1473,80492,1306
1474,4129408,1306
1475,4147660,1305
1476,46273829,1305
1477,372907,1305
1478,4299829,1301
1479,4144895,1299
1480,75347,1298
1481,196734,1298
1482,375800,1297
1483,77081,1295
1484,4141028,1295
1485,433329,1294
1486,45770830,1291
1487,4056428,1291
1488,4009619,1289
1489,381033,1288
1490,4198081,1286
1491,40481180,1282
1492,375281,1281
1493,40481325,1279
1494,444211,1278
1495,435553,1278
1496,4194894,1277
1497,4136228,1277
1498,4155039,1275
1499,77129,1274
1500,4148260,1274
1501,77963,1273
1502,4320635,1271
1503,4216083,1271
1504,35622958,1268
1505,40481861,1267
1506,313226,1266
1507,141232,1260
1508,4129393,1259
1509,760895,1258
1510,4028253,1255
1511,4176892,1254
1512,4339010,1253
1513,4201565,1253
1514,46269750,1253
1515,192606,1252
1516,132342,1251
1517,4151528,1251
1518,4058388,1250
1519,4152350,1250
1520,198964,1250
1521,439411,1250
1522,74396,1249
1523,193874,1249
1524,31057,1248
1525,4307956,1248
1526,435644,1243
1527,441258,1240
1528,4078201,1240
1529,317003,1239
1530,4222415,1237
1531,36712806,1236
1532,134118,1236
1533,4022202,1235
1534,4044053,1231
1535,46269754,1230
1536,437233,1229
1537,29056,1228
1538,4136557,1227
1539,4027369,1226
1540,198464,1222
1541,4129420,1222
1542,133853,1219
1543,439676,1219
1544,4157454,1218
1545,4068617,1218
1546,762206,1215
1547,4260520,1215
1548,196158,1215
1549,197921,1214
1550,4243161,1210
1551,4221679,1209
1552,312927,1209
1553,4055201,1206
1554,4260918,1205
1555,195581,1198
1556,200687,1178
1557,440228,1176
1558,444375,1173
1559,195603,1166
1560,197610,1165
1561,436253,1162
1562,79833,1162
1563,765053,1161
1564,44782421,1160
1565,137077,1159
1566,375077,1155
1567,81336,1154
1568,4151207,1152
1569,40482507,1151
1570,4149904,1149
1571,42539051,1148
1572,434675,1147
1573,46270564,1145
1574,437273,1143
1575,4112852,1143
1576,438879,1142
1577,4176946,1140
1578,436539,1139
1579,4117116,1139
1580,4170137,1137
1581,4152931,1135
1582,193242,1133
1583,4129407,1133
1584,4035449,1132
1585,36717286,1130
1586,381569,1130
1587,4279139,1129
1588,376112,1127
1589,316126,1127
1590,4173734,1127
1591,436252,1125
1592,254591,1124
1593,4068847,1122
1594,4117883,1120
1595,381859,1119
1596,40492482,1117
1597,4113129,1114
1598,4308093,1112
1599,4210746,1111
1600,4234788,1111
1601,440371,1110
1602,433701,1109
1603,4308835,1108
1604,440321,1101
1605,4137430,1100
1606,313761,1100
1607,4052226,1100
1608,375239,1098
1609,36716659,1098
1610,43531611,1096
1611,40483317,1090
1612,4085586,1090
1613,432791,1087
1614,442980,1086
1615,4033848,1086
1616,4025663,1085
1617,195856,1083
1618,81696,1081
1619,444367,1081
1620,192680,1079
1621,4246395,1077
1622,42709954,1077
1623,201606,1077
1624,254443,1075
1625,43020938,1075
1626,133711,1073
1627,137858,1071
1628,133956,1070
1629,373487,1070
1630,4044391,1069
1631,257628,1067
1632,132446,1060
1633,80242,1060
1634,4124693,1060
1635,193522,1058
1636,315361,1058
1637,444411,1057
1638,200757,1052
1639,4251304,1052
1640,4100857,1052
1641,4166144,1051
1642,762207,1050
1643,4305841,1045
1644,4148486,1041
1645,43531604,1041
1646,320425,1040
1647,28974,1038
1648,138148,1037
1649,4241033,1037
1650,4300110,1037
1651,134308,1037
1652,197023,1037
1653,4110948,1034
1654,4309257,1034
1655,4300243,1034
1656,435993,1033
1657,4320332,1033
1658,439981,1032
1659,4097159,1032
1660,437489,1032
1661,197494,1030
1662,43022069,1030
1663,4273250,1029
1664,4143024,1028
1665,77030,1027
1666,4313767,1026
1667,36713108,1025
1668,441277,1021
1669,42535528,1021
1670,4290976,1021
1671,4054063,1020
1672,4055993,1018
1673,46271074,1017
1674,321876,1017
1675,4173780,1013
1676,4168553,1010
1677,4050704,1010
1678,4047124,1009
1679,36716700,1007
1680,437894,1007
1681,201690,1004
1682,37312529,1003
1683,192759,1002
1684,80482,1002
1685,4048785,999
1686,0,994
1687,4008709,993
1688,4246451,993
1689,45757291,993
1690,443237,993
1691,4213373,992
1692,4144154,992
1693,194997,990
1694,4010963,984
1695,40483134,984
1696,138455,983
1697,4136700,982
1698,40479260,982
1699,4110937,980
1700,377821,980
1701,318566,980
1702,4195231,979
1703,4186208,978
1704,24818,978
1705,4216708,977
1706,4160859,977
1707,44782744,976
1708,381301,972
1709,193402,972
1710,433758,972
1711,375551,971
1712,258785,970
1713,4334801,970
1714,320746,970
1715,4033045,969
1716,31602,969
1717,314487,965
1718,42537744,965
1719,319016,965
1720,375292,964
1721,37017081,964
1722,46273641,963
1723,73290,963
1724,381575,963
1725,432845,961
1726,318096,960
1727,4112020,960
1728,37017431,958
1729,317895,958
1730,37016342,956
1731,435726,954
1732,46270027,954
1733,138858,952
1734,40487059,950
1735,45757308,950
1736,4051004,947
1737,4001298,945
1738,192279,944
1739,40489908,944
1740,73231,943
1741,443414,942
1742,77162,941
1743,432283,939
1744,77702,938
1745,377853,936
1746,199065,936
1747,254669,936
1748,4079725,933
1749,4246724,933
1750,4341763,932
1751,196463,932
1752,40479575,931
1753,4012934,931
1754,4146763,931
1755,4156806,929
1756,4170633,928
1757,4108943,925
1758,4078384,922
1759,4049659,920
1760,4031128,918
1761,372912,918
1762,376981,917
1763,432851,913
1764,379812,912
1765,439002,911
1766,4117689,910
1767,441419,909
1768,441699,909
1769,4239381,907
1770,138717,907
1771,76786,906
1772,318712,904
1773,42709840,903
1774,4230641,903
1775,443883,902
1776,4282857,902
1777,254068,902
1778,4049367,901
1779,4150485,901
1780,438156,898
1781,260125,897
1782,440700,896
1783,37205080,896
1784,200450,895
1785,321689,895
1786,139906,895
1787,45757656,895
1788,73341,895
1789,200447,894
1790,4147638,894
1791,200848,891
1792,374914,891
1793,441974,889
1794,4147491,889
1795,80183,888
1796,31821,887
1797,4051140,887
1798,380055,887
1799,4234083,886
1800,200527,881
1801,4313828,881
1802,197378,878
1803,195864,878
1804,78804,877
1805,4141640,877
1806,40480875,875
1807,132853,874
1808,45757736,873
1809,196152,873
1810,4229448,871
1811,73649,870
1812,40479642,867
1813,4095168,867
1814,4009890,865
1815,4045749,864
1816,37116511,863
1817,4134318,862
1818,380403,861
1819,4016109,860
1820,199064,859
1821,4237458,859
1822,36715749,859
1823,4080762,858
1824,320752,858
1825,43020485,857
1826,197603,855
1827,257905,855
1828,40479589,854
1829,36715619,853
1830,4199185,853
1831,4069935,852
1832,372828,852
1833,4218884,851
1834,435516,851
1835,4050690,851
1836,36715479,851
1837,4216894,849
1838,4276036,849
1839,4298692,849
1840,443615,847
1841,81303,846
1842,374036,846
1843,43530625,846
1844,197332,842
1845,432451,841
1846,193787,840
1847,40484532,840
1848,4117881,839
1849,4338117,838
1850,380102,838
1851,40491988,838
1852,193252,837
1853,197236,836
1854,4132314,836
1855,4057513,835
1856,45770891,835
1857,378160,834
1858,132932,834
1859,40277917,832
1860,4224940,832
1861,195862,832
1862,4201387,831
1863,372888,831
1864,4108644,831
1865,200445,831
1866,44782819,830
1867,437267,829
1868,36676837,828
1869,4205002,828
1870,81379,826
1871,196151,825
1872,438141,824
1873,45763750,823
1874,4129406,823
1875,4195892,822
1876,40491961,818
1877,443558,818
1878,37206102,817
1879,4029735,817
1880,35624756,816
1881,36674346,815
1882,36676836,814
1883,4119460,814
1884,4053602,814
1885,4119189,813
1886,4220631,812
1887,435786,811
1888,4002140,809
1889,4263576,808
1890,4182370,808
1891,4151842,808
1892,376104,808
1893,25572,806
1894,437528,806
1895,4194889,805
1896,4231580,802
1897,4052358,802
1898,73153,801
1899,4159739,799
1900,440977,799
1901,4048489,798
1902,45773210,797
1903,199754,796
1904,201894,795
1905,4190307,794
1906,4086195,794
1907,377844,794
1908,24970,794
1909,4023316,794
1910,4344387,793
1911,377830,791
1912,440005,791
1913,437064,787
1914,4193620,786
1915,4247719,785
1916,443784,785
1917,4218146,783
1918,46273239,781
1919,4214610,780
1920,199860,779
1921,443460,779
1922,74582,778
1923,200765,777
1924,4298740,776
1925,4322945,776
1926,133285,776
1927,444189,775
1928,4008354,775
1929,4049417,775
1930,197981,774
1931,260131,773
1932,195002,773
1933,4281826,773
1934,40483342,773
1935,440529,772
1936,378256,772
1937,4100065,771
1938,45772671,770
1939,4033319,770
1940,4194207,769
1941,45763845,769
1942,374643,769
1943,4176908,768
1944,132781,768
1945,196433,765
1946,4053590,765
1947,4109685,765
1948,4112023,763
1949,4130372,763
1950,380038,762
1951,73036,762
1952,4030977,760
1953,4000982,760
1954,4155032,760
1955,438452,758
1956,36715918,757
1957,376132,756
1958,4291649,756
1959,72986,754
1960,4324315,753
1961,380395,753
1962,4177025,753
1963,4195384,753
1964,312337,752
1965,432941,752
1966,439256,751
1967,441851,751
1968,4168689,750
1969,4022076,748
1970,4212887,746
1971,4164640,746
1972,315947,745
1973,440638,745
1974,4035425,744
1975,193249,743
1976,26441,743
1977,4132130,742
1978,252351,742
1979,137856,742
1980,435785,740
1981,4300704,739
1982,4134552,738
1983,4058207,737
1984,4171379,737
1985,35624757,737
1986,4129394,737
1987,37208309,734
1988,435789,733
1989,138388,733
1990,313792,731
1991,4164639,731
1992,36714559,729
1993,441153,729
1994,78228,728
1995,380729,727
1996,40483171,726
1997,4042550,726
1998,43021258,725
1999,81378,724
2000,4117518,724
2001,4273632,723
2002,443447,722
2003,4114222,721
2004,433752,721
2005,78579,720
2006,436397,720
2007,4055987,720
2008,4012588,719
2009,4236312,716
2010,4170145,716
2011,4127089,716
2012,317109,715
2013,4159742,715
2014,194475,715
2015,4049477,713
2016,45757309,712
2017,434502,711
2018,77631,711
2019,4009187,711
2020,4147016,709
2021,36717279,708
2022,44783760,708
2023,435666,706
2024,4302223,706
2025,197324,705
2026,4180849,704
2027,44782778,703
2028,4247238,703
2029,40480893,701
2030,377283,700
2031,440956,700
2032,373203,700
2033,375552,700
2034,434449,699
2035,442023,693
2036,4151763,693
2037,437400,693
2038,4197477,691
2039,75863,686
2040,37208308,686
2041,3655266,685
2042,374023,685
2043,437222,685
2044,443392,685
2045,321661,682
2046,4056577,681
2047,436398,681
2048,4284559,678
2049,439278,678
2050,4164092,676
2051,4111416,675
2052,22340,675
2053,73300,674
2054,4300092,674
2055,139841,673
2056,4014066,673
2057,4220002,671
2058,4329707,671
2059,78581,671
2060,439303,670
2061,439162,668
2062,4009184,668
2063,441155,668
2064,197444,667
2065,4110915,666
2066,81931,666
2067,4237062,665
2068,4308861,665
2069,4070976,665
2070,78474,664
2071,40483286,664
2072,4135466,664
2073,4061735,663
2074,381551,662
2075,4305303,662
2076,44782681,662
2077,4094742,660
2078,432461,659
2079,433471,658
2080,4219643,658
2081,4149782,658
2082,76725,658
2083,372924,658
2084,136496,657
2085,434592,657
2086,377558,656
2087,4338523,656
2088,4157456,656
2089,444410,656
2090,37396808,656
2091,433596,656
2092,4206425,655
2093,318186,655
2094,435506,654
2095,133424,653
2096,381281,653
2097,40480500,653
2098,77310,653
2099,314659,652
2100,194992,652
2101,36712963,651
2102,440691,651
2103,193528,651
2104,4130588,647
2105,195599,646
2106,45769876,645
2107,4111711,645
2108,135214,644
2109,376412,644
2110,4106358,643
2111,43530652,643
2112,74052,642
2113,443771,642
2114,4150043,642
2115,261599,641
2116,434926,641
2117,4177703,641
2118,136917,640
2119,37017436,639
2120,31884,639
2121,437295,638
2122,443421,637
2123,192667,635
2124,4242816,635
2125,46270082,634
2126,43531561,634
2127,36676238,633
2128,4298317,632
2129,436695,632
2130,440408,631
2131,4266590,631
2132,36717115,631
2133,43531563,629
2134,194690,628
2135,4090039,628
2136,45768965,627
2137,40486631,626
2138,44783165,625
2139,380720,624
2140,4106361,624
2141,4144112,623
2142,4182198,623
2143,4012455,621
2144,195306,621
2145,4048684,621
2146,139902,621
2147,4310238,621
2148,437540,619
2149,3656064,615
2150,44784134,614
2151,4323686,613
2152,4138299,613
2153,194990,612
2154,443284,611
2155,196724,611
2156,44782760,610
2157,72407,609
2158,372627,609
2159,441515,608
2160,36712846,608
2161,4091901,607
2162,45757785,607
2163,433735,605
2164,444122,604
2165,253549,604
2166,193519,604
2167,443629,603
2168,4284844,602
2169,4106355,602
2170,36712807,601
2171,4096343,600
2172,4201717,599
2173,80504,597
2174,4001819,596
2175,316428,595
2176,4081065,595
2177,4004623,595
2178,81106,594
2179,434298,594
2180,4185711,593
2181,4058977,592
2182,433681,592
2183,375817,590
2184,192239,589
2185,46270513,588
2186,4027729,588
2187,4003132,588
2188,37312524,588
2189,435226,587
2190,440385,586
2191,4331953,586
2192,437306,586
2193,432933,585
2194,43530656,584
2195,4308074,584
2196,37207866,583
2197,4340960,583
2198,433885,583
2199,4046448,583
2200,4201705,582
2201,4103741,582
2202,36713112,582
2203,436832,579
2204,253797,578
2205,375283,578
2206,4134172,578
2207,40482241,578
2208,4166844,577
2209,4258295,576
2210,438555,574
2211,377280,574
2212,313236,572
2213,43530714,572
2214,4073658,571
2215,440072,570
2216,705076,570
2217,432798,570
2218,36712805,570
2219,4311124,570
2220,132344,570
2221,44783016,569
2222,253790,568
2223,133713,567
2224,434164,565
2225,4091464,565
2226,137626,565
2227,4319602,565
2228,439253,564
2229,4052524,564
2230,376387,564
2231,441334,563
2232,133547,562
2233,442190,562
2234,436235,560
2235,436147,560
2236,439410,559
2237,4263879,559
2238,4013605,559
2239,4003529,559
2240,4061734,557
2241,43020910,556
2242,201614,555
2243,43021227,555
2244,437544,555
2245,200051,554
2246,4299408,553
2247,4316228,552
2248,4017107,551
2249,4165091,551
2250,441264,551
2251,194408,550
2252,437082,550
2253,4046093,550
2254,200169,550
2255,4310821,547
2256,374905,546
2257,434327,546
2258,194755,544
2259,441266,544
2260,40482444,544
2261,4225324,543
2262,4199441,543
2263,43530648,543
2264,133294,542
2265,4245143,539
2266,376116,539
2267,439780,539
2268,140490,538
2269,4103534,536
2270,4311484,536
2271,4329560,535
2272,441541,535
2273,37016367,534
2274,4056579,534
2275,4185029,534
2276,46274035,533
2277,4144389,532
2278,4130017,532
2279,4029420,531
2280,439235,530
2281,4152376,529
2282,4258293,529
2283,4010763,529
2284,435232,529
2285,378165,529
2286,35622934,528
2287,4140828,528
2288,192357,526
2289,80269,525
2290,4202045,524
2291,37016108,524
2292,374640,523
2293,40489912,522
2294,4238808,521
2295,4096643,521
2296,4239487,521
2297,4155077,520
2298,372646,520
2299,443458,520
2300,4260546,519
2301,444063,519
2302,45766241,518
2303,40441585,517
2304,4194739,516
2305,46273477,515
2306,45757719,514
2307,4108817,514
2308,194491,513
2309,4175167,513
2310,438688,512
2311,134661,512
2312,4119146,512
2313,133002,512
2314,46273162,512
2315,4264073,511
2316,759930,510
2317,192568,510
2318,436635,510
2319,4097158,510
2320,4077584,509
2321,4027470,508
2322,197916,507
2323,377877,507
2324,381572,506
2325,4116731,505
2326,4183031,505
2327,4101918,505
2328,46273652,504
2329,4152163,504
2330,4304002,504
2331,194403,504
2332,444115,504
2333,4193868,503
2334,436826,503
2335,438422,503
2336,4107674,501
2337,373479,500
2338,4111565,499
2339,377573,499
2340,45766898,498
2341,37207926,498
2342,4172822,497
2343,441980,497
2344,435397,496
2345,377294,496
2346,4055484,495
2347,4102985,494
2348,4184256,494
2349,4213731,494
2350,4296611,494
2351,440238,494
2352,4234480,492
2353,440078,492
2354,4093673,492
2355,374053,491
2356,438748,491
2357,4030846,490
2358,4115161,489
2359,46273180,489
2360,4018956,489
2361,46269816,489
2362,432863,488
2363,374360,488
2364,4066382,488
2365,317510,488
2366,4130027,488
2367,4055851,488
2368,4112826,487
2369,46270163,487
2370,40482638,487
2371,377545,486
2372,4202383,486
2373,43020460,486
2374,440303,486
2375,40650479,485
2376,23986,484
2377,4218552,484
2378,4308863,484
2379,196061,483
2380,437828,483
2381,40481975,483
2382,4033861,483
2383,4134605,483
2384,442013,482
2385,434626,482
2386,4098740,482
2387,37207869,481
2388,4263898,480
2389,312336,480
2390,373775,480
2391,4029273,479
2392,26711,478
2393,372906,476
2394,134735,475
2395,46270470,475
2396,36712678,475
2397,4304484,474
2398,42537043,473
2399,759931,473
2400,4031941,472
2401,4335883,472
2402,4329445,471
2403,4153890,471
2404,4035437,471
2405,437496,470
2406,75043,470
2407,4151446,469
2408,4102986,469
2409,4149851,469
2410,4319447,469
2411,4195436,468
2412,374035,468
2413,40481632,468
2414,40482807,468
2415,43530818,467
2416,436670,467
2417,4171569,466
2418,45757310,465
2419,4134454,465
2420,380109,464
2421,4177069,464
2422,439155,464
2423,4050977,462
2424,375815,462
2425,4057177,462
2426,132841,461
2427,4054546,461
2428,4150985,460
2429,376106,460
2430,36713113,460
2431,45763766,460
2432,440404,459
2433,438721,459
2434,434547,459
2435,4013155,459
2436,4069654,458
2437,4008706,458
2438,4310400,458
2439,377556,457
2440,432837,456
2441,45766941,456
2442,316814,456
2443,24230,456
2444,374655,455
2445,4047805,455
2446,434084,455
2447,133438,455
2448,4143365,455
2449,132703,455
2450,256622,455
2451,43531721,454
2452,439751,454
2453,4055985,454
2454,261324,453
2455,439727,453
2456,45766765,452
2457,4345680,452
2458,78200,450
2459,318776,450
2460,435802,449
2461,435149,449
2462,4242669,449
2463,45770892,448
2464,4120318,448
2465,441855,448
2466,436799,447
2467,4058397,447
2468,81141,447
2469,141650,446
2470,4143698,446
2471,438130,446
2472,199151,445
2473,196925,445
2474,4058637,445
2475,4109883,445
2476,43021237,445
2477,438531,444
2478,436817,443
2479,4166231,443
2480,4024127,442
2481,381017,440
2482,36714927,440
2483,46269823,440
2484,4053585,438
2485,4313149,438
2486,137350,437
2487,40479606,437
2488,23798,436
2489,42537251,436
2490,378414,436
2491,37116441,436
2492,434374,435
2493,4150497,435
2494,4167984,434
2495,194418,434
2496,4032594,433
2497,201341,432
2498,4160900,432
2499,4178431,430
2500,443616,430
2501,4096804,429
2502,318772,429
2503,438699,429
2504,4195865,428
2505,321822,428
2506,4319280,428
2507,4308393,428
2508,37016179,427
2509,444243,427
2510,77066,427
2511,45757639,426
2512,380702,426
2513,138996,426
2514,4003487,426
2515,4174385,425
2516,4147614,425
2517,45769350,425
2518,196160,425
2519,434493,425
2520,78834,423
2521,78771,422
2522,40484571,422
2523,40483220,421
2524,45770904,421
2525,4254542,420
2526,4336384,420
2527,4112521,420
2528,4266864,419
2529,36712784,417
2530,4270932,417
2531,4061050,417
2532,374948,417
2533,195585,416
2534,45757804,416
2535,764594,416
2536,4001454,415
2537,440058,415
2538,4089512,415
2539,436701,414
2540,26638,413
2541,4164648,412
2542,4116451,412
2543,4034214,412
2544,4290877,412
2545,4013612,412
2546,37312519,411
2547,257503,411
2548,4243575,410
2549,40482236,410
2550,197237,410
2551,4056770,409
2552,432263,409
2553,4015988,409
2554,79240,408
2555,4178810,408
2556,4155029,408
2557,4300192,408
2558,441558,408
2559,312349,408
2560,133794,407
2561,4233724,406
2562,194684,406
2563,43531027,405
2564,4116450,405
2565,4048485,405
2566,377263,405
2567,46270031,405
2568,4242514,405
2569,374954,405
2570,4066472,404
2571,40481757,404
2572,377560,403
2573,4085877,403
2574,436145,403
2575,36715679,402
2576,373202,402
2577,4035422,402
2578,436936,401
2579,36712785,401
2580,201045,400
2581,4117712,400
2582,200588,400
2583,45757721,399
2584,4194652,399
2585,4108638,399
2586,4167085,398
2587,45757695,398
2588,4174044,398
2589,4200649,397
2590,80008,397
2591,42539502,396
2592,73302,396
2593,40488954,396
2594,437402,395
2595,42535425,395
2596,200779,395
2597,4178395,395
2598,436093,395
2599,443551,395
2600,435484,394
2601,45757744,394
2602,4113837,394
2603,4000167,393
2604,40486428,393
2605,40490986,392
2606,4347307,392
2607,22350,392
2608,40487528,392
2609,432621,392
2610,40486120,391
2611,40492268,391
2612,436136,391
2613,201352,391
2614,437986,390
2615,313221,390
2616,4279913,389
2617,4290822,389
2618,4340799,389
2619,40481820,388
2620,77639,387
2621,4121803,387
2622,4155042,387
2623,4085156,385
2624,37018293,385
2625,43022062,384
2626,437241,384
2627,134222,382
2628,44784251,382
2629,45757072,380
2630,433992,380
2631,372651,379
2632,438039,379
2633,43530674,379
2634,4009606,379
2635,4335159,378
2636,437708,378
2637,379816,378
2638,4159164,377
2639,374946,377
2640,45763781,377
2641,432595,377
2642,132277,376
2643,40485376,376
2644,4161682,376
2645,378421,375
2646,81144,375
2647,37116631,374
2648,4228503,374
2649,436059,374
2650,134453,372
2651,4174885,372
2652,4138962,372
2653,45763823,371
2654,79072,370
2655,433997,370
2656,45766819,370
2657,434085,369
2658,4326356,369
2659,4342640,369
2660,4154164,369
2661,312723,369
2662,4213266,369
2663,4001171,369
2664,4334736,368
2665,374377,368
2666,374950,367
2667,4322175,367
2668,194683,367
2669,762217,367
2670,4015216,367
2671,133628,367
2672,374649,366
2673,4118007,366
2674,439907,366
2675,4014159,365
2676,36715681,365
2677,4186463,365
2678,4071874,365
2679,438698,365
2680,196044,365
2681,40487393,365
2682,40480944,364
2683,140803,364
2684,80552,364
2685,201530,364
2686,764597,364
2687,78473,364
2688,4111717,363
2689,136516,362
2690,374957,362
2691,46269831,362
2692,434203,362
2693,192855,361
2694,75343,360
2695,4134120,360
2696,4067764,359
2697,4121629,359
2698,4056580,359
2699,4151635,359
2700,79938,359
2701,4163735,359
2702,201905,359
2703,258375,358
2704,440068,358
2705,440649,358
2706,43020446,358
2707,81250,357
2708,376971,356
2709,4296728,355
2710,4050884,354
2711,4066147,353
2712,37207929,353
2713,443327,351
2714,4108234,350
2715,435696,350
2716,4134443,350
2717,133384,350
2718,4016131,349
2719,4138149,349
2720,4211974,349
2721,37207927,349
2722,23245,348
2723,434176,348
2724,432868,348
2725,4147466,347
2726,4070679,347
2727,4196024,346
2728,437385,346
2729,435799,346
2730,4208200,346
2731,4055716,345
2732,4009329,345
2733,35624169,345
2734,37396333,344
2735,4150511,344
2736,4109116,344
2737,4176898,344
2738,4288676,344
2739,4031840,343
2740,377561,343
2741,40480435,343
2742,40488783,342
2743,253321,342
2744,4055341,342
2745,381021,342
2746,4291143,342
2747,4341635,341
2748,24660,341
2749,378142,341
2750,4174096,341
2751,81239,340
2752,40483537,340
2753,4228164,340
2754,4028238,340
2755,45757303,339
2756,197329,339
2757,44783856,338
2758,196895,338
2759,4324765,337
2760,4275292,337
2761,4080146,337
2762,45766121,337
2763,36715680,337
2764,74472,337
2765,438208,337
2766,4302686,337
2767,381504,337
2768,4248716,336
2769,438168,336
2770,4339092,335
2771,194393,335
2772,254058,335
2773,4015365,335
2774,438269,335
2775,4317685,334
2776,4097128,334
2777,378523,334
2778,37309625,333
2779,44782751,333
2780,4029776,333
2781,380117,333
2782,80484,332
2783,43530637,332
2784,197593,332
2785,201265,332
2786,381031,332
2787,77644,331
2788,4344258,331
2789,4273526,330
2790,4153068,330
2791,765582,329
2792,256450,329
2793,440087,328
2794,75910,328
2795,381581,328
2796,439246,328
2797,4184403,328
2798,378144,327
2799,37311110,327
2800,45763814,327
2801,141056,327
2802,192885,327
2803,40490497,326
2804,4211388,326
2805,4051595,326
2806,4056718,326
2807,137944,326
2808,4053598,326
2809,4189235,325
2810,45767042,325
2811,4147787,325
2812,135778,324
2813,37118660,324
2814,42537252,323
2815,79903,323
2816,4134181,323
2817,316457,322
2818,252758,322
2819,37116538,321
2820,196620,321
2821,4194232,321
2822,4015352,321
2823,195240,321
2824,201728,321
2825,4134144,320
2826,373212,320
2827,192273,320
2828,378001,320
2829,381296,320
2830,37117095,319
2831,4345332,319
2832,200349,318
2833,40479241,318
2834,443403,318
2835,4112302,318
2836,44783628,318
2837,4219822,317
2838,435522,317
2839,321109,317
2840,320739,317
2841,37116845,317
2842,4317409,317
2843,440142,317
2844,432612,317
2845,37209603,317
2846,198402,317
2847,375274,316
2848,4055711,316
2849,4028998,316
2850,4144328,316
2851,4147411,316
2852,201900,316
2853,444264,316
2854,46269889,316
2855,4208199,315
2856,4096856,315
2857,4209974,315
2858,434614,315
2859,444199,315
2860,4049121,314
2861,45770902,314
2862,4011654,314
2863,46270366,314
2864,4295727,313
2865,319825,313
2866,4115282,313
2867,433435,313
2868,441628,313
2869,378765,312
2870,4054062,312
2871,440690,312
2872,4177851,311
2873,381009,311
2874,764098,311
2875,433000,311
2876,4117687,311
2877,134870,310
2878,201344,310
2879,4066824,310
2880,36715682,310
2881,4160059,310
2882,4058066,309
2883,201518,309
2884,45766842,309
2885,80800,308
2886,141004,308
2887,4109067,308
2888,437521,308
2889,4057432,308
2890,4051605,308
2891,4246127,308
2892,377546,306
2893,4000983,306
2894,4190773,306
2895,4243821,306
2896,4126119,306
2897,37207867,306
2898,4136714,306
2899,45771403,306
2900,4008519,306
2901,4067311,305
2902,4160276,305
2903,4251306,305
2904,4003185,305
2905,138502,305
2906,375547,304
2907,40481897,304
2908,4110484,304
2909,439248,304
2910,432296,304
2911,37209605,303
2912,195587,303
2913,46270367,303
2914,4031109,303
2915,40482061,303
2916,4302740,303
2917,4153106,302
2918,435787,302
2919,4102342,302
2920,443464,302
2921,376647,302
2922,4286642,302
2923,40481302,302
2924,4152968,302
2925,432303,301
2926,4181187,301
2927,75667,300
2928,4328356,300
2929,74127,299
2930,379769,299
2931,4052527,299
2932,4334246,298
2933,4008566,298
2934,381020,298
2935,436972,298
2936,195314,298
2937,137829,298
2938,4069652,298
2939,378764,297
2940,140362,297
2941,4006163,297
2942,440387,297
2943,376977,297
2944,4069320,296
2945,4111413,296
2946,43021254,296
2947,4246661,296
2948,378439,296
2949,40489909,296
2950,436248,296
2951,318766,295
2952,440979,295
2953,4009436,295
2954,4345577,294
2955,46273990,294
2956,762216,294
2957,4342896,294
2958,42709931,294
2959,75580,293
2960,321107,292
2961,375266,292
2962,4015628,292
2963,134398,292
2964,320116,292
2965,198683,292
2966,4266637,291
2967,4151263,291
2968,4046205,291
2969,4312685,291
2970,45757649,290
2971,4241530,290
2972,4024013,290
2973,200970,290
2974,435835,290
2975,40482865,290
2976,195259,290
2977,45763790,290
2978,80187,289
2979,440710,289
2980,374631,289
2981,437744,289
2982,4095592,288
2983,439794,288
2984,40547222,287
2985,141933,287
2986,201891,287
2987,380402,287
2988,316084,287
2989,436246,287
2990,437027,286
2991,4151937,286
2992,378741,286
2993,40491439,285
2994,434910,284
2995,134603,284
2996,40489808,284
2997,77076,283
2998,40483538,283
2999,4144316,283
3000,4171776,283
3001,4200286,283
3002,253009,283
3003,432904,283
3004,4050089,282
3005,200959,282
3006,80819,282
3007,439815,282
3008,37117206,281
3009,45757305,281
3010,321315,281
3011,4222138,281
3012,4170313,281
3013,133974,280
3014,372325,280
3015,76349,280
3016,197239,280
3017,193240,280
3018,74855,280
3019,40486629,279
3020,194079,279
3021,4226266,279
3022,45766781,279
3023,4196141,278
3024,4199600,278
3025,4042501,278
3026,196821,278
3027,4317278,278
3028,46270117,278
3029,432257,278
3030,75689,278
3031,4111720,278
3032,133444,278
3033,40481091,278
3034,435809,277
3035,438725,277
3036,4272177,277
3037,4108215,277
3038,30978,276
3039,4162994,276
3040,201612,276
3041,435521,276
3042,4176170,275
3043,4102501,275
3044,4078543,274
3045,4068241,274
3046,4177651,274
3047,4227210,274
3048,40481345,274
3049,3656982,273
3050,4220238,273
3051,4024306,273
3052,46269753,273
3053,4280071,272
3054,45773181,272
3055,436837,272
3056,44808984,271
3057,4079975,271
3058,432251,271
3059,380728,270
3060,40481943,270
3061,44783972,270
3062,436675,270
3063,198075,270
3064,4152936,269
3065,4009318,269
3066,375285,269
3067,377604,269
3068,4265860,268
3069,440989,268
3070,440738,268
3071,4296627,268
3072,4344621,268
3073,4094329,267
3074,435242,267
3075,432508,267
3076,40479573,267
3077,45763824,266
3078,37016176,266
3079,437847,266
3080,4086243,266
3081,379020,266
3082,198465,266
3083,136354,266
3084,46273478,265
3085,37016191,265
3086,4174369,265
3087,195559,265
3088,4300203,265
3089,4253962,264
3090,372479,264
3091,74816,264
3092,442750,264
3093,4319889,263
3094,4182711,263
3095,4104196,263
3096,4113451,263
3097,140352,262
3098,43021857,262
3099,439674,262
3100,4134162,262
3101,35615055,262
3102,436996,261
3103,140708,261
3104,4066819,261
3105,4242814,261
3106,4031111,261
3107,4058349,261
3108,79119,261
3109,376984,261
3110,4095598,261
3111,4086020,261
3112,45757504,260
3113,4000964,260
3114,4122339,259
3115,441269,259
3116,80861,259
3117,374931,259
3118,378135,258
3119,4093193,258
3120,26052,258
3121,4055618,258
3122,78193,258
3123,432890,258
3124,45757304,258
3125,435569,258
3126,372886,258
3127,4035436,257
3128,4243593,257
3129,437836,257
3130,4194050,257
3131,45771405,257
3132,74768,257
3133,4110194,257
3134,4051005,257
3135,432594,256
3136,140173,256
3137,4069318,256
3138,4133009,256
3139,4164345,256
3140,4023612,255
3141,134304,255
3142,443797,255
3143,45772094,255
3144,4009573,255
3145,4146239,255
3146,312902,255
3147,436923,255
3148,4301733,254
3149,437262,254
3150,381278,254
3151,36712845,254
3152,432620,254
3153,435543,254
3154,4175440,254
3155,4319328,253
3156,3656897,253
3157,443239,253
3158,4155189,253
3159,4049957,252
3160,199837,252
3161,45763584,252
3162,436249,252
3163,4318656,252
3164,436108,251
3165,4298809,251
3166,4004672,251
3167,4245840,251
3168,4102935,250
3169,198822,249
3170,375249,249
3171,139110,249
3172,4206872,249
3173,198101,249
3174,4166058,248
3175,436975,248
3176,375801,248
3177,200773,248
3178,380397,248
3179,381854,248
3180,4055748,248
3181,30968,248
3182,438731,247
3183,4176755,247
3184,4242957,247
3185,138466,247
3186,194831,247
3187,4152370,247
3188,197318,247
3189,315531,247
3190,4115179,247
3191,37118667,247
3192,77961,246
3193,4347287,246
3194,37018875,245
3195,4308390,245
3196,4301373,245
3197,46273649,244
3198,374623,244
3199,35622759,244
3200,380393,244
3201,4011012,244
3202,4076794,244
3203,23868,243
3204,75051,243
3205,4064028,243
3206,433134,243
3207,201527,243
3208,4148091,243
3209,4025937,243
3210,197331,242
3211,45757331,242
3212,80232,242
3213,4166130,242
3214,260754,242
3215,44782762,242
3216,4053320,242
3217,4121463,242
3218,4164770,242
3219,4055650,241
3220,4338759,241
3221,4151525,241
3222,439080,240
3223,45767635,240
3224,76191,240
3225,4043395,240
3226,22492,240
3227,4153694,239
3228,4320803,239
3229,4160055,239
3230,37312531,239
3231,76503,238
3232,376123,238
3233,4147598,237
3234,377572,237
3235,37016343,237
3236,140090,237
3237,4067774,237
3238,320651,237
3239,318450,237
3240,200618,236
3241,35615135,236
3242,4098597,236
3243,4169252,236
3244,43530819,235
3245,440448,235
3246,37396201,234
3247,77395,234
3248,4113009,234
3249,43531046,234
3250,436839,233
3251,4340383,233
3252,4077904,233
3253,4317548,233
3254,4008556,232
3255,43530691,232
3256,43530719,232
3257,4159165,232
3258,43530626,232
3259,4134176,232
3260,4141654,232
3261,443556,231
3262,434891,231
3263,4118909,231
3264,45757306,231
3265,380818,231
3266,4191592,231
3267,440631,231
3268,42539474,231
3269,135939,231
3270,200775,231
3271,765316,231
3272,441968,231
3273,4098292,231
3274,4019836,231
3275,443730,230
3276,37208024,230
3277,80186,230
3278,4002356,230
3279,36712754,229
3280,46269791,229
3281,4148231,229
3282,441233,229
3283,4050101,229
3284,40483811,229
3285,4138290,228
3286,37208028,228
3287,4269221,228
3288,4282301,228
3289,441421,228
3290,4030040,228
3291,4314071,227
3292,4334248,227
3293,440431,227
3294,4134577,227
3295,4162993,227
3296,256646,226
3297,437498,226
3298,200763,226
3299,4051332,226
3300,4239897,226
3301,441547,226
3302,36712713,226
3303,46273489,226
3304,200054,226
3305,373194,225
3306,4052837,225
3307,4165681,224
3308,372635,224
3309,201901,224
3310,4248277,224
3311,436251,224
3312,440990,224
3313,36713111,224
3314,442105,224
3315,44782821,223
3316,4084868,223
3317,374357,223
3318,137900,223
3319,4092380,223
3320,4105105,223
3321,4330878,222
3322,4138150,222
3323,4053589,222
3324,4048393,222
3325,259992,222
3326,317299,222
3327,44788772,222
3328,4067766,222
3329,4138284,221
3330,437954,221
3331,81403,221
3332,435565,221
3333,4216432,220
3334,36717036,220
3335,36712753,220
3336,27918,220
3337,4009457,220
3338,4015506,220
3339,40481327,219
3340,45757404,219
3341,42536547,219
3342,4155797,219
3343,28396,219
3344,4243940,219
3345,4111710,219
3346,4154168,218
3347,436206,218
3348,436700,218
3349,4344376,218
3350,377875,218
3351,136580,218
3352,4184109,217
3353,438068,217
3354,4066471,217
3355,4024717,216
3356,4218083,216
3357,45763762,216
3358,4038835,216
3359,44782752,216
3360,440392,216
3361,434348,216
3362,436062,216
3363,4025165,216
3364,81660,216
3365,4029423,216
3366,138027,215
3367,43021410,215
3368,381291,215
3369,442264,215
3370,4210912,215
3371,40489374,214
3372,4162218,214
3373,40483832,214
3374,193144,214
3375,201824,213
3376,4277253,213
3377,43531560,213
3378,4106354,213
3379,260430,213
3380,4341633,212
3381,438028,212
3382,4305482,212
3383,79113,212
3384,36715625,211
3385,4132570,211
3386,443361,211
3387,434323,211
3388,432301,211
3389,4241223,211
3390,4054064,211
3391,134442,211
3392,4088373,211
3393,4256889,211
3394,4117866,210
3395,36712715,210
3396,195480,210
3397,4085893,210
3398,4198492,210
3399,40480943,210
3400,192854,210
3401,37204169,209
3402,40482266,209
3403,4173408,209
3404,261116,209
3405,36714116,209
3406,4267417,209
3407,197607,209
3408,4173943,209
3409,4310999,209
3410,4134309,209
3411,193138,209
3412,200762,208
3413,432289,208
3414,46270383,208
3415,4031756,208
3416,77812,208
3417,198446,208
3418,443525,208
3419,45772085,208
3420,4192127,207
3421,4147162,207
3422,4157453,207
3423,4086197,207
3424,134743,206
3425,77707,206
3426,760152,206
3427,441800,206
3428,197601,206
3429,4108805,206
3430,42535403,206
3431,4146942,206
3432,36712949,206
3433,141249,205
3434,30441,205
3435,37109307,205
3436,137813,205
3437,4232324,204
3438,4196960,204
3439,375256,204
3440,81064,204
3441,138713,204
3442,439404,204
3443,444453,204
3444,4247136,203
3445,196168,203
3446,75620,203
3447,4233424,203
3448,441834,203
3449,199067,203
3450,193598,203
3451,192735,202
3452,4110252,202
3453,375819,202
3454,381839,202
3455,4099740,202
3456,200451,201
3457,76199,201
3458,37312532,201
3459,4009902,201
3460,435150,201
3461,77955,201
3462,36716270,201
3463,132983,201
3464,37208023,200
3465,136949,200
3466,36715624,200
3467,4150681,200
3468,4273095,200
3469,77317,200
3470,4110186,199
3471,74777,199
3472,4044745,199
3473,438178,199
3474,374952,199
3475,372599,199
3476,195575,199
3477,4179653,199
3478,4252861,198
3479,138346,198
3480,46271951,198
3481,440193,198
3482,46270365,198
3483,434842,198
3484,4059452,197
3485,4304010,197
3486,764595,197
3487,4051432,197
3488,4181744,197
3489,4233811,196
3490,43022016,196
3491,436110,196
3492,36717183,196
3493,76611,195
3494,440713,195
3495,4112931,194
3496,40480946,194
3497,4106360,194
3498,40492458,194
3499,4012444,194
3500,380714,194
3501,4276495,193
3502,4167105,193
3503,259852,193
3504,4323194,192
3505,4166906,192
3506,196359,192
3507,441976,192
3508,441973,192
3509,4077428,191
3510,434625,191
3511,4009168,191
3512,4095693,191
3513,4135822,191
3514,381282,191
3515,4049971,191
3516,441283,190
3517,4059563,190
3518,37208036,190
3519,4175807,190
3520,4309525,190
3521,374959,189
3522,764599,189
3523,436634,189
3524,132391,189
3525,135338,189
3526,4171915,189
3527,4138403,189
3528,4078359,189
3529,40481303,188
3530,195213,188
3531,4102979,188
3532,441202,188
3533,44782741,188
3534,73012,188
3535,4243445,188
3536,4178114,188
3537,75652,188
3538,4175786,188
3539,377535,188
3540,4317284,188
3541,4043346,188
3542,46273238,187
3543,45766782,187
3544,373182,187
3545,372654,187
3546,440370,187
3547,440985,187
3548,37208031,187
3549,4005764,186
3550,4346970,186
3551,4038530,186
3552,440820,186
3553,4135088,186
3554,36715574,186
3555,372318,185
3556,4260194,185
3557,35615028,185
3558,46269756,185
3559,197303,185
3560,45771409,185
3561,4101104,185
3562,4178874,184
3563,4015991,184
3564,195197,184
3565,4088051,184
3566,4202682,184
3567,4195585,184
3568,4094346,184
3569,374748,184
3570,4116151,184
3571,4078700,184
3572,4106683,184
3573,139970,183
3574,440546,183
3575,40483172,183
3576,45766766,183
3577,373785,183
3578,77647,183
3579,78011,182
3580,80045,182
3581,4053597,181
3582,4051956,181
3583,4151524,181
3584,72266,181
3585,4063812,181
3586,40491872,180
3587,40490984,180
3588,765692,180
3589,4079978,180
3590,4339489,180
3591,436741,179
3592,433730,179
3593,436682,179
3594,4107913,179
3595,4249574,179
3596,440703,179
3597,438114,179
3598,372894,179
3599,199863,179
3600,80509,179
3601,4002792,179
3602,436392,179
3603,4239873,179
3604,197039,179
3605,196455,179
3606,375528,178
3607,443876,178
3608,4081998,178
3609,4001458,178
3610,4138414,178
3611,45772707,178
3612,4331508,178
3613,374032,178
3614,4138285,178
3615,4027782,178
3616,4126297,178
3617,4113942,177
3618,75311,176
3619,764524,176
3620,4001664,176
3621,4153517,176
3622,442560,176
3623,4205455,176
3624,434588,176
3625,444434,176
3626,4321835,175
3627,4030186,175
3628,4180167,175
3629,194385,175
3630,4078921,174
3631,4203556,174
3632,4015992,174
3633,377802,174
3634,134404,174
3635,437904,174
3636,140823,174
3637,441961,174
3638,196625,174
3639,4057580,173
3640,435775,173
3641,434277,173
3642,441828,173
3643,137627,173
3644,439857,173
3645,4168682,172
3646,4195873,172
3647,4059416,172
3648,441545,172
3649,376418,172
3650,439249,172
3651,4047784,172
3652,381028,172
3653,4245385,171
3654,4264234,171
3655,45766654,171
3656,432346,171
3657,4309779,171
3658,377297,171
3659,441077,171
3660,433909,171
3661,200444,171
3662,138176,171
3663,4237198,170
3664,437843,170
3665,443419,170
3666,437557,170
3667,4312477,170
3668,4165868,170
3669,4002661,169
3670,4163865,169
3671,4138156,169
3672,140027,169
3673,46269732,169
3674,196157,169
3675,28779,169
3676,72578,168
3677,133147,168
3678,4279553,168
3679,45769867,168
3680,196149,168
3681,4227902,168
3682,4107554,167
3683,440735,167
3684,193239,167
3685,79116,167
3686,3655481,167
3687,28457,167
3688,36685929,167
3689,4088351,167
3690,4114164,167
3691,381014,167
3692,432345,166
3693,44782753,166
3694,138845,166
3695,437515,166
3696,4114439,166
3697,4188581,166
3698,4002357,166
3699,45771093,166
3700,377291,166
3701,199859,166
3702,4046100,165
3703,4057087,165
3704,4021911,165
3705,320342,165
3706,435225,165
3707,441848,164
3708,4174977,164
3709,72618,164
3710,138582,164
3711,46270364,164
3712,4167100,164
3713,313791,164
3714,4343935,164
3715,443604,163
3716,376425,163
3717,45768908,163
3718,36685232,163
3719,30679,163
3720,432961,162
3721,441555,162
3722,76914,162
3723,373425,162
3724,37208022,162
3725,372547,162
3726,4113650,162
3727,200348,162
3728,4081461,162
3729,79127,162
3730,4120302,162
3731,433749,162
3732,4280828,162
3733,28083,161
3734,4300442,161
3735,436101,161
3736,40482893,161
3737,373213,161
3738,37016180,161
3739,40484541,161
3740,762337,161
3741,4172835,161
3742,377788,161
3743,377886,160
3744,441044,160
3745,4152814,160
3746,4342875,160
3747,4112824,160
3748,314457,160
3749,139899,160
3750,437448,160
3751,435228,160
3752,46270529,160
3753,4239484,160
3754,45757711,159
3755,377290,159
3756,381592,159
3757,443177,159
3758,4282532,159
3759,436033,159
3760,4181877,158
3761,260336,158
3762,433996,158
3763,37018952,158
3764,137991,158
3765,438979,158
3766,381574,158
3767,381865,158
3768,37109512,158
3769,42539121,158
3770,76784,157
3771,4311117,157
3772,4180978,157
3773,4039744,157
3774,4067872,157
3775,196733,157
3776,4312802,157
3777,4208815,157
3778,439840,157
3779,438701,156
3780,379822,156
3781,36685161,156
3782,441246,156
3783,4317826,156
3784,4170637,156
3785,133169,155
3786,380859,155
3787,372929,155
3788,436470,155
3789,4046360,155
3790,439620,155
3791,40487616,155
3792,377868,155
3793,4098922,155
3794,4252885,155
3795,4057008,154
3796,4340390,154
3797,4271140,154
3798,765719,154
3799,381573,154
3800,380113,154
3801,443900,154
3802,4044404,153
3803,4137945,153
3804,43021245,153
3805,199991,153
3806,4334734,153
3807,136960,153
3808,45757558,153
3809,197924,153
3810,4131768,152
3811,4243456,152
3812,4261810,152
3813,444238,152
3814,42872891,152
3815,4003830,152
3816,4112015,152
3817,4059257,152
3818,432347,152
3819,253815,151
3820,436466,151
3821,4222896,151
3822,437529,151
3823,433467,151
3824,4108680,151
3825,4135744,151
3826,257010,151
3827,439438,151
3828,258787,151
3829,4001670,151
3830,37203984,150
3831,4093228,150
3832,4180778,150
3833,36715623,150
3834,4264718,150
3835,4106352,150
3836,4181782,150
3837,195307,150
3838,4106351,149
3839,4041510,149
3840,441655,149
3841,4204555,149
3842,441321,149
3843,4096201,149
3844,4174010,148
3845,432838,148
3846,433208,148
3847,37117135,148
3848,4170620,148
3849,4280498,148
3850,4340493,148
3851,140057,148
3852,4297098,147
3853,4046804,147
3854,136779,147
3855,4012447,147
3856,4136721,147
3857,4054550,147
3858,199073,147
3859,197328,146
3860,198798,146
3861,4067987,146
3862,4100858,146
3863,46269825,146
3864,443082,146
3865,4329847,146
3866,4299505,146
3867,4212079,146
3868,439787,146
3869,195589,146
3870,4106410,146
3871,4052225,146
3872,442770,146
3873,45766899,146
3874,134718,146
3875,4046500,145
3876,4116441,145
3877,433696,145
3878,140020,145
3879,46271795,145
3880,137005,145
3881,4333977,145
3882,4048716,145
3883,374363,145
3884,374341,145
3885,4273693,145
3886,4124683,145
3887,376026,144
3888,434819,144
3889,4164348,144
3890,436522,144
3891,4194891,144
3892,4047635,144
3893,259865,144
3894,4062098,144
3895,36717114,144
3896,28461,144
3897,437818,144
3898,80286,144
3899,4279681,143
3900,4066036,143
3901,4048028,143
3902,4053654,143
3903,4069651,143
3904,75954,143
3905,372925,143
3906,376405,143
3907,443283,143
3908,4092910,143
3909,192732,143
3910,37207918,142
3911,45766823,142
3912,45757720,142
3913,377101,142
3914,4151240,142
3915,80946,142
3916,433976,142
3917,4154930,141
3918,75346,141
3919,4057953,141
3920,4220292,141
3921,4058347,141
3922,4069653,141
3923,4101286,141
3924,40485405,141
3925,434281,141
3926,434365,140
3927,434764,140
3928,37207959,140
3929,434512,140
3930,4033296,140
3931,40485064,140
3932,4338669,140
3933,4129392,140
3934,4003693,139
3935,4194893,139
3936,436389,139
3937,46269886,139
3938,45766895,139
3939,4150384,139
3940,192560,139
3941,195498,139
3942,437461,139
3943,4162860,139
3944,201478,139
3945,256633,139
3946,4095399,139
3947,4028571,139
3948,376402,138
3949,37016767,138
3950,4274969,138
3951,201519,138
3952,4247802,138
3953,76924,138
3954,4067861,138
3955,4290615,138
3956,4049960,138
3957,4264766,137
3958,198246,137
3959,315505,137
3960,4057381,137
3961,40480516,137
3962,432719,137
3963,28179,137
3964,435753,137
3965,4195813,137
3966,46270162,137
3967,252655,136
3968,4013453,136
3969,75039,136
3970,4052966,136
3971,4234127,136
3972,140191,136
3973,4082029,136
3974,434033,136
3975,440409,135
3976,436446,135
3977,434170,135
3978,435755,135
3979,40479572,135
3980,4340964,135
3981,4055481,135
3982,37207858,135
3983,442600,135
3984,141475,135
3985,441521,135
3986,444234,135
3987,4270887,134
3988,35626038,134
3989,194696,134
3990,439842,134
3991,4146461,134
3992,433363,134
3993,4093960,134
3994,37016882,134
3995,4338227,134
3996,4268895,134
3997,381308,133
3998,4101287,133
3999,4344158,133
4000,436091,133
4001,42538804,133
4002,40480068,133
4003,195363,133
4004,193256,133
4005,4308716,132
4006,43020472,132
4007,4253210,132
4008,438090,132
4009,4315806,132
4010,201792,132
4011,46270371,132
4012,35624825,132
4013,194091,132
4014,4253627,132
4015,45757722,131
4016,375268,131
4017,439025,131
4018,4188441,131
4019,438761,131
4020,4151529,130
4021,4341520,130
4022,4096769,130
4023,36685928,130
4024,438990,130
4025,441875,130
4026,4055709,130
4027,434875,130
4028,4246656,130
4029,4123293,130
4030,432632,130
4031,80249,130
4032,377566,130
4033,318773,130
4034,46269874,129
4035,40482440,129
4036,4153258,129
4037,4152935,129
4038,37117752,129
4039,440583,129
4040,373470,129
4041,198475,129
4042,4186461,129
4043,37395590,129
4044,40482683,129
4045,45771090,129
4046,4299644,129
4047,4028252,128
4048,434293,128
4049,4136705,128
4050,4101602,128
4051,42537742,127
4052,436233,127
4053,4155038,127
4054,432587,127
4055,37108749,127
4056,377270,127
4057,37205044,127
4058,137951,127
4059,197034,127
4060,441906,127
4061,4081173,127
4062,4313657,127
4063,4117393,127
4064,77362,127
4065,140586,126
4066,37108588,126
4067,45766908,126
4068,141216,126
4069,4102936,126
4070,4059297,126
4071,45773540,126
4072,4111552,126
4073,4062405,126
4074,4322306,126
4075,4099792,126
4076,45766764,125
4077,4045976,125
4078,4326255,125
4079,436957,125
4080,436188,125
4081,438905,125
4082,438020,125
4083,81713,125
4084,4085248,125
4085,4308391,125
4086,4133599,125
4087,46273207,125
4088,4226022,124
4089,3657020,124
4090,4308632,124
4091,378547,124
4092,4299440,124
4093,434462,124
4094,441712,124
4095,40599994,124
4096,444272,124
4097,4087475,124
4098,4066735,123
4099,36717576,123
4100,253954,123
4101,4317981,123
4102,45771398,123
4103,4335747,123
4104,45766784,123
4105,35626039,123
4106,46274123,122
4107,437130,122
4108,43530680,122
4109,4186548,122
4110,45757247,122
4111,4112183,122
4112,193693,122
4113,4063919,122
4114,4066470,122
4115,4150042,122
4116,441500,122
4117,4095589,122
4118,436134,122
4119,199767,121
4120,433524,121
4121,4323582,121
4122,45766114,121
4123,4321555,121
4124,764598,121
4125,37016396,121
4126,374338,121
4127,132702,121
4128,4009752,121
4129,4333677,121
4130,4135745,121
4131,4171394,120
4132,442564,120
4133,437854,120
4134,45757767,120
4135,441215,120
4136,432833,120
4137,192675,120
4138,4108762,120
4139,4185013,120
4140,40480077,120
4141,198091,119
4142,45766755,119
4143,40481374,119
4144,315293,119
4145,37116627,119
4146,4133015,119
4147,4270705,119
4148,4136706,119
4149,4093950,119
4150,4194890,119
4151,4210005,119
4152,75406,119
4153,444188,119
4154,4276354,119
4155,31509,119
4156,443582,118
4157,260134,118
4158,4320824,118
4159,4195785,118
4160,134305,118
4161,4100425,118
4162,4112359,118
4163,37108748,118
4164,134141,118
4165,4174011,118
4166,37018928,118
4167,198192,118
4168,40481901,118
4169,3655118,118
4170,4114600,118
4171,37310244,118
4172,444094,117
4173,37207961,117
4174,435792,117
4175,443552,117
4176,79740,117
4177,196473,117
4178,194985,117
4179,35623051,117
4180,4027461,117
4181,440987,117
4182,4056179,117
4183,4068616,117
4184,377883,117
4185,4237824,117
4186,313504,116
4187,76791,116
4188,433455,116
4189,40479615,116
4190,141248,116
4191,4146660,116
4192,381302,116
4193,46273183,116
4194,37207960,116
4195,45757772,115
4196,4335174,115
4197,378696,115
4198,4101283,115
4199,4068119,115
4200,194996,115
4201,4319604,115
4202,373404,115
4203,4225055,115
4204,4065770,115
4205,40487351,115
4206,375821,114
4207,4323193,114
4208,437214,114
4209,437784,114
4210,45766942,114
4211,79904,114
4212,77635,114
4213,4279461,114
4214,4340386,114
4215,81670,114
4216,4097996,114
4217,132835,114
4218,141371,113
4219,4117771,113
4220,196469,113
4221,140666,113
4222,434272,113
4223,378423,113
4224,4192851,113
4225,4297185,113
4226,45772703,112
4227,444079,112
4228,25518,112
4229,373193,112
4230,4051439,112
4231,375671,112
4232,440863,112
4233,764596,112
4234,4111721,112
4235,4214076,111
4236,36716624,111
4237,4246450,111
4238,37018338,111
4239,44783882,111
4240,4052499,111
4241,4039691,111
4242,4045733,111
4243,46271106,111
4244,4102493,111
4245,441928,111
4246,4062972,111
4247,4116233,110
4248,4045227,110
4249,37204824,110
4250,4265479,110
4251,46270715,110
4252,4182419,110
4253,4171913,110
4254,3662401,110
4255,4171912,110
4256,4153138,110
4257,4006964,110
4258,4084168,109
4259,443800,109
4260,439004,109
4261,4324261,109
4262,196465,109
4263,45770895,109
4264,4089777,109
4265,42872407,109
4266,138708,109
4267,44782924,109
4268,4031113,108
4269,4033297,108
4270,196431,108
4271,440302,108
4272,313007,108
4273,444084,108
4274,193262,108
4275,4024567,108
4276,4093145,108
4277,4001329,107
4278,316356,107
4279,75634,107
4280,133637,107
4281,4153362,107
4282,4134178,107
4283,4108642,107
4284,3661864,107
4285,42538169,107
4286,378679,107
4287,4170421,107
4288,765476,107
4289,433515,107
4290,440696,106
4291,45767104,106
4292,45757770,106
4293,197377,106
4294,4271003,106
4295,762376,106
4296,195398,106
4297,4099508,106
4298,135489,106
4299,440825,106
4300,46273178,106
4301,439776,106
4302,372891,106
4303,4011656,106
4304,4151680,106
4305,4268046,106
4306,37207963,105
4307,4234973,105
4308,142032,105
4309,192242,105
4310,437834,105
4311,4106878,105
4312,4111716,105
4313,46269839,105
4314,195300,105
4315,4310964,105
4316,80182,105
4317,37310245,105
4318,133857,104
4319,43020567,104
4320,4003186,104
4321,196528,104
4322,4058346,104
4323,380093,104
4324,45757330,104
4325,442628,104
4326,434183,104
4327,4172076,104
4328,36715618,104
4329,37116510,104
4330,435080,104
4331,133468,104
4332,80824,104
4333,40482293,104
4334,435381,104
4335,22955,104
4336,4264281,104
4337,4002351,103
4338,4030049,103
4339,45771402,103
4340,316795,103
4341,197036,103
4342,4193634,103
4343,317814,103
4344,4140466,103
4345,440032,102
4346,44782455,102
4347,432589,102
4348,255891,102
4349,4294393,102
4350,379782,102
4351,436544,102
4352,4261830,102
4353,4115181,102
4354,4069943,102
4355,440736,102
4356,4170462,102
4357,434153,102
4358,40481132,101
4359,376712,101
4360,4056293,101
4361,44783857,101
4362,374355,101
4363,192674,101
4364,439277,101
4365,37311078,101
4366,434007,101
4367,381306,101
4368,4006305,101
4369,375738,101
4370,4213865,101
4371,79939,101
4372,444078,100
4373,35624320,100
4374,4006294,100
4375,80004,100
4376,4086220,100
4377,4228686,100
4378,380110,100
4379,40493039,100
4380,195212,100
4381,440695,100
4382,4138157,100
4383,4184626,100
4384,4312698,100
4385,45757269,100
4386,4030847,100
4387,4066493,100
4388,434316,100
4389,75512,99
4390,439096,99
4391,36715622,99
4392,200355,99
4393,440668,99
4394,37309681,99
4395,260434,99
4396,4154632,99
4397,4095288,99
4398,4110023,99
4399,40481346,99
4400,438086,99
4401,138526,99
4402,436086,99
4403,37207865,99
4404,439871,99
4405,36674774,99
4406,4146738,99
4407,4061843,99
4408,37111520,98
4409,4211244,98
4410,36713165,98
4411,436348,98
4412,133283,98
4413,440396,98
4414,4056478,98
4415,78586,98
4416,439834,98
4417,4198185,98
4418,444289,98
4419,36716654,98
4420,4116008,98
4421,192815,98
4422,4053178,98
4423,378145,98
4424,37016107,98
4425,433403,98
4426,45757538,98
4427,197806,98
4428,201619,98
4429,4286676,97
4430,442182,97
4431,4096616,97
4432,199066,97
4433,4067312,97
4434,45763849,97
4435,439971,97
4436,444449,97
4437,135766,97
4438,37115756,97
4439,4070156,97
4440,141666,97
4441,46269884,97
4442,438350,96
4443,201461,96
4444,43020664,96
4445,4148331,96
4446,374362,96
4447,4053149,96
4448,40486896,96
4449,76388,96
4450,192422,96
4451,141662,96
4452,4094834,96
4453,439658,96
4454,252946,96
4455,321119,96
4456,4046351,95
4457,4337373,95
4458,441032,95
4459,44783376,95
4460,200761,95
4461,40483183,95
4462,72709,95
4463,37208040,95
4464,4173136,95
4465,441172,95
4466,432898,95
4467,438778,95
4468,45757433,95
4469,4100536,95
4470,141474,95
4471,4028239,95
4472,438477,95
4473,381686,95
4474,198334,95
4475,200461,94
4476,4003833,94
4477,4048710,94
4478,434944,94
4479,318222,94
4480,4135937,94
4481,434943,94
4482,196049,94
4483,45769438,94
4484,3656899,94
4485,4309320,94
4486,4015631,94
4487,201211,94
4488,4227657,94
4489,192363,94
4490,4228443,94
4491,4143700,93
4492,4173078,93
4493,40443308,93
4494,377288,93
4495,45766900,93
4496,76002,93
4497,4201531,93
4498,321886,93
4499,437523,93
4500,313223,93
4501,37208043,93
4502,4135751,93
4503,4334322,93
4504,72413,93
4505,374922,93
4506,197654,93
4507,372322,93
4508,4058354,92
4509,46270315,92
4510,765720,92
4511,4032277,92
4512,37207925,92
4513,444038,92
4514,439035,92
4515,43021985,92
4516,4344386,92
4517,4164349,92
4518,380747,92
4519,37116613,92
4520,4333000,92
4521,4050079,92
4522,132572,92
4523,73338,92
4524,4187244,92
4525,4112820,91
4526,43530718,91
4527,440220,91
4528,4201438,91
4529,4032003,91
4530,440069,91
4531,374317,91
4532,4326828,91
4533,4226354,91
4534,45772701,91
4535,192275,91
4536,432660,91
4537,436581,91
4538,4035269,91
4539,316501,91
4540,378434,91
4541,4178396,91
4542,4125005,91
4543,132565,91
4544,4345206,90
4545,372613,90
4546,442782,90
4547,4167106,90
4548,26935,90
4549,4041682,90
4550,4069646,90
4551,45767654,90
4552,31597,90
4553,74444,90
4554,24977,90
4555,4181477,90
4556,78308,90
4557,4125496,90
4558,438583,89
4559,4308713,89
4560,4104563,89
4561,441011,89
4562,4160464,89
4563,30515,89
4564,378743,89
4565,40486059,89
4566,4013461,89
4567,4069953,89
4568,440508,88
4569,4008520,88
4570,4147164,88
4571,4150302,88
4572,200343,88
4573,193818,88
4574,4126292,88
4575,36716163,88
4576,36713238,88
4577,40482859,88
4578,45757708,87
4579,46270317,87
4580,316427,87
4581,440328,87
4582,45767695,87
4583,44782781,87
4584,45766897,87
4585,195769,87
4586,4084964,87
4587,45766974,87
4588,440076,87
4589,372241,87
4590,23220,87
4591,381862,87
4592,45773176,86
4593,4340497,86
4594,81665,86
4595,438386,86
4596,195770,86
4597,4050098,86
4598,40480081,86
4599,381036,86
4600,433763,86
4601,762446,86
4602,433423,86
4603,45767650,86
4604,378352,86
4605,4291291,86
4606,436692,86
4607,4238732,86
4608,442149,86
4609,80241,86
4610,35610112,86
4611,4025168,86
4612,4053588,85
4613,438961,85
4614,74135,85
4615,4197765,85
4616,4308404,85
4617,4325344,85
4618,376698,85
4619,78987,85
4620,4123726,85
4621,381847,85
4622,439807,85
4623,4334404,85
4624,4001282,85
4625,4262584,85
4626,4106504,85
4627,45757699,85
4628,4031757,84
4629,439408,84
4630,4009176,84
4631,4271033,84
4632,381252,84
4633,79172,84
4634,75345,84
4635,80665,84
4636,133725,84
4637,45763685,84
4638,138056,84
4639,376107,84
4640,319845,84
4641,4029277,84
4642,4338512,84
4643,315282,84
4644,377539,84
4645,377848,84
4646,439014,84
4647,380534,84
4648,4034633,84
4649,45771408,84
4650,439103,84
4651,4193638,83
4652,4068628,83
4653,4314637,83
4654,377884,83
4655,196217,83
4656,4091490,83
4657,36714118,83
4658,260041,83
4659,433915,83
4660,4147292,83
4661,4003404,83
4662,4191001,83
4663,375258,83
4664,4043387,83
4665,441006,83
4666,198483,83
4667,45763578,83
4668,40478938,83
4669,4202842,83
4670,4173807,83
4671,378435,83
4672,4059253,83
4673,195301,83
4674,441560,83
4675,4150172,83
4676,4317827,82
4677,443115,82
4678,436003,82
4679,4239337,82
4680,438997,82
4681,4082487,82
4682,4059258,82
4683,4225874,82
4684,437693,82
4685,4172646,82
4686,4328220,82
4687,260130,82
4688,440438,82
4689,440828,82
4690,197028,82
4691,320429,82
4692,45767623,82
4693,442553,82
4694,4152852,82
4695,46269758,82
4696,444202,82
4697,4149688,82
4698,4055224,82
4699,4002349,81
4700,4109197,81
4701,441333,81
4702,4147494,81
4703,4237140,81
4704,4237315,81
4705,378163,81
4706,40493415,81
4707,40492266,81
4708,46269824,81
4709,4115942,81
4710,198988,81
4711,30683,81
4712,381135,81
4713,380421,81
4714,252348,81
4715,4180873,81
4716,196048,81
4717,4111714,81
4718,4108950,80
4719,253482,80
4720,4309167,80
4721,4146517,80
4722,443411,80
4723,437881,80
4724,4230454,80
4725,4142899,80
4726,438418,80
4727,81707,80
4728,45763749,80
4729,195664,80
4730,4170635,80
4731,4053838,80
4732,4291277,80
4733,4146169,79
4734,4170723,79
4735,4216139,79
4736,46269751,79
4737,4239729,79
4738,376938,79
4739,4324690,79
4740,45763779,79
4741,43530686,79
4742,4340367,79
4743,4134330,79
4744,4328804,79
4745,36685160,79
4746,36715621,79
4747,137735,79
4748,141651,79
4749,4299094,79
4750,4182522,79
4751,4340954,78
4752,4140207,78
4753,4119850,78
4754,373756,78
4755,201043,78
4756,433778,78
4757,4279543,78
4758,138682,78
4759,4224254,78
4760,4114356,78
4761,4028939,78
4762,435485,78
4763,81099,78
4764,192785,78
4765,4066820,78
4766,37206800,78
4767,4154415,78
4768,4128532,77
4769,4278669,77
4770,75385,77
4771,4114604,77
4772,4000963,77
4773,45772128,77
4774,438767,77
4775,46272381,77
4776,45766754,77
4777,46269921,77
4778,192836,77
4779,76745,77
4780,4212727,77
4781,372896,77
4782,261514,77
4783,4071026,77
4784,45766911,77
4785,4086219,77
4786,46270471,77
4787,4009648,77
4788,440751,77
4789,4134334,77
4790,257008,77
4791,4247836,77
4792,375794,76
4793,4051607,76
4794,138864,76
4795,4101584,76
4796,201345,76
4797,75488,76
4798,201338,76
4799,441615,76
4800,443204,76
4801,45771089,76
4802,197506,76
4803,434300,76
4804,4012113,76
4805,441154,76
4806,375404,76
4807,4298613,76
4808,438476,76
4809,4170452,76
4810,4337263,76
4811,4326601,76
4812,439298,76
4813,313800,76
4814,46269900,76
4815,4103289,75
4816,40491865,75
4817,4246290,75
4818,439011,75
4819,443609,75
4820,4002346,75
4821,433527,75
4822,76550,75
4823,4129155,75
4824,4215489,75
4825,432843,75
4826,36684822,75
4827,199771,75
4828,45757754,75
4829,437269,75
4830,4152616,74
4831,4042835,74
4832,201529,74
4833,4101639,74
4834,438527,74
4835,4031142,74
4836,313878,74
4837,4238518,74
4838,4057835,74
4839,4205383,74
4840,140487,74
4841,440577,74
4842,31609,74
4843,81695,74
4844,4196401,74
4845,4199769,74
4846,437867,74
4847,436926,74
4848,434015,74
4849,4148121,74
4850,4277280,74
4851,438760,74
4852,132943,73
4853,375504,73
4854,379012,73
4855,4266794,73
4856,4241648,73
4857,4168152,73
4858,37208030,73
4859,80294,73
4860,435752,73
4861,4015656,73
4862,45769351,73
4863,434920,73
4864,4129395,73
4865,3656984,73
4866,194589,73
4867,24974,73
4868,4034805,73
4869,4345587,73
4870,46271778,73
4871,434883,73
4872,433143,73
4873,36684823,72
4874,4040380,72
4875,4102334,72
4876,438392,72
4877,4108637,72
4878,4002803,72
4879,4226238,72
4880,4116928,72
4881,437361,72
4882,44782549,72
4883,4135093,72
4884,4180771,72
4885,4169580,72
4886,4135094,72
4887,374351,72
4888,4299544,72
4889,37310595,72
4890,436098,71
4891,46270426,71
4892,4343913,71
4893,438719,71
4894,4339469,71
4895,437118,71
4896,436806,71
4897,4298207,71
4898,4205584,71
4899,4160460,71
4900,4160571,71
4901,4167230,71
4902,46270453,71
4903,3657021,71
4904,4115182,71
4905,42538117,71
4906,4177197,71
4907,4208719,71
4908,4172917,71
4909,40483351,71
4910,42709797,71
4911,4094118,71
4912,132617,71
4913,443599,71
4914,198124,71
4915,194685,70
4916,72994,70
4917,4117701,70
4918,376395,70
4919,136915,70
4920,4078705,70
4921,37208027,70
4922,201622,70
4923,4235753,70
4924,195591,70
4925,4224167,70
4926,432593,70
4927,432580,69
4928,45757691,69
4929,440377,69
4930,4276173,69
4931,4051141,69
4932,4335739,69
4933,198100,69
4934,4106172,69
4935,261255,69
4936,440988,69
4937,36713154,69
4938,312939,69
4939,36717341,69
4940,4122186,69
4941,438116,69
4942,135496,69
4943,42873157,69
4944,4049120,69
4945,373201,69
4946,76508,69
4947,4039757,68
4948,36715617,68
4949,258449,68
4950,4187356,68
4951,4155036,68
4952,193355,68
4953,442141,68
4954,27835,68
4955,4155186,68
4956,254066,68
4957,260730,68
4958,46269841,68
4959,138690,68
4960,40481842,68
4961,4102492,68
4962,261883,68
4963,4163988,68
4964,4124706,68
4965,4247348,68
4966,375290,68
4967,4120401,68
4968,36717312,68
4969,80229,68
4970,433760,68
4971,379813,68
4972,4014295,68
4973,134732,68
4974,437217,67
4975,4175644,67
4976,4006480,67
4977,198371,67
4978,4322316,67
4979,4084429,67
4980,37208044,67
4981,433556,67
4982,46270478,67
4983,4135083,67
4984,135767,67
4985,37118662,67
4986,201956,67
4987,4043388,67
4988,4086855,67
4989,133278,67
4990,441025,67
4991,4207660,67
4992,46269879,67
4993,4318840,67
4994,140976,67
4995,438244,67
4996,4033891,67
4997,74250,67
4998,4122189,67
4999,4001455,67
5000,4033942,66
5001,4143460,66
5002,4019263,66
5003,46269835,66
5004,4284492,66
5005,4340961,66
5006,379802,66
5007,135032,66
5008,45757690,66
5009,24602,66
5010,439851,66
5011,4079687,66
5012,436088,66
5013,43021249,66
5014,434501,66
5015,36717601,66
5016,22274,66
5017,4242733,66
5018,432282,66
5019,4016540,65
5020,4285734,65
5021,4116759,65
5022,438440,65
5023,4216263,65
5024,139803,65
5025,45770919,65
5026,37208045,65
5027,4283381,65
5028,46272492,65
5029,4006107,65
5030,43530646,65
5031,759835,65
5032,4159691,65
5033,195009,65
5034,4318111,65
5035,137648,65
5036,432619,65
5037,440080,65
5038,37207984,65
5039,432302,65
5040,4050706,65
5041,4127554,65
5042,443593,65
5043,4061839,65
5044,374221,65
5045,4244488,65
5046,4066941,64
5047,4320022,64
5048,4111861,64
5049,4331309,64
5050,36685157,64
5051,4035438,64
5052,434340,64
5053,195483,64
5054,436897,64
5055,37118664,64
5056,138965,64
5057,46270472,64
5058,4247084,64
5059,437359,64
5060,45757373,64
5061,40485074,64
5062,314383,64
5063,438367,64
5064,37208038,64
5065,4134183,64
5066,193863,63
5067,4126278,63
5068,193983,63
5069,4150173,63
5070,40479208,63
5071,199879,63
5072,4058821,63
5073,4308096,63
5074,40480179,63
5075,3657022,63
5076,257293,63
5077,4052513,63
5078,79145,63
5079,4238682,63
5080,23731,63
5081,762338,63
5082,45763827,63
5083,436072,63
5084,4221119,63
5085,200837,63
5086,4313634,63
5087,4303970,63
5088,80802,63
5089,4136566,63
5090,4066639,63
5091,4338896,63
5092,45766896,62
5093,4184754,62
5094,37209501,62
5095,40481620,62
5096,4046338,62
5097,4132546,62
5098,45757370,62
5099,438171,62
5100,4142195,62
5101,4168318,62
5102,4223303,62
5103,4159524,62
5104,46270368,62
5105,46269847,62
5106,26378,62
5107,374874,62
5108,377272,62
5109,4046903,62
5110,4099214,62
5111,4245409,62
5112,193422,62
5113,4343923,62
5114,4053272,62
5115,4053720,62
5116,4050091,62
5117,46269843,62
5118,135061,61
5119,4114427,61
5120,436430,61
5121,4204062,61
5122,436702,61
5123,440996,61
5124,76790,61
5125,4208980,61
5126,4150471,61
5127,432910,61
5128,36687192,61
5129,4138294,61
5130,434204,61
5131,4032586,61
5132,72487,61
5133,437798,61
5134,320347,61
5135,40488823,61
5136,441225,61
5137,133364,60
5138,4179811,60
5139,4195797,60
5140,37116489,60
5141,45766915,60
5142,40480938,60
5143,4320025,60
5144,45766894,60
5145,37016885,60
5146,312343,60
5147,4263766,60
5148,379756,60
5149,4309318,60
5150,4045633,60
5151,372605,60
5152,437897,60
5153,4195780,60
5154,77923,60
5155,197751,60
5156,4179911,60
5157,434492,59
5158,440856,59
5159,36687193,59
5160,45767135,59
5161,45757371,59
5162,433171,59
5163,81454,59
5164,195392,59
5165,74606,59
5166,4203927,59
5167,4055669,59
5168,4167909,59
5169,4166901,59
5170,380096,59
5171,444198,59
5172,4120094,59
5173,4188413,59
5174,4166908,59
5175,378420,59
5176,375828,59
5177,4015486,58
5178,45769832,58
5179,4203625,58
5180,4116440,58
5181,441946,58
5182,442584,58
5183,78357,58
5184,42538935,58
5185,4319151,58
5186,4288241,58
5187,40483848,58
5188,4253901,58
5189,4300305,58
5190,43530876,58
5191,4001487,58
5192,45765623,58
5193,4164346,58
5194,45773220,58
5195,254387,58
5196,441415,58
5197,441788,58
5198,37203928,58
5199,4316995,58
5200,4009912,58
5201,72421,58
5202,4156803,57
5203,135303,57
5204,3656971,57
5205,195861,57
5206,4083784,57
5207,45757263,57
5208,78574,57
5209,4263710,57
5210,4338534,57
5211,441171,57
5212,4112024,57
5213,4047852,57
5214,435781,57
5215,77357,57
5216,441406,57
5217,140099,57
5218,4052826,57
5219,4217648,57
5220,4092235,57
5221,199718,57
5222,433716,57
5223,438123,57
5224,434143,57
5225,46270465,57
5226,4051594,57
5227,40484013,57
5228,134380,56
5229,74399,56
5230,4111297,56
5231,4247822,56
5232,4338893,56
5233,433195,56
5234,40484551,56
5235,43530688,56
5236,4311280,56
5237,379157,56
5238,36685231,56
5239,372424,56
5240,81097,56
5241,433987,56
5242,4096472,56
5243,376699,56
5244,42534969,56
5245,200143,56
5246,45772672,56
5247,4044215,56
5248,381040,56
5249,4106678,56
5250,436664,56
5251,433225,56
5252,4134177,56
5253,74533,56
5254,4117404,56
5255,4091714,55
5256,4208223,55
5257,4002344,55
5258,258441,55
5259,436250,55
5260,40481852,55
5261,40482069,55
5262,141456,55
5263,72576,55
5264,198806,55
5265,75354,55
5266,4055610,55
5267,443767,55
5268,4134179,55
5269,4285717,55
5270,138790,55
5271,46273522,55
5272,46269891,55
5273,4268775,55
5274,372607,55
5275,4177631,55
5276,134579,55
5277,194407,55
5278,434010,55
5279,4312704,55
5280,4160354,54
5281,192298,54
5282,36684817,54
5283,434881,54
5284,438411,54
5285,40492697,54
5286,4246802,54
5287,434497,54
5288,36685228,54
5289,44789003,54
5290,4154473,54
5291,438150,54
5292,443406,54
5293,4014199,54
5294,44782755,54
5295,4093223,54
5296,43530641,54
5297,4029726,54
5298,443272,54
5299,433333,54
5300,440637,54
5301,36674267,54
5302,45757768,54
5303,434219,54
5304,36685924,54
5305,4155497,54
5306,433862,54
5307,4155191,54
5308,135699,54
5309,46269876,54
5310,4154480,54
5311,4040385,54
5312,44782759,53
5313,133436,53
5314,433491,53
5315,764600,53
5316,4090414,53
5317,37203917,53
5318,314667,53
5319,765174,53
5320,4119780,53
5321,37310608,53
5322,373188,53
5323,4175171,53
5324,36684661,53
5325,4133837,53
5326,4252581,53
5327,4116150,53
5328,192367,53
5329,4059585,53
5330,136950,53
5331,4153689,53
5332,438532,53
5333,4132083,53
5334,374345,53
5335,40489837,53
5336,4055713,53
5337,4087800,53
5338,42709942,53
5339,77640,53
5340,134651,53
5341,40479662,53
5342,45767662,52
5343,136933,52
5344,134324,52
5345,201256,52
5346,4062390,52
5347,45757415,52
5348,4130020,52
5349,440849,52
5350,4340375,52
5351,45766921,52
5352,4055604,52
5353,74763,52
5354,74809,52
5355,436414,52
5356,435094,52
5357,4044931,52
5358,4035441,51
5359,4064032,51
5360,4240913,51
5361,437805,51
5362,4345355,51
5363,4100184,51
5364,4192643,51
5365,194151,51
5366,133419,51
5367,4051604,51
5368,4092616,51
5369,4173740,51
5370,4045737,51
5371,4181454,51
5372,4216406,51
5373,4074169,51
5374,4168246,51
5375,45766905,51
5376,312653,51
5377,4134173,51
5378,440066,51
5379,42536808,51
5380,75426,51
5381,4179319,51
5382,4101881,51
5383,443741,51
5384,4225656,51
5385,433768,51
5386,138117,51
5387,4108952,51
5388,443428,50
5389,436297,50
5390,4085062,50
5391,45770877,50
5392,436366,50
5393,4194877,50
5394,132414,50
5395,4316619,50
5396,42537741,50
5397,4122179,50
5398,4101425,50
5399,440382,50
5400,434544,50
5401,439233,50
5402,75121,50
5403,4232162,50
5404,760772,50
5405,4134922,50
5406,36685925,50
5407,4200680,50
5408,141050,50
5409,432656,50
5410,321389,50
5411,134596,50
5412,375221,50
5413,135424,50
5414,44782470,50
5415,45766919,50
5416,440634,50
5417,36715576,49
5418,437754,49
5419,433080,49
5420,443793,49
5421,436787,49
5422,440973,49
5423,4105930,49
5424,4031003,49
5425,433038,49
5426,437409,49
5427,4344638,49
5428,377865,49
5429,73845,49
5430,438223,49
5431,317577,49
5432,4180026,49
5433,440104,49
5434,4169106,49
5435,133013,49
5436,433612,49
5437,4164911,49
5438,4302555,49
5439,3656887,49
5440,40480066,49
5441,37016193,49
5442,200338,49
5443,4302754,49
5444,438837,49
5445,192261,49
5446,46271402,48
5447,37116485,48
5448,44784341,48
5449,4244418,48
5450,320749,48
5451,201238,48
5452,36715582,48
5453,439018,48
5454,137111,48
5455,434942,48
5456,376114,48
5457,436684,48
5458,40479244,48
5459,315922,48
5460,438788,48
5461,37116521,48
5462,46269837,48
5463,45763583,48
5464,441191,48
5465,37019054,48
5466,441016,48
5467,4054058,48
5468,373204,48
5469,4151833,48
5470,4136842,48
5471,377559,48
5472,4096766,48
5473,135491,48
5474,46270468,48
5475,4115180,48
5476,4037874,48
5477,4316222,48
5478,37108731,48
5479,441799,48
5480,4119619,48
5481,196715,48
5482,45766922,48
5483,4336230,48
5484,36713155,48
5485,435279,47
5486,760773,47
5487,4087756,47
5488,134315,47
5489,4149969,47
5490,135208,47
5491,40479259,47
5492,436020,47
5493,37398951,47
5494,314463,47
5495,4031170,47
5496,4005933,47
5497,4078697,47
5498,4297304,47
5499,4287844,47
5500,134734,47
5501,42536393,47
5502,4241026,47
5503,36715575,47
5504,321320,47
5505,36684820,47
5506,80494,47
5507,4153134,47
5508,4151509,47
5509,4102479,47
5510,433413,47
5511,44782594,47
5512,4042502,47
5513,764603,47
5514,377862,47
5515,4016358,47
5516,4047607,47
5517,193437,47
5518,434872,46
5519,4211842,46
5520,192681,46
5521,193807,46
5522,440547,46
5523,74772,46
5524,4284533,46
5525,4161947,46
5526,45767040,46
5527,373463,46
5528,4053151,46
5529,4095018,46
5530,4176807,46
5531,4116241,46
5532,192686,46
5533,4219865,46
5534,435850,46
5535,37116624,46
5536,36717200,46
5537,4239520,46
5538,45766913,46
5539,372247,46
5540,438882,46
5541,375277,46
5542,4089879,46
5543,4142060,46
5544,444022,46
5545,434154,46
5546,433288,46
5547,28403,46
5548,4166129,46
5549,4141284,46
5550,438685,46
5551,372900,46
5552,4168230,45
5553,4038845,45
5554,433783,45
5555,36717471,45
5556,372641,45
5557,4010385,45
5558,141955,45
5559,4243427,45
5560,434932,45
5561,442131,45
5562,4028074,45
5563,40481907,45
5564,45757329,45
5565,46269799,45
5566,81286,45
5567,40481857,45
5568,4095312,45
5569,4213310,45
5570,4108233,45
5571,441805,45
5572,81395,45
5573,439808,45
5574,4052690,45
5575,4323825,45
5576,438744,45
5577,4056481,45
5578,376105,45
5579,441130,45
5580,4170728,45
5581,45766901,45
5582,45763587,45
5583,443287,45
5584,4043672,45
5585,75010,45
5586,4159157,44
5587,4029601,44
5588,438089,44
5589,435254,44
5590,45766783,44
5591,4156790,44
5592,40482713,44
5593,437524,44
5594,432262,44
5595,37117476,44
5596,4043382,44
5597,4020159,44
5598,4003840,44
5599,374142,44
5600,4180770,44
5601,4166587,44
5602,46270145,44
5603,4087597,44
5604,137800,44
5605,4345354,44
5606,192901,44
5607,43021246,44
5608,4313328,44
5609,40479661,44
5610,4052359,44
5611,74322,44
5612,133685,44
5613,433207,44
5614,36712948,44
5615,4207615,44
5616,4308715,43
5617,36715573,43
5618,199764,43
5619,36684727,43
5620,436407,43
5621,4096625,43
5622,433741,43
5623,434877,43
5624,141648,43
5625,321710,43
5626,4168372,43
5627,4344493,43
5628,4183109,43
5629,40483849,43
5630,4083371,43
5631,44784606,43
5632,437121,43
5633,40482030,43
5634,137792,43
5635,197605,43
5636,4264636,43
5637,141816,43
5638,4221189,43
5639,4316362,43
5640,197799,43
5641,4244549,43
5642,45757336,43
5643,373151,43
5644,432307,43
5645,76472,43
5646,257583,43
5647,4009439,43
5648,442087,43
5649,4103853,43
5650,37310242,43
5651,4215809,43
5652,4126291,43
5653,443559,43
5654,443528,43
5655,40493208,43
5656,37109310,42
5657,4138484,42
5658,373489,42
5659,4189294,42
5660,4218813,42
5661,4217365,42
5662,35610318,42
5663,381583,42
5664,4137448,42
5665,442582,42
5666,40480082,42
5667,4292547,42
5668,46269881,42
5669,75908,42
5670,432297,42
5671,4294973,42
5672,4073921,42
5673,4009299,42
5674,440965,42
5675,4002836,42
5676,4108677,42
5677,436986,42
5678,79765,42
5679,137520,42
5680,133655,42
5681,40490827,42
5682,22856,42
5683,80573,42
5684,198104,42
5685,4166903,42
5686,4145094,42
5687,45757239,42
5688,4289830,42
5689,140176,42
5690,133859,42
5691,4001328,42
5692,4149583,41
5693,45769830,41
5694,376419,41
5695,195482,41
5696,40489366,41
5697,37208046,41
5698,4101333,41
5699,4248223,41
5700,438250,41
5701,435230,41
5702,25486,41
5703,198291,41
5704,78829,41
5705,4239938,41
5706,4297887,41
5707,4337941,41
5708,380725,41
5709,3655356,41
5710,440851,41
5711,137054,41
5712,4108475,41
5713,254677,41
5714,138616,41
5715,74737,41
5716,4149832,41
5717,433149,41
5718,257513,41
5719,25748,41
5720,45757765,41
5721,4050679,41
5722,4247597,41
5723,438759,41
5724,443176,40
5725,374349,40
5726,40490409,40
5727,435840,40
5728,4128369,40
5729,435041,40
5730,437860,40
5731,253506,40
5732,432522,40
5733,4203598,40
5734,195313,40
5735,40490403,40
5736,46269851,40
5737,36674773,40
5738,4164347,40
5739,380406,40
5740,4029268,40
5741,37116633,40
5742,441582,40
5743,4122116,40
5744,435231,40
5745,4035267,40
5746,4085550,40
5747,4244020,40
5748,4155506,40
5749,4102954,40
5750,436900,40
5751,4347302,40
5752,4198141,40
5753,40486171,40
5754,139980,40
5755,45757223,40
5756,73383,40
5757,45767664,40
5758,374956,40
5759,135750,40
5760,4029271,40
5761,36686288,39
5762,4029280,39
5763,438407,39
5764,4228112,39
5765,373166,39
5766,442187,39
5767,200154,39
5768,438329,39
5769,4092358,39
5770,4179720,39
5771,4066727,39
5772,4060950,39
5773,45766912,39
5774,4318523,39
5775,762441,39
5776,4002804,39
5777,40434290,39
5778,42536868,39
5779,44782456,39
5780,36674268,39
5781,45757272,39
5782,441806,39
5783,4101284,39
5784,444259,39
5785,4141481,39
5786,435944,39
5787,4344271,39
5788,439797,39
5789,4108218,39
5790,138292,39
5791,75943,39
5792,254361,39
5793,140357,39
5794,4091486,39
5795,46270406,39
5796,4123283,38
5797,4039212,38
5798,36675105,38
5799,4033341,38
5800,437727,38
5801,4246141,38
5802,4141757,38
5803,438390,38
5804,439730,38
5805,192676,38
5806,4012456,38
5807,438664,38
5808,40480514,38
5809,4317816,38
5810,4169592,38
5811,37311285,38
5812,4168378,38
5813,4052685,38
5814,36715583,38
5815,4057494,38
5816,381860,38
5817,133737,38
5818,200881,38
5819,4241693,38
5820,4156114,38
5821,432559,38
5822,373648,38
5823,4242962,38
5824,4004279,38
5825,198198,38
5826,440323,38
5827,4003188,38
5828,4329565,38
5829,375263,38
5830,4099094,38
5831,200060,38
5832,4067539,38
5833,4320634,38
5834,4133990,38
5835,4134337,37
5836,194611,37
5837,4194856,37
5838,437726,37
5839,4151679,37
5840,4044358,37
5841,4056690,37
5842,198645,37
5843,4038839,37
5844,434251,37
5845,4143480,37
5846,438733,37
5847,4138283,37
5848,381027,37
5849,374941,37
5850,4111917,37
5851,4034970,37
5852,257778,37
5853,437281,37
5854,4180634,37
5855,4168693,37
5856,200052,37
5857,4061539,37
5858,4056343,37
5859,436042,37
5860,4062391,37
5861,258482,37
5862,759836,37
5863,4194543,37
5864,134597,37
5865,434767,37
5866,138074,37
5867,196162,37
5868,4323893,37
5869,45757760,37
5870,36675019,37
5871,4085265,37
5872,443358,37
5873,373101,37
5874,46270467,37
5875,35626042,36
5876,380413,36
5877,4072226,36
5878,4135082,36
5879,434935,36
5880,438152,36
5881,440335,36
5882,197803,36
5883,439081,36
5884,44782754,36
5885,4092223,36
5886,35626041,36
5887,440603,36
5888,436959,36
5889,196369,36
5890,380513,36
5891,372652,36
5892,4087151,36
5893,442753,36
5894,134117,36
5895,4058840,36
5896,4117228,36
5897,4134322,36
5898,4033662,36
5899,436672,36
5900,200146,36
5901,4135091,36
5902,436641,36
5903,45757766,36
5904,44784339,36
5905,4309332,36
5906,380510,36
5907,40483847,36
5908,4081250,36
5909,4133016,36
5910,433490,36
5911,76574,36
5912,134746,36
5913,4184438,36
5914,382014,36
5915,759837,36
5916,4024266,35
5917,4305075,35
5918,4180636,35
5919,45766722,35
5920,40482890,35
5921,4106203,35
5922,36685063,35
5923,75047,35
5924,198082,35
5925,438827,35
5926,381858,35
5927,24296,35
5928,381024,35
5929,435567,35
5930,135349,35
5931,45772704,35
5932,4166907,35
5933,74719,35
5934,46269877,35
5935,441103,35
5936,4136565,35
5937,4133018,35
5938,4013601,35
5939,376401,35
5940,74080,35
5941,4313846,35
5942,43530950,35
5943,253328,35
5944,379008,35
5945,4244438,35
5946,443282,35
5947,4181182,35
5948,381548,35
5949,4002340,35
5950,253717,35
5951,4189531,35
5952,134738,35
5953,4255401,35
5954,4201174,35
5955,440795,35
5956,4231983,35
5957,261895,35
5958,4148093,34
5959,4191611,34
5960,45757742,34
5961,436043,34
5962,4153999,34
5963,4050834,34
5964,443631,34
5965,4067173,34
5966,3655188,34
5967,45757764,34
5968,435866,34
5969,4234742,34
5970,438762,34
5971,4216219,34
5972,444268,34
5973,441177,34
5974,442619,34
5975,133926,34
5976,4001627,34
5977,4182983,34
5978,441593,34
5979,4035751,34
5980,252365,34
5981,200215,34
5982,374037,34
5983,259123,34
5984,73366,34
5985,435740,34
5986,376119,34
5987,201231,34
5988,4252356,34
5989,45773201,33
5990,376978,33
5991,44783858,33
5992,434674,33
5993,434354,33
5994,199752,33
5995,79804,33
5996,138612,33
5997,4205509,33
5998,4063581,33
5999,321414,33
6000,4112813,33
6001,194878,33
6002,45763589,33
6003,4199541,33
6004,4168706,33
6005,4176945,33
6006,37016775,33
6007,440085,33
6008,4186577,33
6009,440140,33
6010,4095059,33
6011,439746,33
6012,4147498,33
6013,36717277,33
6014,4003841,33
6015,4034233,33
6016,27516,33
6017,40487063,33
6018,4092515,33
6019,46269890,33
6020,137016,33
6021,4155030,33
6022,4344519,33
6023,4189538,33
6024,132553,33
6025,4293479,33
6026,4096770,33
6027,4187364,33
6028,45766903,33
6029,4153691,33
6030,23988,33
6031,4098145,33
6032,4246284,33
6033,4066010,33
6034,4195522,33
6035,438297,32
6036,4153293,32
6037,40481522,32
6038,201801,32
6039,42539698,32
6040,4347296,32
6041,4310679,32
6042,372636,32
6043,4161430,32
6044,441896,32
6045,4188598,32
6046,4343239,32
6047,4239871,32
6048,4054513,32
6049,436652,32
6050,43020471,32
6051,4318718,32
6052,436855,32
6053,37208010,32
6054,441669,32
6055,45757235,32
6056,197795,32
6057,40488813,32
6058,4080921,32
6059,31668,32
6060,435446,32
6061,375823,32
6062,45769352,32
6063,4153256,32
6064,37118661,32
6065,4347166,32
6066,140950,32
6067,45757557,32
6068,4153695,32
6069,433709,32
6070,45757412,32
6071,45765770,32
6072,444224,32
6073,200616,32
6074,4082453,32
6075,432419,32
6076,436358,32
6077,374648,32
6078,37018350,31
6079,4130197,31
6080,4003191,31
6081,320299,31
6082,43020479,31
6083,138029,31
6084,4197154,31
6085,4146088,31
6086,4090616,31
6087,4262720,31
6088,26719,31
6089,433131,31
6090,37116530,31
6091,4117242,31
6092,440384,31
6093,46269875,31
6094,435773,31
6095,4299815,31
6096,40489826,31
6097,45757783,31
6098,78093,31
6099,4196020,31
6100,37116419,31
6101,78110,31
6102,433046,31
6103,132579,31
6104,133803,31
6105,381297,31
6106,4170862,31
6107,4134182,31
6108,442601,31
6109,4116594,31
6110,40482478,31
6111,4317822,31
6112,443462,31
6113,4013156,31
6114,4292056,31
6115,4140154,31
6116,4003029,31
6117,374168,31
6118,4273714,31
6119,44808422,31
6120,316211,31
6121,4009647,31
6122,4095793,31
6123,434567,31
6124,200171,31
6125,380428,30
6126,37208032,30
6127,439800,30
6128,37205092,30
6129,4226798,30
6130,3656938,30
6131,438242,30
6132,435875,30
6133,440642,30
6134,4091469,30
6135,193210,30
6136,22839,30
6137,74456,30
6138,4220618,30
6139,4308570,30
6140,37209512,30
6141,441394,30
6142,4032466,30
6143,4054876,30
6144,4190891,30
6145,36717640,30
6146,45763813,30
6147,4187355,30
6148,46270393,30
6149,433417,30
6150,4048805,30
6151,45763788,30
6152,4138287,30
6153,139737,30
6154,374350,30
6155,3657889,30
6156,440369,30
6157,81634,30
6158,435269,30
6159,4193176,30
6160,435803,30
6161,440367,30
6162,193306,30
6163,195793,30
6164,193512,30
6165,46274082,30
6166,4241919,29
6167,440647,29
6168,37016924,29
6169,442167,29
6170,4068232,29
6171,4056346,29
6172,4220669,29
6173,45766920,29
6174,4007916,29
6175,434742,29
6176,45766815,29
6177,4306943,29
6178,4110933,29
6179,440105,29
6180,43530606,29
6181,4035750,29
6182,4049458,29
6183,436295,29
6184,4253626,29
6185,443572,29
6186,4111414,29
6187,4249735,29
6188,4096646,29
6189,43530717,29
6190,373216,29
6191,4266083,29
6192,36676687,29
6193,36717462,29
6194,4209845,29
6195,440545,29
6196,432640,29
6197,439142,29
6198,4110195,29
6199,439838,29
6200,441026,29
6201,4115549,29
6202,40318195,29
6203,4269209,29
6204,36712802,29
6205,438107,29
6206,376979,29
6207,4244051,29
6208,73872,29
6209,37205060,29
6210,4241473,29
6211,192957,29
6212,40481145,29
6213,45766939,29
6214,4066505,29
6215,438368,29
6216,4344395,29
6217,4016130,29
6218,377252,29
6219,198715,29
6220,4138837,29
6221,75103,29
6222,436640,29
6223,4274491,29
6224,4185018,29
6225,45773064,29
6226,44782607,29
6227,73378,28
6228,44783317,28
6229,40482636,28
6230,373766,28
6231,75708,28
6232,4115163,28
6233,46269863,28
6234,4217075,28
6235,444297,28
6236,4100815,28
6237,81948,28
6238,432271,28
6239,196156,28
6240,45766970,28
6241,4147891,28
6242,4009506,28
6243,198807,28
6244,195074,28
6245,46271459,28
6246,30969,28
6247,4190771,28
6248,440812,28
6249,37208034,28
6250,432260,28
6251,4172855,28
6252,46270475,28
6253,4231241,28
6254,436510,28
6255,4269878,28
6256,4275902,28
6257,382034,28
6258,45757758,28
6259,4155073,28
6260,4003177,28
6261,73580,28
6262,40481357,28
6263,74470,28
6264,438693,28
6265,4233830,28
6266,435624,28
6267,46273461,28
6268,4160887,28
6269,4147020,28
6270,36716599,28
6271,436952,28
6272,4155198,28
6273,36717618,28
6274,4003834,27
6275,133573,27
6276,4007583,27
6277,320798,27
6278,4294300,27
6279,4117572,27
6280,4016359,27
6281,378774,27
6282,4171910,27
6283,133154,27
6284,40490306,27
6285,197518,27
6286,45771407,27
6287,438694,27
6288,380107,27
6289,4138155,27
6290,256146,27
6291,3662369,27
6292,36675684,27
6293,44806793,27
6294,4056430,27
6295,437979,27
6296,4042407,27
6297,4020464,27
6298,4344498,27
6299,4314634,27
6300,437655,27
6301,4195318,27
6302,45771401,27
6303,4177975,27
6304,4308563,27
6305,4280657,27
6306,438460,27
6307,4120269,27
6308,4242875,27
6309,137729,27
6310,433777,27
6311,433083,27
6312,317000,27
6313,37208033,27
6314,40490826,27
6315,4073923,27
6316,46271527,27
6317,4001315,27
6318,76789,27
6319,4063438,27
6320,4243667,27
6321,141944,27
6322,4140071,27
6323,46269887,27
6324,435038,27
6325,443545,27
6326,4141588,27
6327,4098015,27
6328,4052969,27
6329,132494,27
6330,4320028,27
6331,4060424,27
6332,4168839,27
6333,4090114,27
6334,442799,26
6335,437420,26
6336,40491339,26
6337,73301,26
6338,4135749,26
6339,4175814,26
6340,135204,26
6341,435011,26
6342,444418,26
6343,433957,26
6344,444114,26
6345,196165,26
6346,4146936,26
6347,377271,26
6348,37208037,26
6349,4089968,26
6350,4151986,26
6351,132850,26
6352,193597,26
6353,40483560,26
6354,441260,26
6355,4223399,26
6356,4057178,26
6357,4152480,26
6358,375252,26
6359,4018628,26
6360,4006600,26
6361,437998,26
6362,140526,26
6363,4173459,26
6364,4314207,26
6365,438739,26
6366,4110362,26
6367,45757701,26
6368,4116778,26
6369,4262590,26
6370,374021,26
6371,200675,26
6372,138826,26
6373,44784255,26
6374,193804,26
6375,4015356,26
6376,379818,26
6377,435774,26
6378,40483299,26
6379,4147373,26
6380,132573,26
6381,26942,26
6382,4001643,26
6383,435987,26
6384,440653,26
6385,762725,26
6386,4135092,26
6387,140064,26
6388,4314093,26
6389,435655,26
6390,432919,26
6391,45757298,26
6392,4002617,26
6393,4225434,26
6394,37311944,26
6395,4108474,26
6396,437996,26
6397,4100825,26
6398,44783281,26
6399,45757414,25
6400,46270395,25
6401,40482655,25
6402,4267558,25
6403,442781,25
6404,198313,25
6405,4087449,25
6406,376578,25
6407,4132427,25
6408,4233224,25
6409,437562,25
6410,193120,25
6411,4153261,25
6412,40485046,25
6413,192952,25
6414,4305376,25
6415,4347069,25
6416,378157,25
6417,4137330,25
6418,46273631,25
6419,4011175,25
6420,440705,25
6421,434590,25
6422,433886,25
6423,435887,25
6424,197932,25
6425,40485984,25
6426,4194631,25
6427,4153262,25
6428,375272,25
6429,78257,25
6430,438970,25
6431,4322528,25
6432,259044,25
6433,4091204,25
6434,35624447,25
6435,381568,25
6436,196325,25
6437,46273389,25
6438,4016122,25
6439,4200532,25
6440,432499,25
6441,4280580,25
6442,196051,25
6443,4238559,25
6444,435367,25
6445,22666,25
6446,37016170,25
6447,4027383,25
6448,433762,25
6449,4096185,25
6450,201257,25
6451,435751,25
6452,46270413,25
6453,4040640,25
6454,4208028,25
6455,442325,25
6456,197206,25
6457,75210,25
6458,437501,25
6459,4340941,25
6460,374346,25
6461,77355,25
6462,36685093,25
6463,436403,25
6464,140955,25
6465,435205,25
6466,4044017,25
6467,45763588,25
6468,4047755,25
6469,133367,25
6470,139210,25
6471,4001119,25
6472,42537740,25
6473,4030362,25
6474,4245646,25
6475,379032,24
6476,195597,24
6477,4324788,24
6478,442774,24
6479,79165,24
6480,24897,24
6481,43021072,24
6482,258540,24
6483,441833,24
6484,375428,24
6485,4177365,24
6486,81247,24
6487,4033836,24
6488,4002994,24
6489,40492251,24
6490,77115,24
6491,374907,24
6492,4340123,24
6493,441289,24
6494,4185093,24
6495,437268,24
6496,4183105,24
6497,4274184,24
6498,4225982,24
6499,4110182,24
6500,441267,24
6501,4145168,24
6502,4058694,24
6503,442773,24
6504,4095571,24
6505,24909,24
6506,4106499,24
6507,377659,24
6508,4101256,24
6509,45772121,24
6510,199869,24
6511,40482198,24
6512,4095279,24
6513,40483761,24
6514,4201700,24
6515,46270347,24
6516,434893,24
6517,439052,24
6518,4135090,24
6519,44784338,24
6520,4004094,23
6521,443453,23
6522,194412,23
6523,4177097,23
6524,200440,23
6525,443889,23
6526,74124,23
6527,437202,23
6528,433887,23
6529,37208029,23
6530,193308,23
6531,3656854,23
6532,4087776,23
6533,4013468,23
6534,436133,23
6535,436642,23
6536,381445,23
6537,434063,23
6538,200319,23
6539,195513,23
6540,4345918,23
6541,254320,23
6542,4153257,23
6543,4047912,23
6544,197656,23
6545,75050,23
6546,438691,23
6547,37118663,23
6548,433894,23
6549,4247842,23
6550,4056454,23
6551,4129371,23
6552,433618,23
6553,4145016,23
6554,4093002,23
6555,36674272,23
6556,196284,23
6557,376989,23
6558,378429,23
6559,37016352,23
6560,381870,23
6561,36686289,23
6562,435315,23
6563,196365,23
6564,4271572,23
6565,43021408,23
6566,194265,23
6567,4115830,23
6568,40403168,23
6569,443262,23
6570,4099178,23
6571,140582,23
6572,4069540,23
6573,438456,23
6574,4155195,23
6575,4018962,23
6576,4239812,23
6577,439382,23
6578,43020459,23
6579,80493,23
6580,42709752,23
6581,439272,23
6582,434584,23
6583,315116,23
6584,4004785,23
6585,4266651,22
6586,77517,22
6587,4315953,22
6588,4297491,22
6589,378265,22
6590,4155495,22
6591,4269485,22
6592,40490361,22
6593,193155,22
6594,260034,22
6595,4126294,22
6596,4273850,22
6597,4185547,22
6598,374939,22
6599,436585,22
6600,4064029,22
6601,77455,22
6602,4108360,22
6603,4053833,22
6604,4079874,22
6605,77067,22
6606,4218991,22
6607,141213,22
6608,4216427,22
6609,45757241,22
6610,201517,22
6611,4161830,22
6612,4137770,22
6613,4001628,22
6614,432473,22
6615,195195,22
6616,375548,22
6617,194209,22
6618,4089860,22
6619,45763720,22
6620,4312290,22
6621,4343221,22
6622,442754,22
6623,135611,22
6624,313989,22
6625,443870,22
6626,4066947,22
6627,43531630,22
6628,81763,22
6629,4124868,22
6630,4153259,22
6631,4174892,22
6632,4062388,22
6633,36715644,22
6634,440984,22
6635,36686543,22
6636,134243,22
6637,4324395,22
6638,433704,22
6639,4122221,22
6640,201332,22
6641,198810,22
6642,436812,22
6643,437093,22
6644,193261,21
6645,437876,21
6646,433173,21
6647,137964,21
6648,45773204,21
6649,435739,21
6650,4162115,21
6651,200200,21
6652,78706,21
6653,43530681,21
6654,438982,21
6655,45757762,21
6656,4149024,21
6657,4031101,21
6658,201136,21
6659,441787,21
6660,435651,21
6661,434656,21
6662,75048,21
6663,438836,21
6664,4147683,21
6665,4307098,21
6666,36715602,21
6667,72401,21
6668,4185564,21
6669,4117406,21
6670,75375,21
6671,703578,21
6672,436445,21
6673,36715642,21
6674,45769863,21
6675,4132434,21
6676,201625,21
6677,4185758,21
6678,4155171,21
6679,4339544,21
6680,435140,21
6681,4083490,21
6682,197223,21
6683,46269849,21
6684,319793,21
6685,4118017,21
6686,76196,21
6687,372624,21
6688,193439,21
6689,194987,21
6690,4001126,21
6691,439219,21
6692,4115546,21
6693,136865,21
6694,4318699,21
6695,4016121,21
6696,4282753,21
6697,434003,21
6698,4025001,21
6699,45763764,21
6700,4100626,21
6701,40493184,21
6702,134618,21
6703,4196227,21
6704,440740,21
6705,4100152,21
6706,4002990,21
6707,4020879,21
6708,4153133,21
6709,45770836,21
6710,36684787,21
6711,4239656,21
6712,432749,21
6713,198240,21
6714,433585,21
6715,4047563,21
6716,4083686,21
6717,260759,21
6718,76255,21
6719,4039932,21
6720,375807,21
6721,4176464,21
6722,315069,21
6723,258981,21
6724,193162,21
6725,435537,20
6726,380995,20
6727,45769152,20
6728,136205,20
6729,4029573,20
6730,373772,20
6731,380723,20
6732,4101870,20
6733,4032899,20
6734,134248,20
6735,4281030,20
6736,201730,20
6737,46269794,20
6738,132392,20
6739,437117,20
6740,192549,20
6741,46271082,20
6742,4253808,20
6743,436352,20
6744,4009035,20
6745,373692,20
6746,135029,20
6747,4264925,20
6748,4002498,20
6749,4345352,20
6750,138933,20
6751,4207958,20
6752,4219010,20
6753,436140,20
6754,376416,20
6755,45763773,20
6756,433773,20
6757,4098463,20
6758,4117554,20
6759,37207956,20
6760,134290,20
6761,4185575,20
6762,4263312,20
6763,4252862,20
6764,4032939,20
6765,194691,20
6766,78833,20
6767,36715599,20
6768,45766216,20
6769,4050689,20
6770,40484949,20
6771,440432,20
6772,194306,20
6773,4223448,20
6774,4129364,20
6775,432768,20
6776,4103313,20
6777,444450,20
6778,439836,20
6779,434769,20
6780,36717026,20
6781,4098622,20
6782,444287,20
6783,4038814,20
6784,4306640,20
6785,4241777,20
6786,4002341,20
6787,28109,20
6788,433486,20
6789,45763774,20
6790,4045849,20
6791,379027,20
6792,134214,20
6793,35609010,20
6794,377552,20
6795,138644,20
6796,374940,20
6797,4074393,20
6798,40480431,20
6799,4152858,20
6800,194871,20
6801,40651279,20
6802,433222,20
6803,4096519,20
6804,40490328,20
6805,4287383,20
6806,4212378,20
6807,432966,20
6808,375820,20
6809,4101000,20
6810,196347,20
6811,438945,20
6812,4115844,20
6813,442010,20
6814,314370,20
6815,762437,20
6816,4311480,20
6817,4002139,20
6818,4296450,20
6819,76500,19
6820,4218100,19
6821,436829,19
6822,4055640,19
6823,77956,19
6824,46270416,19
6825,4308689,19
6826,439476,19
6827,4307885,19
6828,45757715,19
6829,434895,19
6830,4102049,19
6831,4148690,19
6832,4083833,19
6833,443703,19
6834,442147,19
6835,37208015,19
6836,4151275,19
6837,4001322,19
6838,437256,19
6839,4275433,19
6840,194693,19
6841,4283689,19
6842,199868,19
6843,432860,19
6844,4335394,19
6845,435904,19
6846,4024301,19
6847,4206338,19
6848,36717300,19
6849,46270425,19
6850,436669,19
6851,256571,19
6852,4033617,19
6853,45757462,19
6854,4089362,19
6855,4161309,19
6856,81496,19
6857,255304,19
6858,4055511,19
6859,4029633,19
6860,46270333,19
6861,4027567,19
6862,4117553,19
6863,4247336,19
6864,440716,19
6865,3655113,19
6866,4054992,19
6867,4136809,19
6868,136853,19
6869,4334791,19
6870,46271647,19
6871,4014368,19
6872,141498,19
6873,197507,19
6874,314617,19
6875,4175848,19
6876,377085,19
6877,4010371,19
6878,438738,19
6879,40492267,19
6880,4267274,19
6881,4156791,19
6882,443509,19
6883,438391,19
6884,4265179,19
6885,439384,19
6886,437791,19
6887,4270181,18
6888,315586,18
6889,762387,18
6890,4216873,18
6891,4003684,18
6892,4322951,18
6893,72521,18
6894,40602337,18
6895,4117255,18
6896,434866,18
6897,78507,18
6898,4013470,18
6899,4340397,18
6900,4340385,18
6901,4105088,18
6902,4090861,18
6903,45757285,18
6904,37209394,18
6905,438559,18
6906,46270329,18
6907,437700,18
6908,4060429,18
6909,46269882,18
6910,4006994,18
6911,438782,18
6912,443268,18
6913,4207617,18
6914,4106999,18
6915,4209550,18
6916,4150300,18
6917,37018348,18
6918,201780,18
6919,442256,18
6920,4102350,18
6921,4266525,18
6922,4205238,18
6923,4054878,18
6924,197311,18
6925,81623,18
6926,4043679,18
6927,4133194,18
6928,133669,18
6929,4136563,18
6930,4069115,18
6931,4180641,18
6932,4134317,18
6933,4098625,18
6934,435570,18
6935,4198433,18
6936,374642,18
6937,4346971,18
6938,436913,18
6939,37110728,18
6940,4061728,18
6941,4152934,18
6942,438451,18
6943,4164568,18
6944,4312756,18
6945,4092697,18
6946,4153263,18
6947,440270,18
6948,4174655,18
6949,26060,18
6950,4309158,18
6951,442794,18
6952,375490,18
6953,432625,18
6954,373769,18
6955,381003,18
6956,437123,18
6957,4135080,18
6958,36717034,18
6959,197416,18
6960,4023944,18
6961,4085553,18
6962,42537493,18
6963,73925,18
6964,45766775,18
6965,197253,18
6966,4197787,18
6967,436344,18
6968,4139587,18
6969,372243,18
6970,4242974,18
6971,193722,18
6972,3655178,18
6973,4102351,18
6974,4037851,18
6975,4156143,18
6976,197327,18
6977,313006,18
6978,4101282,18
6979,4260364,18
6980,434344,18
6981,4177387,17
6982,4306136,17
6983,36683644,17
6984,380118,17
6985,376688,17
6986,377287,17
6987,77637,17
6988,4147222,17
6989,441979,17
6990,45766902,17
6991,77653,17
6992,4015633,17
6993,4001334,17
6994,4325857,17
6995,373732,17
6996,434766,17
6997,4108678,17
6998,4154165,17
6999,81237,17
7000,75206,17
7001,196064,17
7002,4210636,17
7003,36686542,17
7004,4187913,17
7005,440344,17
7006,4166905,17
7007,4185607,17
7008,199867,17
7009,4299398,17
7010,4244582,17
7011,4311941,17
7012,4096938,17
7013,4117253,17
7014,432844,17
7015,4035610,17
7016,443719,17
7017,4012580,17
7018,4033864,17
7019,432645,17
7020,441364,17
7021,37209482,17
7022,443110,17
7023,4233525,17
7024,4046123,17
7025,439273,17
7026,4169985,17
7027,4013469,17
7028,4146087,17
7029,40488896,17
7030,4122199,17
7031,4092563,17
7032,4026125,17
7033,138932,17
7034,46274046,17
7035,4071867,17
7036,4276801,17
7037,436651,17
7038,36685933,17
7039,4173311,17
7040,76573,17
7041,4028070,17
7042,4115178,17
7043,4174824,17
7044,441691,17
7045,436988,17
7046,36685932,17
7047,194394,17
7048,4054859,17
7049,4134180,17
7050,40479284,17
7051,437850,17
7052,4058695,17
7053,4302770,17
7054,40492837,17
7055,4344398,17
7056,4239780,17
7057,442275,17
7058,133296,17
7059,4052824,17
7060,36685524,17
7061,4149398,17
7062,4034826,17
7063,46273638,17
7064,4086221,17
7065,37310243,17
7066,257094,17
7067,45772079,16
7068,133003,16
7069,4143969,16
7070,373160,16
7071,4134614,16
7072,4152932,16
7073,4286349,16
7074,40481376,16
7075,4133223,16
7076,4041799,16
7077,376408,16
7078,4292519,16
7079,4095551,16
7080,377383,16
7081,380410,16
7082,44784644,16
7083,373206,16
7084,375291,16
7085,132718,16
7086,436540,16
7087,4067775,16
7088,4201532,16
7089,35626772,16
7090,438167,16
7091,440612,16
7092,441479,16
7093,73866,16
7094,196951,16
7095,440971,16
7096,4062791,16
7097,434616,16
7098,440272,16
7099,437374,16
7100,375251,16
7101,4029188,16
7102,4237920,16
7103,4054857,16
7104,4247008,16
7105,4022639,16
7106,434301,16
7107,374226,16
7108,4101573,16
7109,434319,16
7110,4105020,16
7111,192763,16
7112,45766960,16
7113,4253764,16
7114,37016171,16
7115,4014526,16
7116,45767625,16
7117,36715643,16
7118,438067,16
7119,4290692,16
7120,136854,16
7121,73609,16
7122,4001118,16
7123,4046213,16
7124,4108085,16
7125,45757761,16
7126,201164,16
7127,4265393,16
7128,4068848,16
7129,4286663,16
7130,45772099,16
7131,45757801,16
7132,435233,16
7133,4338897,16
7134,141124,16
7135,4324421,16
7136,192958,16
7137,4094817,16
7138,4162859,16
7139,81937,16
7140,432893,16
7141,4189938,16
7142,314147,16
7143,78274,16
7144,4207307,16
7145,435648,16
7146,45757381,16
7147,37116513,16
7148,43530710,16
7149,4126451,16
7150,4100824,16
7151,35625035,15
7152,135923,15
7153,442749,15
7154,195598,15
7155,40490390,15
7156,4263345,15
7157,4029319,15
7158,4155529,15
7159,45766891,15
7160,4006101,15
7161,438783,15
7162,4314705,15
7163,75920,15
7164,4178300,15
7165,4059379,15
7166,40491360,15
7167,78510,15
7168,381019,15
7169,192292,15
7170,4269764,15
7171,372313,15
7172,442113,15
7173,435478,15
7174,319047,15
7175,45766813,15
7176,439412,15
7177,4002497,15
7178,4108645,15
7179,254282,15
7180,443721,15
7181,198249,15
7182,45767610,15
7183,201909,15
7184,4055994,15
7185,433931,15
7186,4099492,15
7187,79749,15
7188,438122,15
7189,441793,15
7190,440330,15
7191,261808,15
7192,132416,15
7193,443216,15
7194,43021253,15
7195,4148897,15
7196,4338035,15
7197,434000,15
7198,436873,15
7199,4057246,15
7200,42535475,15
7201,37016886,15
7202,440035,15
7203,4154471,15
7204,77437,15
7205,4230779,15
7206,40481365,15
7207,193317,15
7208,42536891,15
7209,193431,15
7210,4077963,15
7211,4048796,15
7212,80223,15
7213,4006457,15
7214,135764,15
7215,443736,15
7216,377570,15
7217,438172,15
7218,378081,15
7219,4056714,15
7220,4134171,15
7221,4094260,15
7222,193418,15
7223,40480416,15
7224,137909,15
7225,444197,15
7226,46270429,15
7227,4136562,15
7228,4153126,15
7229,441564,15
7230,434644,15
7231,4257827,15
7232,135852,15
7233,4143351,15
7234,4079282,15
7235,4009908,15
7236,438648,15
7237,441607,15
7238,197096,15
7239,313500,15
7240,438941,15
7241,257755,15
7242,4087778,15
7243,46269951,15
7244,4120388,15
7245,4055231,15
7246,4130026,15
7247,432872,15
7248,376663,15
7249,4083682,15
7250,435656,15
7251,4317288,15
7252,443538,15
7253,4340394,15
7254,140885,15
7255,4064030,15
7256,433565,14
7257,441768,14
7258,73913,14
7259,256142,14
7260,381114,14
7261,133303,14
7262,37116634,14
7263,4056457,14
7264,379015,14
7265,4345447,14
7266,4009302,14
7267,433180,14
7268,74522,14
7269,313062,14
7270,4093475,14
7271,4307820,14
7272,4168842,14
7273,4221182,14
7274,4044708,14
7275,441067,14
7276,4332880,14
7277,765310,14
7278,4140977,14
7279,437543,14
7280,4236759,14
7281,4174893,14
7282,78073,14
7283,4008222,14
7284,36715603,14
7285,376697,14
7286,4232106,14
7287,4178826,14
7288,4197475,14
7289,198049,14
7290,376411,14
7291,26286,14
7292,432488,14
7293,4182870,14
7294,437538,14
7295,4082454,14
7296,4104668,14
7297,40486605,14
7298,45766818,14
7299,372880,14
7300,4154477,14
7301,42534836,14
7302,4096477,14
7303,37207896,14
7304,75408,14
7305,4013449,14
7306,4012298,14
7307,433370,14
7308,75373,14
7309,4136564,14
7310,4116926,14
7311,436079,14
7312,4105112,14
7313,316280,14
7314,4218724,14
7315,436956,14
7316,432493,14
7317,4110889,14
7318,4314244,14
7319,46269880,14
7320,4209352,14
7321,434638,14
7322,436404,14
7323,4199407,14
7324,440390,14
7325,138293,14
7326,439003,14
7327,22288,14
7328,4299149,14
7329,4109399,14
7330,443913,14
7331,4083695,14
7332,4059714,14
7333,4135735,14
7334,4106216,14
7335,4272486,14
7336,40318194,14
7337,4023960,14
7338,440893,14
7339,374650,14
7340,4181885,14
7341,4049797,14
7342,201397,14
7343,45757763,14
7344,4052061,14
7345,4344375,14
7346,79884,14
7347,4044402,14
7348,46269733,14
7349,437872,14
7350,4220074,14
7351,4012753,14
7352,40492369,14
7353,4014218,14
7354,4041800,14
7355,4316227,14
7356,4055483,14
7357,4341657,14
7358,4308071,14
7359,75932,14
7360,437220,14
7361,28115,14
7362,4111541,14
7363,195060,14
7364,4187850,14
7365,4316347,14
7366,4134918,14
7367,435190,14
7368,134608,13
7369,37116369,13
7370,433047,13
7371,46270464,13
7372,40420291,13
7373,195876,13
7374,434953,13
7375,441641,13
7376,373492,13
7377,432882,13
7378,4193062,13
7379,377811,13
7380,4056453,13
7381,76304,13
7382,35624485,13
7383,4098464,13
7384,443247,13
7385,377869,13
7386,78609,13
7387,37207902,13
7388,46269888,13
7389,441190,13
7390,4292525,13
7391,4344166,13
7392,40571991,13
7393,46270455,13
7394,4061074,13
7395,201125,13
7396,4083551,13
7397,444068,13
7398,4209571,13
7399,313005,13
7400,4318653,13
7401,4159144,13
7402,4065254,13
7403,377555,13
7404,197033,13
7405,375479,13
7406,45757705,13
7407,434587,13
7408,4276583,13
7409,375270,13
7410,4212441,13
7411,4156959,13
7412,441513,13
7413,4012869,13
7414,437238,13
7415,4110485,13
7416,434629,13
7417,46270382,13
7418,4056780,13
7419,441827,13
7420,4106888,13
7421,37209484,13
7422,4278814,13
7423,4301668,13
7424,4110269,13
7425,44806406,13
7426,443726,13
7427,4092992,13
7428,443871,13
7429,42537633,13
7430,37116507,13
7431,443915,13
7432,437224,13
7433,439060,13
7434,315763,13
7435,4246808,13
7436,4102047,13
7437,760199,13
7438,435492,13
7439,4149689,13
7440,4084803,13
7441,81101,13
7442,4025198,13
7443,4068969,13
7444,4033501,13
7445,4026136,13
7446,4243266,13
7447,4153291,13
7448,4266330,13
7449,30061,13
7450,44805552,13
7451,194417,13
7452,432551,13
7453,432879,13
7454,4327939,13
7455,4015981,13
7456,4281027,13
7457,4184976,13
7458,72988,13
7459,4216493,13
7460,433073,13
7461,4315940,13
7462,4001632,13
7463,4151098,13
7464,35625873,13
7465,433485,13
7466,4118277,13
7467,4172185,13
7468,44782516,13
7469,435903,13
7470,259827,13
7471,4178915,13
7472,433415,13
7473,4159892,13
7474,37208102,13
7475,4107672,13
7476,40489375,13
7477,4290538,13
7478,37116632,13
7479,197343,13
7480,4049014,13
7481,72926,13
7482,438370,13
7483,438262,12
7484,433776,12
7485,4094638,12
7486,4168089,12
7487,4135715,12
7488,36717157,12
7489,193530,12
7490,200148,12
7491,4100475,12
7492,45757134,12
7493,760176,12
7494,4099495,12
7495,4302329,12
7496,36712933,12
7497,436678,12
7498,4152293,12
7499,439130,12
7500,4211106,12
7501,4050620,12
7502,4162283,12
7503,442158,12
7504,4048150,12
7505,197084,12
7506,4162320,12
7507,4041695,12
7508,4095748,12
7509,200974,12
7510,40481585,12
7511,4044055,12
7512,72991,12
7513,4177007,12
7514,134865,12
7515,132643,12
7516,4239550,12
7517,45765493,12
7518,4186285,12
7519,198492,12
7520,374202,12
7521,4069933,12
7522,4050389,12
7523,317713,12
7524,194607,12
7525,140046,12
7526,4116447,12
7527,4237155,12
7528,444394,12
7529,4309924,12
7530,4003139,12
7531,373982,12
7532,78621,12
7533,4115547,12
7534,134454,12
7535,135429,12
7536,4119302,12
7537,76022,12
7538,4115107,12
7539,4215961,12
7540,4049520,12
7541,37116540,12
7542,4070301,12
7543,201399,12
7544,4001116,12
7545,4338894,12
7546,4064048,12
7547,195761,12
7548,443074,12
7549,439394,12
7550,440615,12
7551,4198022,12
7552,137212,12
7553,258866,12
7554,4253056,12
7555,134534,12
7556,4027384,12
7557,441046,12
7558,198092,12
7559,4152296,12
7560,4219853,12
7561,46269931,12
7562,81195,12
7563,375525,12
7564,74998,12
7565,435626,12
7566,254062,12
7567,4059857,12
7568,440999,12
7569,199881,12
7570,438066,12
7571,4243120,12
7572,43530740,12
7573,73183,12
7574,74723,12
7575,134741,12
7576,4005616,12
7577,380975,12
7578,201817,12
7579,4219823,12
7580,4038842,12
7581,4111708,12
7582,4057038,12
7583,4100661,12
7584,40479557,12
7585,436976,12
7586,37207842,12
7587,436040,12
7588,438290,12
7589,4209223,12
7590,4294246,12
7591,45766890,12
7592,378839,12
7593,43530640,12
7594,4023985,12
7595,441856,12
7596,36674775,12
7597,4055651,12
7598,4003476,12
7599,194071,12
7600,45757332,11
7601,200677,11
7602,196732,11
7603,36712695,11
7604,4040379,11
7605,761245,11
7606,42535174,11
7607,42538748,11
7608,198695,11
7609,4132810,11
7610,441802,11
7611,4329160,11
7612,435086,11
7613,4169102,11
7614,443208,11
7615,4210297,11
7616,4169568,11
7617,4262519,11
7618,4003193,11
7619,80295,11
7620,42537743,11
7621,134137,11
7622,377571,11
7623,4028058,11
7624,4143857,11
7625,435853,11
7626,195464,11
7627,46270483,11
7628,4050547,11
7629,45766945,11
7630,432541,11
7631,434181,11
7632,4175582,11
7633,4299935,11
7634,4009754,11
7635,37209481,11
7636,46269885,11
7637,45766772,11
7638,4055598,11
7639,4322711,11
7640,4013161,11
7641,435298,11
7642,438751,11
7643,433981,11
7644,4296491,11
7645,46269818,11
7646,436090,11
7647,136871,11
7648,36687162,11
7649,440092,11
7650,443576,11
7651,435101,11
7652,4184499,11
7653,46269924,11
7654,37208035,11
7655,260026,11
7656,435808,11
7657,4173657,11
7658,4154458,11
7659,46273476,11
7660,433465,11
7661,437158,11
7662,46269870,11
7663,434314,11
7664,37397422,11
7665,4142989,11
7666,37116486,11
7667,380405,11
7668,4060556,11
7669,4099656,11
7670,138312,11
7671,376793,11
7672,4003178,11
7673,4139063,11
7674,381677,11
7675,138181,11
7676,4053832,11
7677,45772093,11
7678,4119134,11
7679,4289908,11
7680,4239471,11
7681,4053124,11
7682,435701,11
7683,4033717,11
7684,4153690,11
7685,4162559,11
7686,4001578,11
7687,134521,11
7688,253977,11
7689,259755,11
7690,138501,11
7691,4189553,11
7692,259748,11
7693,321263,11
7694,440195,11
7695,252840,11
7696,4186433,11
7697,4303664,11
7698,4061712,11
7699,3655084,11
7700,4020304,11
7701,4137687,11
7702,4002801,11
7703,4094984,11
7704,4001124,11
7705,440511,11
7706,4168690,11
7707,74445,11
7708,4098747,11
7709,4203152,11
7710,437245,11
7711,4033450,11
7712,46271915,11
7713,23806,11
7714,438338,11
7715,438969,11
7716,4002480,11
7717,73287,11
7718,433642,11
7719,259988,11
7720,4016110,11
7721,198911,11
7722,376413,11
7723,74064,11
7724,4078688,11
7725,433805,11
7726,4095553,11
7727,139753,11
7728,201823,11
7729,4033300,11
7730,45757326,11
7731,432848,11
7732,202002,11
7733,4185800,11
7734,4065355,11
7735,434570,11
7736,4110154,11
7737,4009748,11
7738,4057662,11
7739,80592,11
7740,45757597,11
7741,442179,11
7742,4024671,11
7743,441181,11
7744,444267,11
7745,4115355,11
7746,4094548,11
7747,442355,11
7748,380265,10
7749,201121,10
7750,194679,10
7751,4115689,10
7752,4024296,10
7753,4005275,10
7754,436910,10
7755,45757677,10
7756,79758,10
7757,45757296,10
7758,435514,10
7759,198677,10
7760,375549,10
7761,4108759,10
7762,4053595,10
7763,4064308,10
7764,436805,10
7765,4033991,10
7766,136911,10
7767,442638,10
7768,4094087,10
7769,4058841,10
7770,45772097,10
7771,4301617,10
7772,433916,10
7773,4250314,10
7774,72705,10
7775,81939,10
7776,46269952,10
7777,201214,10
7778,4031134,10
7779,4134940,10
7780,4020111,10
7781,439160,10
7782,4016108,10
7783,45766958,10
7784,4201904,10
7785,40644369,10
7786,73550,10
7787,136774,10
7788,434292,10
7789,436164,10
7790,376394,10
7791,4177362,10
7792,4092685,10
7793,4169977,10
7794,200670,10
7795,4118225,10
7796,138847,10
7797,4056591,10
7798,4137754,10
7799,4168844,10
7800,194410,10
7801,4215982,10
7802,4122178,10
7803,432725,10
7804,37116526,10
7805,4271306,10
7806,4132549,10
7807,376512,10
7808,4280942,10
7809,36715594,10
7810,4169989,10
7811,4242348,10
7812,437743,10
7813,22281,10
7814,441563,10
7815,4222457,10
7816,439385,10
7817,380844,10
7818,440001,10
7819,79167,10
7820,4053830,10
7821,377870,10
7822,4151684,10
7823,435284,10
7824,4003184,10
7825,37116501,10
7826,439763,10
7827,36717468,10
7828,195124,10
7829,195500,10
7830,321586,10
7831,434577,10
7832,4066952,10
7833,4066373,10
7834,37019108,10
7835,40440777,10
7836,81383,10
7837,439743,10
7838,4176400,10
7839,4053591,10
7840,198088,10
7841,320835,10
7842,4055331,10
7843,4085406,10
7844,141089,10
7845,46273592,10
7846,4159516,10
7847,76482,10
7848,440047,10
7849,4318409,10
7850,4108641,10
7851,761255,10
7852,36687161,10
7853,45757759,10
7854,36715641,10
7855,380839,10
7856,4001654,10
7857,435814,10
7858,4168846,10
7859,4053285,10
7860,4101452,10
7861,132321,10
7862,4171115,10
7863,4139537,10
7864,4028980,10
7865,4107054,10
7866,46269706,10
7867,439216,10
7868,73854,10
7869,4178291,10
7870,436833,10
7871,4103650,10
7872,43020566,10
7873,140681,10
7874,4201172,10
7875,36687157,10
7876,434762,10
7877,46270412,10
7878,4340962,10
7879,139734,10
7880,4080299,10
7881,133078,10
7882,138718,10
7883,378065,10
7884,4002494,10
7885,432554,10
7886,198108,10
7887,439918,10
7888,37116546,10
7889,46273347,10
7890,4009445,10
7891,4056290,10
7892,201111,10
7893,4162391,10
7894,4246066,10
7895,4259278,10
7896,4114975,10
7897,4015629,10
7898,37116508,10
7899,760157,10
7900,372633,10
7901,135335,10
7902,46269836,9
7903,434223,9
7904,197151,9
7905,4160083,9
7906,4091467,9
7907,36687111,9
7908,378433,9
7909,4275410,9
7910,46269860,9
7911,4054873,9
7912,4228429,9
7913,194593,9
7914,4317020,9
7915,433135,9
7916,434529,9
7917,4101563,9
7918,4253933,9
7919,4155504,9
7920,4176166,9
7921,77131,9
7922,4184657,9
7923,4178668,9
7924,4085538,9
7925,4207623,9
7926,37206829,9
7927,4135743,9
7928,318522,9
7929,4071732,9
7930,136566,9
7931,200293,9
7932,433531,9
7933,4310665,9
7934,435253,9
7935,443739,9
7936,36716589,9
7937,136596,9
7938,761237,9
7939,43530701,9
7940,196613,9
7941,35610328,9
7942,36713101,9
7943,74468,9
7944,4120254,9
7945,4167532,9
7946,4312766,9
7947,75407,9
7948,380722,9
7949,40482261,9
7950,434632,9
7951,4287493,9
7952,74189,9
7953,4221998,9
7954,438963,9
7955,442005,9
7956,443765,9
7957,377300,9
7958,22871,9
7959,439672,9
7960,4036117,9
7961,45765791,9
7962,439017,9
7963,4006481,9
7964,441535,9
7965,4109410,9
7966,433257,9
7967,194703,9
7968,4151674,9
7969,377563,9
7970,4042934,9
7971,4005286,9
7972,4212994,9
7973,4329511,9
7974,4052213,9
7975,4112809,9
7976,4038501,9
7977,35624441,9
7978,44783029,9
7979,4096141,9
7980,4195416,9
7981,444463,9
7982,4059458,9
7983,4345207,9
7984,4303975,9
7985,28127,9
7986,36715600,9
7987,37209483,9
7988,134295,9
7989,437760,9
7990,46274069,9
7991,142004,9
7992,4024659,9
7993,4111321,9
7994,4046356,9
7995,37109493,9
7996,4100982,9
7997,4342995,9
7998,435410,9
7999,4007447,9
8000,137436,9
8001,436381,9
8002,4063918,9
8003,4059119,9
8004,46269878,9
8005,442129,9
8006,4003027,9
8007,197782,9
8008,444098,9
8009,4166142,9
8010,74775,9
8011,4045738,9
8012,192847,9
8013,138099,9
8014,442747,9
8015,30678,9
8016,4162094,9
8017,437396,9
8018,75709,9
8019,381966,9
8020,4031011,9
8021,4109134,9
8022,78314,9
8023,4151675,9
8024,434271,9
8025,4120262,9
8026,45757757,9
8027,4279526,9
8028,4063155,9
8029,442561,9
8030,198307,9
8031,36684693,9
8032,46270420,9
8033,434575,9
8034,4231274,9
8035,4034232,9
8036,375921,9
8037,40490362,9
8038,4033929,9
8039,444292,9
8040,433938,9
8041,4015630,9
8042,139200,8
8043,45766959,8
8044,432695,8
8045,442024,8
8046,40490360,8
8047,4066853,8
8048,438959,8
8049,141411,8
8050,440418,8
8051,443709,8
8052,4145142,8
8053,4347538,8
8054,46273431,8
8055,437553,8
8056,4316746,8
8057,134569,8
8058,4097023,8
8059,4019341,8
8060,4262609,8
8061,45766950,8
8062,4230340,8
8063,374267,8
8064,4115836,8
8065,376694,8
8066,440044,8
8067,4224655,8
8068,439739,8
8069,46270433,8
8070,4284490,8
8071,433243,8
8072,435684,8
8073,375716,8
8074,4148925,8
8075,438059,8
8076,4221077,8
8077,4331739,8
8078,4311402,8
8079,253235,8
8080,441423,8
8081,137322,8
8082,4243874,8
8083,4049043,8
8084,4051764,8
8085,4151682,8
8086,436643,8
8087,4071202,8
8088,42534834,8
8089,4245406,8
8090,4086854,8
8091,255566,8
8092,74104,8
8093,380632,8
8094,441678,8
8095,4254512,8
8096,79104,8
8097,40479608,8
8098,43531045,8
8099,4053831,8
8100,4071059,8
8101,42538747,8
8102,45766785,8
8103,30274,8
8104,37108590,8
8105,436176,8
8106,4215117,8
8107,433270,8
8108,440732,8
8109,4215380,8
8110,4035276,8
8111,42872398,8
8112,380412,8
8113,4311246,8
8114,4121123,8
8115,4325601,8
8116,4100089,8
8117,4216852,8
8118,201244,8
8119,37399393,8
8120,72516,8
8121,4241917,8
8122,4003820,8
8123,40484025,8
8124,4018954,8
8125,4199780,8
8126,4117230,8
8127,4049621,8
8128,138918,8
8129,4217299,8
8130,434654,8
8131,4096135,8
8132,440268,8
8133,4215933,8
8134,45757124,8
8135,45772123,8
8136,439211,8
8137,439026,8
8138,4268004,8
8139,4160043,8
8140,4116325,8
8141,374945,8
8142,46270410,8
8143,444421,8
8144,4322887,8
8145,4245766,8
8146,440920,8
8147,74739,8
8148,436256,8
8149,4183457,8
8150,4020886,8
8151,4056460,8
8152,45766907,8
8153,4093292,8
8154,4031189,8
8155,35626044,8
8156,373449,8
8157,438608,8
8158,40483613,8
8159,4005591,8
8160,433441,8
8161,45772090,8
8162,4090098,8
8163,4053592,8
8164,4335996,8
8165,373215,8
8166,4246283,8
8167,45766889,8
8168,133420,8
8169,443610,8
8170,4220197,8
8171,4057033,8
8172,4065483,8
8173,4059173,8
8174,375250,8
8175,4197544,8
8176,4173974,8
8177,4067970,8
8178,4155507,8
8179,379817,8
8180,4171556,8
8181,4009644,8
8182,4064725,8
8183,45757753,8
8184,372649,8
8185,4288751,8
8186,46269760,8
8187,442163,8
8188,4062790,8
8189,37116487,8
8190,4082948,8
8191,436987,8
8192,75095,8
8193,438343,8
8194,4110483,8
8195,75692,8
8196,443391,8
8197,45757661,8
8198,381783,8
8199,437504,8
8200,4309018,8
8201,435646,8
8202,45757253,8
8203,140443,8
8204,4096021,8
8205,4262578,8
8206,45770898,8
8207,200831,8
8208,443702,8
8209,45757325,8
8210,45757243,8
8211,4153254,7
8212,4166143,7
8213,435182,7
8214,4308707,7
8215,442140,7
8216,4335884,7
8217,4217947,7
8218,42536770,7
8219,79174,7
8220,377368,7
8221,4001115,7
8222,441198,7
8223,761236,7
8224,443541,7
8225,4170972,7
8226,36713315,7
8227,440043,7
8228,80205,7
8229,4120604,7
8230,36712969,7
8231,4002825,7
8232,434559,7
8233,4047937,7
8234,433738,7
8235,261495,7
8236,28462,7
8237,4048926,7
8238,192767,7
8239,4153887,7
8240,4278672,7
8241,760750,7
8242,36674698,7
8243,438412,7
8244,4156756,7
8245,195976,7
8246,439972,7
8247,432287,7
8248,4028933,7
8249,4101305,7
8250,438360,7
8251,46274073,7
8252,4320024,7
8253,4048620,7
8254,435754,7
8255,433446,7
8256,379814,7
8257,4118910,7
8258,4013540,7
8259,4153253,7
8260,43020462,7
8261,4051642,7
8262,4160362,7
8263,4277749,7
8264,72817,7
8265,441775,7
8266,4305951,7
8267,4170931,7
8268,79915,7
8269,4055369,7
8270,433864,7
8271,4276356,7
8272,438105,7
8273,37016889,7
8274,4224517,7
8275,196307,7
8276,4059565,7
8277,4154776,7
8278,4150466,7
8279,4112814,7
8280,75946,7
8281,36687163,7
8282,45772781,7
8283,37207859,7
8284,378436,7
8285,35625043,7
8286,80576,7
8287,4004146,7
8288,437169,7
8289,439416,7
8290,45757477,7
8291,4119953,7
8292,192577,7
8293,80210,7
8294,45757244,7
8295,46270458,7
8296,46270399,7
8297,434557,7
8298,201221,7
8299,4067054,7
8300,381034,7
8301,4098472,7
8302,372315,7
8303,443589,7
8304,37310609,7
8305,4020015,7
8306,4056479,7
8307,198197,7
8308,4264891,7
8309,43021812,7
8310,4309315,7
8311,4174506,7
8312,4121617,7
8313,4083100,7
8314,374050,7
8315,4110574,7
8316,24884,7
8317,4096138,7
8318,4266662,7
8319,4001170,7
8320,198195,7
8321,79962,7
8322,4006963,7
8323,440953,7
8324,372647,7
8325,4113306,7
8326,133158,7
8327,321522,7
8328,441272,7
8329,135414,7
8330,4035426,7
8331,142033,7
8332,434499,7
8333,45757343,7
8334,4059298,7
8335,4057743,7
8336,4062252,7
8337,77405,7
8338,4263569,7
8339,4197114,7
8340,4106505,7
8341,4172067,7
8342,4008352,7
8343,46274126,7
8344,433022,7
8345,4246137,7
8346,4166559,7
8347,43021205,7
8348,197714,7
8349,4229262,7
8350,440589,7
8351,4094163,7
8352,433978,7
8353,4108760,7
8354,4171175,7
8355,141209,7
8356,254583,7
8357,4096598,7
8358,4197245,7
8359,434860,7
8360,434869,7
8361,4346191,7
8362,193448,7
8363,23865,7
8364,4120090,7
8365,4145607,7
8366,132333,7
8367,45771411,7
8368,43020481,7
8369,432556,7
8370,437183,7
8371,4195014,7
8372,193521,7
8373,43021418,7
8374,441940,7
8375,46273644,7
8376,440345,7
8377,4121812,7
8378,4092659,7
8379,46270461,7
8380,75413,7
8381,378548,7
8382,440119,7
8383,192291,7
8384,77182,7
8385,45757232,7
8386,4108679,7
8387,4142066,7
8388,372567,7
8389,4146482,7
8390,4096314,7
8391,4346048,7
8392,4050680,7
8393,43530869,7
8394,435098,7
8395,4216915,7
8396,139830,7
8397,4291019,7
8398,434484,7
8399,4056354,6
8400,4270073,6
8401,4048181,6
8402,4306496,6
8403,4163372,6
8404,43021370,6
8405,37207864,6
8406,79144,6
8407,377564,6
8408,434929,6
8409,46273369,6
8410,36715636,6
8411,197050,6
8412,79742,6
8413,4305587,6
8414,137219,6
8415,435368,6
8416,45766951,6
8417,76570,6
8418,4166838,6
8419,4208064,6
8420,432294,6
8421,36717004,6
8422,433856,6
8423,4151686,6
8424,4094637,6
8425,199747,6
8426,260841,6
8427,75628,6
8428,201110,6
8429,45772708,6
8430,4241576,6
8431,43530695,6
8432,73373,6
8433,4344379,6
8434,195978,6
8435,4066821,6
8436,77112,6
8437,440758,6
8438,437149,6
8439,4158563,6
8440,44788773,6
8441,4081488,6
8442,434688,6
8443,44784340,6
8444,75690,6
8445,192240,6
8446,440785,6
8447,436587,6
8448,441571,6
8449,436027,6
8450,45757750,6
8451,4139294,6
8452,194149,6
8453,40492312,6
8454,198030,6
8455,432937,6
8456,4120610,6
8457,4097389,6
8458,4118013,6
8459,4019056,6
8460,4062569,6
8461,261393,6
8462,4148937,6
8463,45757725,6
8464,381867,6
8465,4083552,6
8466,4059242,6
8467,4058843,6
8468,372642,6
8469,35626043,6
8470,4069182,6
8471,4347554,6
8472,432821,6
8473,433617,6
8474,443874,6
8475,441890,6
8476,4134336,6
8477,4303996,6
8478,439140,6
8479,433975,6
8480,197926,6
8481,79232,6
8482,37116623,6
8483,37119157,6
8484,45763765,6
8485,4151832,6
8486,4028474,6
8487,4056740,6
8488,40481178,6
8489,4099889,6
8490,316644,6
8491,4208120,6
8492,197927,6
8493,4002808,6
8494,4273682,6
8495,4313176,6
8496,37207919,6
8497,4334472,6
8498,373432,6
8499,4090100,6
8500,197163,6
8501,45757233,6
8502,37118673,6
8503,4032876,6
8504,433993,6
8505,436876,6
8506,436015,6
8507,438669,6
8508,40488799,6
8509,4038841,6
8510,442759,6
8511,198797,6
8512,72403,6
8513,4171100,6
8514,45757112,6
8515,436485,6
8516,24148,6
8517,81988,6
8518,4217086,6
8519,435474,6
8520,194476,6
8521,439733,6
8522,434289,6
8523,438543,6
8524,437692,6
8525,433097,6
8526,37118008,6
8527,46270482,6
8528,4038843,6
8529,36715616,6
8530,40483536,6
8531,4029881,6
8532,37117999,6
8533,4236877,6
8534,133969,6
8535,4085678,6
8536,437590,6
8537,435988,6
8538,36687143,6
8539,4054671,6
8540,441108,6
8541,42535175,6
8542,4085622,6
8543,40490828,6
8544,444461,6
8545,75070,6
8546,192819,6
8547,46270494,6
8548,4217564,6
8549,438820,6
8550,4062133,6
8551,45766820,6
8552,4244067,6
8553,378840,6
8554,192255,6
8555,442274,6
8556,4217219,6
8557,140435,6
8558,435138,6
8559,4117391,6
8560,4051298,6
8561,4167493,6
8562,4238810,6
8563,4011615,6
8564,4197474,6
8565,434824,6
8566,4053150,6
8567,433694,6
8568,193079,6
8569,372930,6
8570,26361,6
8571,46273404,6
8572,438977,6
8573,36712793,6
8574,4096140,6
8575,4050964,6
8576,4163266,6
8577,44783938,6
8578,441188,6
8579,4168840,6
8580,30333,6
8581,321975,6
8582,443194,6
8583,37018934,6
8584,4152156,6
8585,45757669,6
8586,4343205,6
8587,46270457,6
8588,37016358,6
8589,36715597,6
8590,443875,5
8591,4336226,5
8592,4172865,5
8593,4344381,5
8594,4108526,5
8595,435660,5
8596,4290062,5
8597,434486,5
8598,4086438,5
8599,437840,5
8600,4270737,5
8601,4053417,5
8602,372293,5
8603,73021,5
8604,4115271,5
8605,4098618,5
8606,437473,5
8607,4124841,5
8608,252949,5
8609,444378,5
8610,31339,5
8611,4093427,5
8612,253910,5
8613,35610325,5
8614,35624484,5
8615,4140301,5
8616,4126571,5
8617,438542,5
8618,373461,5
8619,197667,5
8620,443455,5
8621,4281313,5
8622,4264889,5
8623,36715842,5
8624,440865,5
8625,4242593,5
8626,4069806,5
8627,4024688,5
8628,4219504,5
8629,4144382,5
8630,4134331,5
8631,4222163,5
8632,45757113,5
8633,433647,5
8634,42537576,5
8635,4097998,5
8636,79213,5
8637,436626,5
8638,4109548,5
8639,46273523,5
8640,433967,5
8641,37209395,5
8642,381580,5
8643,77356,5
8644,4118008,5
8645,40481524,5
8646,43531010,5
8647,4015987,5
8648,136330,5
8649,132258,5
8650,4020302,5
8651,78506,5
8652,4038846,5
8653,42538227,5
8654,3655108,5
8655,4061819,5
8656,45757752,5
8657,4241890,5
8658,4154124,5
8659,4020290,5
8660,314381,5
8661,4262580,5
8662,760749,5
8663,4235431,5
8664,4113820,5
8665,443560,5
8666,4291452,5
8667,40636815,5
8668,440339,5
8669,439261,5
8670,37117202,5
8671,437442,5
8672,46270438,5
8673,440938,5
8674,4150465,5
8675,37018354,5
8676,200629,5
8677,4221139,5
8678,4056462,5
8679,4025660,5
8680,432558,5
8681,376424,5
8682,45766087,5
8683,4082627,5
8684,37108591,5
8685,4344397,5
8686,4276347,5
8687,4284824,5
8688,138973,5
8689,4189197,5
8690,443575,5
8691,4239065,5
8692,4069534,5
8693,379819,5
8694,4269780,5
8695,75114,5
8696,4243365,5
8697,4313379,5
8698,46269927,5
8699,4206889,5
8700,200458,5
8701,440905,5
8702,4038606,5
8703,4144835,5
8704,4284682,5
8705,432637,5
8706,45757207,5
8707,45766971,5
8708,4155192,5
8709,4035134,5
8710,46269862,5
8711,4117241,5
8712,4328350,5
8713,4102297,5
8714,442038,5
8715,45767653,5
8716,374270,5
8717,4168683,5
8718,141524,5
8719,198374,5
8720,4185544,5
8721,4181882,5
8722,37116626,5
8723,4276510,5
8724,4199331,5
8725,138299,5
8726,258684,5
8727,78276,5
8728,4108466,5
8729,432236,5
8730,4002572,5
8731,4114976,5
8732,4165404,5
8733,437316,5
8734,4116723,5
8735,377822,5
8736,45768754,5
8737,432366,5
8738,4055230,5
8739,140261,5
8740,372316,5
8741,437690,5
8742,141753,5
8743,4087616,5
8744,4101442,5
8745,4115064,5
8746,4108832,5
8747,443362,5
8748,42534962,5
8749,315202,5
8750,4115696,5
8751,4049341,5
8752,80262,5
8753,4026113,5
8754,196377,5
8755,37207924,5
8756,433146,5
8757,40484496,5
8758,4152929,5
8759,4019044,5
8760,24612,5
8761,436922,5
8762,40493243,5
8763,44784591,5
8764,4094639,5
8765,4096031,5
8766,37108900,5
8767,4100723,5
8768,4344502,5
8769,4132082,5
8770,192433,5
8771,4054662,5
8772,4084939,5
8773,435487,5
8774,443522,5
8775,441852,5
8776,45763767,5
8777,4311555,5
8778,4094262,5
8779,4079898,5
8780,36714644,5
8781,37109495,5
8782,134144,5
8783,196364,5
8784,4120455,5
8785,46273949,5
8786,4301746,5
8787,37016888,5
8788,45766840,5
8789,4272313,5
8790,80854,5
8791,444387,5
8792,4159511,5
8793,434156,5
8794,76122,5
8795,440840,5
8796,435818,5
8797,376335,5
8798,40486685,5
8799,380724,5
8800,194586,5
8801,46274127,5
8802,4136344,5
8803,132772,5
8804,4084768,5
8805,36717164,5
8806,37017321,5
8807,4189719,5
8808,4185026,5
8809,197490,5
8810,4148140,5
8811,46269883,5
8812,440549,5
8813,36684630,5
8814,433774,5
8815,443929,5
8816,434285,5
8817,4068228,5
8818,433039,5
8819,4102401,5
8820,4228490,5
8821,443565,5
8822,4100683,5
8823,201626,5
8824,436541,5
8825,44783518,5
8826,4136702,5
8827,4129400,5
8828,45772686,5
8829,4003192,5
8830,36712792,5
8831,4300196,5
8832,4115208,5
8833,4033835,5
8834,4001456,5
8835,4249010,5
8836,46269866,5
8837,4097283,5
8838,36716848,5
8839,36715598,5
8840,37111388,5
8841,257660,5
8842,438344,5
8843,437014,5
8844,46270454,5
8845,75356,5
8846,4301483,5
8847,252544,5
8848,375822,5
8849,442176,5
8850,4042220,5
8851,4057176,5
8852,45770921,5
8853,4266517,5
8854,4264693,5
8855,4241769,5
8856,76396,5
8857,133914,5
8858,46270516,5
8859,46273423,5
8860,4318862,5
8861,436010,5
8862,40490974,5
8863,194101,5
8864,201617,5
8865,45767614,5
8866,138622,5
8867,433513,5
8868,381584,5
8869,439678,5
8870,4107566,4
8871,194158,4
8872,432962,4
8873,4201191,4
8874,440855,4
8875,442296,4
8876,78514,4
8877,4268609,4
8878,4059703,4
8879,192259,4
8880,37116527,4
8881,4129397,4
8882,4180312,4
8883,432515,4
8884,4145177,4
8885,4341231,4
8886,434708,4
8887,373858,4
8888,444203,4
8889,4013323,4
8890,433340,4
8891,4125008,4
8892,196796,4
8893,4062231,4
8894,4290339,4
8895,4065479,4
8896,4296638,4
8897,4006657,4
8898,439724,4
8899,40482936,4
8900,37117648,4
8901,320888,4
8902,36715604,4
8903,443382,4
8904,4049461,4
8905,27526,4
8906,45757673,4
8907,4340811,4
8908,46270403,4
8909,4062558,4
8910,4014296,4
8911,45763818,4
8912,79112,4
8913,437325,4
8914,30356,4
8915,45766973,4
8916,438095,4
8917,441182,4
8918,442769,4
8919,45757738,4
8920,4108968,4
8921,136932,4
8922,434530,4
8923,4244639,4
8924,432830,4
8925,443720,4
8926,4263510,4
8927,4050390,4
8928,37109306,4
8929,4098825,4
8930,43531175,4
8931,4173673,4
8932,4181064,4
8933,4005037,4
8934,136912,4
8935,4248131,4
8936,134851,4
8937,442767,4
8938,4198826,4
8939,134232,4
8940,135700,4
8941,36715635,4
8942,43020467,4
8943,76801,4
8944,4109045,4
8945,135695,4
8946,434859,4
8947,46273449,4
8948,4196222,4
8949,37118007,4
8950,438658,4
8951,4059254,4
8952,4088076,4
8953,37310611,4
8954,4048606,4
8955,45770931,4
8956,4146775,4
8957,376121,4
8958,374283,4
8959,43530951,4
8960,4051127,4
8961,42534961,4
8962,443930,4
8963,4171905,4
8964,4050552,4
8965,77124,4
8966,200671,4
8967,4032807,4
8968,4210998,4
8969,76838,4
8970,75994,4
8971,4253536,4
8972,74698,4
8973,4274011,4
8974,4095568,4
8975,4001626,4
8976,4182585,4
8977,4065761,4
8978,37396152,4
8979,136937,4
8980,4175583,4
8981,4318691,4
8982,444437,4
8983,4239312,4
8984,441554,4
8985,4166140,4
8986,315481,4
8987,4262968,4
8988,4183170,4
8989,81636,4
8990,320743,4
8991,376423,4
8992,40481568,4
8993,4279620,4
8994,440595,4
8995,321526,4
8996,433589,4
8997,3656903,4
8998,435493,4
8999,45763787,4
9000,199726,4
9001,45766947,4
9002,437797,4
9003,441412,4
9004,4040447,4
9005,36715750,4
9006,4007584,4
9007,37016356,4
9008,432744,4
9009,444417,4
9010,378048,4
9011,4059122,4
9012,4027120,4
9013,440895,4
9014,36717163,4
9015,4005622,4
9016,4044930,4
9017,376963,4
9018,4152373,4
9019,75379,4
9020,4240725,4
9021,4012453,4
9022,432668,4
9023,4240648,4
9024,24198,4
9025,4103105,4
9026,4149044,4
9027,4080395,4
9028,443444,4
9029,4038772,4
9030,4083681,4
9031,4184338,4
9032,442284,4
9033,78830,4
9034,4105584,4
9035,81945,4
9036,378849,4
9037,4243666,4
9038,441085,4
9039,4288480,4
9040,198623,4
9041,4329097,4
9042,438948,4
9043,372272,4
9044,4035808,4
9045,4110130,4
9046,4152487,4
9047,4194876,4
9048,441565,4
9049,4055718,4
9050,4311814,4
9051,373082,4
9052,133594,4
9053,443435,4
9054,133123,4
9055,376970,4
9056,4174533,4
9057,4178910,4
9058,45757312,4
9059,4322726,4
9060,4218193,4
9061,4036612,4
9062,440023,4
9063,4338038,4
9064,200017,4
9065,4344259,4
9066,437906,4
9067,4309539,4
9068,36716005,4
9069,138377,4
9070,4032877,4
9071,438251,4
9072,45757419,4
9073,4163899,4
9074,4133012,4
9075,4038602,4
9076,4145240,4
9077,439166,4
9078,4213100,4
9079,37118658,4
9080,4030372,4
9081,197225,4
9082,40479565,4
9083,433076,4
9084,4177053,4
9085,4247776,4
9086,4020428,4
9087,40482072,4
9088,4058696,4
9089,4185780,4
9090,4170632,4
9091,374936,4
9092,4246029,4
9093,4063560,4
9094,77641,4
9095,45757384,4
9096,4088757,4
9097,4242241,4
9098,37312674,4
9099,40480043,4
9100,4169402,4
9101,77962,4
9102,4058375,4
9103,4092411,4
9104,4285139,4
9105,40490405,4
9106,45770893,4
9107,433536,4
9108,4079686,4
9109,440539,4
9110,440112,4
9111,372331,4
9112,73686,4
9113,4274633,4
9114,374466,4
9115,438692,4
9116,142006,4
9117,317898,4
9118,4003175,4
9119,4113600,4
9120,42538061,4
9121,255711,4
9122,195125,4
9123,4014420,4
9124,4188613,4
9125,4177361,4
9126,436054,4
9127,4005907,4
9128,435927,4
9129,4062245,4
9130,43021407,4
9131,36715639,4
9132,45763789,4
9133,4121462,4
9134,4241439,4
9135,3657069,4
9136,435983,4
9137,434540,4
9138,43020870,4
9139,435945,4
9140,4109398,4
9141,4193774,4
9142,46270435,4
9143,40484933,4
9144,45772068,4
9145,4063582,4
9146,36717170,4
9147,40490930,4
9148,4338023,4
9149,136928,4
9150,4344615,4
9151,4048809,4
9152,78769,4
9153,4080602,4
9154,77619,4
9155,194420,4
9156,442184,4
9157,45757682,4
9158,4002306,4
9159,443802,4
9160,762443,4
9161,195014,4
9162,4337102,4
9163,4344161,4
9164,4253927,4
9165,4108318,4
9166,4345479,4
9167,4149584,4
9168,4002155,4
9169,4093957,4
9170,372326,4
9171,4171906,4
9172,432441,4
9173,4092828,4
9174,433480,4
9175,434224,4
9176,4054993,4
9177,436941,4
9178,45757704,4
9179,140967,3
9180,80316,3
9181,440948,3
9182,765118,3
9183,4322698,3
9184,192824,3
9185,132704,3
9186,4310082,3
9187,4345232,3
9188,36686112,3
9189,436011,3
9190,4079683,3
9191,80471,3
9192,43531419,3
9193,433583,3
9194,256810,3
9195,140947,3
9196,79732,3
9197,254389,3
9198,4059554,3
9199,438080,3
9200,433514,3
9201,45769873,3
9202,37117194,3
9203,433368,3
9204,441781,3
9205,36715610,3
9206,78633,3
9207,194421,3
9208,4314086,3
9209,4047853,3
9210,4077718,3
9211,435357,3
9212,37110290,3
9213,4056474,3
9214,4151722,3
9215,4220860,3
9216,4119774,3
9217,4019253,3
9218,4104213,3
9219,761246,3
9220,194088,3
9221,436532,3
9222,442161,3
9223,43020874,3
9224,37397428,3
9225,4066736,3
9226,40480278,3
9227,440019,3
9228,192974,3
9229,45757295,3
9230,43020458,3
9231,4173420,3
9232,4022078,3
9233,43021860,3
9234,37111384,3
9235,4130539,3
9236,135895,3
9237,46270492,3
9238,36715773,3
9239,315719,3
9240,4020013,3
9241,4133017,3
9242,36717583,3
9243,196856,3
9244,321234,3
9245,36715751,3
9246,4105025,3
9247,44783943,3
9248,4291648,3
9249,4130000,3
9250,436021,3
9251,381863,3
9252,136186,3
9253,74740,3
9254,45757176,3
9255,76595,3
9256,4035467,3
9257,4277354,3
9258,4098028,3
9259,4117405,3
9260,4152952,3
9261,436333,3
9262,4094981,3
9263,4340948,3
9264,760799,3
9265,4108900,3
9266,4094990,3
9267,4057350,3
9268,4153492,3
9269,4033318,3
9270,434581,3
9271,4271511,3
9272,434220,3
9273,46269848,3
9274,40489449,3
9275,45757123,3
9276,252442,3
9277,373464,3
9278,4095550,3
9279,4044061,3
9280,4307962,3
9281,380640,3
9282,4284702,3
9283,80496,3
9284,4174309,3
9285,438703,3
9286,4112851,3
9287,4319334,3
9288,4223997,3
9289,37399590,3
9290,36676213,3
9291,4212236,3
9292,4328365,3
9293,46270396,3
9294,4044227,3
9295,200003,3
9296,132238,3
9297,36714236,3
9298,4115841,3
9299,4136718,3
9300,45769896,3
9301,76777,3
9302,4082947,3
9303,4139034,3
9304,36686113,3
9305,4164141,3
9306,440787,3
9307,313023,3
9308,4097060,3
9309,443220,3
9310,4177623,3
9311,4058513,3
9312,40492252,3
9313,45772782,3
9314,372639,3
9315,81382,3
9316,372917,3
9317,4244530,3
9318,45757268,3
9319,380101,3
9320,4030750,3
9321,77953,3
9322,4098617,3
9323,196758,3
9324,37116547,3
9325,193277,3
9326,441331,3
9327,136639,3
9328,4126446,3
9329,437657,3
9330,40482933,3
9331,46270431,3
9332,4053835,3
9333,433706,3
9334,36713763,3
9335,440351,3
9336,4087751,3
9337,36715637,3
9338,4040720,3
9339,260212,3
9340,45770837,3
9341,4134325,3
9342,4080753,3
9343,4083305,3
9344,4089973,3
9345,4312497,3
9346,77665,3
9347,4100733,3
9348,4003021,3
9349,4181313,3
9350,4151991,3
9351,433960,3
9352,75037,3
9353,439393,3
9354,437623,3
9355,378533,3
9356,4171091,3
9357,4063306,3
9358,432431,3
9359,374342,3
9360,437937,3
9361,45772127,3
9362,194802,3
9363,4010378,3
9364,132724,3
9365,4028644,3
9366,201242,3
9367,196068,3
9368,380639,3
9369,4010386,3
9370,4049502,3
9371,4155080,3
9372,45757313,3
9373,436607,3
9374,193719,3
9375,4219348,3
9376,37108606,3
9377,432829,3
9378,4009628,3
9379,46270394,3
9380,4009800,3
9381,133890,3
9382,46269838,3
9383,140664,3
9384,198850,3
9385,4173746,3
9386,197938,3
9387,46269859,3
9388,440516,3
9389,4083550,3
9390,433161,3
9391,4108220,3
9392,439853,3
9393,42710047,3
9394,4174403,3
9395,4066378,3
9396,381310,3
9397,438578,3
9398,4283942,3
9399,74471,3
9400,434474,3
9401,45757231,3
9402,436166,3
9403,4309222,3
9404,4010376,3
9405,4066407,3
9406,434275,3
9407,261528,3
9408,4207606,3
9409,4080397,3
9410,443796,3
9411,4004792,3
9412,133924,3
9413,434279,3
9414,45766969,3
9415,194988,3
9416,135762,3
9417,134757,3
9418,4152815,3
9419,4301666,3
9420,4092159,3
9421,4231062,3
9422,134604,3
9423,442796,3
9424,36715662,3
9425,381567,3
9426,193434,3
9427,76870,3
9428,37116542,3
9429,439673,3
9430,4159804,3
9431,45757201,3
9432,4090674,3
9433,4176310,3
9434,4311220,3
9435,4136840,3
9436,40479844,3
9437,193814,3
9438,4153692,3
9439,438958,3
9440,319049,3
9441,4295340,3
9442,441963,3
9443,4173963,3
9444,4035966,3
9445,4205673,3
9446,4029732,3
9447,316577,3
9448,45768755,3
9449,440952,3
9450,441550,3
9451,4001621,3
9452,72245,3
9453,37395762,3
9454,45757667,3
9455,198704,3
9456,4132457,3
9457,37207939,3
9458,79098,3
9459,436296,3
9460,198221,3
9461,45757252,3
9462,4273323,3
9463,4310097,3
9464,4150473,3
9465,435271,3
9466,4230473,3
9467,37116528,3
9468,132495,3
9469,4117722,3
9470,4067301,3
9471,4143116,3
9472,4044351,3
9473,255084,3
9474,433332,3
9475,437492,3
9476,40488812,3
9477,4302027,3
9478,4031766,3
9479,433828,3
9480,4173323,3
9481,4300228,3
9482,4015507,3
9483,437173,3
9484,4150513,3
9485,259874,3
9486,40491866,3
9487,4058842,3
9488,4033966,3
9489,443384,3
9490,761247,3
9491,373483,3
9492,197044,3
9493,4110164,3
9494,36715647,3
9495,36715823,3
9496,36717575,3
9497,36715645,3
9498,45766948,3
9499,443738,3
9500,4173259,3
9501,432264,3
9502,434227,3
9503,440196,3
9504,4338958,3
9505,4050871,3
9506,196047,3
9507,138538,3
9508,4249474,3
9509,436621,3
9510,46269829,3
9511,4086196,3
9512,4277942,3
9513,40488789,3
9514,4304838,3
9515,36715611,3
9516,438024,3
9517,433921,3
9518,43530866,3
9519,438277,3
9520,439206,3
9521,4222737,3
9522,4003138,3
9523,435758,3
9524,4009159,3
9525,43020912,3
9526,45757092,3
9527,4151990,3
9528,196907,3
9529,380411,3
9530,437369,3
9531,4097608,3
9532,437195,3
9533,4041669,3
9534,40486482,3
9535,37108607,3
9536,134386,3
9537,4229431,3
9538,437152,3
9539,40493424,3
9540,46269842,3
9541,4299128,3
9542,46270424,3
9543,45766776,3
9544,440260,3
9545,377680,3
9546,4146725,3
9547,45757200,3
9548,432430,3
9549,443916,3
9550,4317960,3
9551,255192,3
9552,4093481,3
9553,4034227,3
9554,4001172,3
9555,435702,3
9556,4016357,3
9557,442558,3
9558,194560,3
9559,373211,3
9560,4249596,3
9561,81400,3
9562,4162450,3
9563,4029464,3
9564,4032727,3
9565,4062557,3
9566,376225,3
9567,4242694,3
9568,4145159,3
9569,4344276,3
9570,4051447,2
9571,4272033,2
9572,4346051,2
9573,140506,2
9574,440847,2
9575,4003675,2
9576,377980,2
9577,4170449,2
9578,443780,2
9579,432729,2
9580,380942,2
9581,4136209,2
9582,436880,2
9583,437786,2
9584,43021054,2
9585,4069772,2
9586,4098479,2
9587,4030504,2
9588,46274079,2
9589,439828,2
9590,375791,2
9591,4155336,2
9592,4181751,2
9593,45769897,2
9594,45766839,2
9595,37018684,2
9596,4185529,2
9597,4003980,2
9598,4194065,2
9599,4143379,2
9600,36716584,2
9601,441443,2
9602,4166072,2
9603,4009617,2
9604,141797,2
9605,440572,2
9606,4083357,2
9607,4314702,2
9608,4113190,2
9609,4161205,2
9610,4052209,2
9611,40397299,2
9612,375184,2
9613,4035494,2
9614,4014895,2
9615,73291,2
9616,44790851,2
9617,4282310,2
9618,36715649,2
9619,4316506,2
9620,4181148,2
9621,4227153,2
9622,45757234,2
9623,40485018,2
9624,133848,2
9625,198853,2
9626,46270456,2
9627,4056480,2
9628,4006586,2
9629,4302900,2
9630,4151989,2
9631,46270460,2
9632,45763567,2
9633,37016762,2
9634,36712703,2
9635,46269840,2
9636,195223,2
9637,4054915,2
9638,438681,2
9639,36676214,2
9640,4284550,2
9641,4027119,2
9642,35624443,2
9643,439986,2
9644,196029,2
9645,4181199,2
9646,43021845,2
9647,440891,2
9648,380126,2
9649,442789,2
9650,4057797,2
9651,201675,2
9652,377874,2
9653,80626,2
9654,4057638,2
9655,4007736,2
9656,4209094,2
9657,441953,2
9658,36713172,2
9659,45769898,2
9660,45757079,2
9661,4113927,2
9662,36684810,2
9663,4155499,2
9664,4285304,2
9665,4176286,2
9666,73318,2
9667,433860,2
9668,192818,2
9669,436527,2
9670,46271765,2
9671,436674,2
9672,4138154,2
9673,4176120,2
9674,45772076,2
9675,40487453,2
9676,440699,2
9677,4087608,2
9678,137193,2
9679,442122,2
9680,4101453,2
9681,432539,2
9682,441280,2
9683,437611,2
9684,433690,2
9685,4056567,2
9686,45766946,2
9687,443698,2
9688,433407,2
9689,36715676,2
9690,438000,2
9691,444422,2
9692,197154,2
9693,4318104,2
9694,46270485,2
9695,435843,2
9696,44783946,2
9697,4295722,2
9698,4113821,2
9699,197107,2
9700,4117413,2
9701,40487455,2
9702,372616,2
9703,40486465,2
9704,45757653,2
9705,36715772,2
9706,440897,2
9707,444027,2
9708,46270474,2
9709,4002672,2
9710,4052218,2
9711,432810,2
9712,4137955,2
9713,321074,2
9714,4034439,2
9715,72857,2
9716,4151846,2
9717,261738,2
9718,4048738,2
9719,40484951,2
9720,37310605,2
9721,4028805,2
9722,4228533,2
9723,4058627,2
9724,46269861,2
9725,200524,2
9726,4001445,2
9727,4250160,2
9728,45766944,2
9729,4164432,2
9730,442301,2
9731,4316887,2
9732,438306,2
9733,433337,2
9734,440892,2
9735,45766786,2
9736,40489979,2
9737,80340,2
9738,4190298,2
9739,433385,2
9740,4059124,2
9741,4097560,2
9742,4146093,2
9743,4211992,2
9744,37017494,2
9745,40482937,2
9746,443732,2
9747,433985,2
9748,45770876,2
9749,4087897,2
9750,36715601,2
9751,4003466,2
9752,37209290,2
9753,196177,2
9754,45766838,2
9755,4091621,2
9756,45757756,2
9757,439164,2
9758,37018343,2
9759,45757380,2
9760,4090202,2
9761,37016350,2
9762,4083834,2
9763,4134875,2
9764,373970,2
9765,4093477,2
9766,4322708,2
9767,36715752,2
9768,433933,2
9769,4266230,2
9770,4097561,2
9771,374524,2
9772,40274208,2
9773,4316733,2
9774,4055899,2
9775,4107361,2
9776,4012102,2
9777,4098475,2
9778,133691,2
9779,4034608,2
9780,36685124,2
9781,436534,2
9782,198031,2
9783,4015650,2
9784,440158,2
9785,376974,2
9786,4035420,2
9787,4035606,2
9788,133861,2
9789,444254,2
9790,46270370,2
9791,4225731,2
9792,37018353,2
9793,36686264,2
9794,74185,2
9795,442134,2
9796,45757367,2
9797,4266323,2
9798,23034,2
9799,4071727,2
9800,140633,2
9801,36717166,2
9802,4110039,2
9803,441223,2
9804,45771410,2
9805,4058243,2
9806,4020145,2
9807,45763820,2
9808,435640,2
9809,3656988,2
9810,4118012,2
9811,4228331,2
9812,4132119,2
9813,43020473,2
9814,436551,2
9815,40493327,2
9816,4021397,2
9817,4009156,2
9818,435854,2
9819,4160371,2
9820,378763,2
9821,4222723,2
9822,45757260,2
9823,193587,2
9824,45757148,2
9825,4152998,2
9826,4286031,2
9827,4139421,2
9828,45757311,2
9829,444074,2
9830,137519,2
9831,46273426,2
9832,437397,2
9833,4059584,2
9834,43531008,2
9835,435641,2
9836,433542,2
9837,4101289,2
9838,132771,2
9839,4093636,2
9840,441786,2
9841,373408,2
9842,4012450,2
9843,36717171,2
9844,4165352,2
9845,200907,2
9846,443542,2
9847,434089,2
9848,4307213,2
9849,4105005,2
9850,196515,2
9851,435353,2
9852,433869,2
9853,437342,2
9854,194100,2
9855,4109612,2
9856,46270418,2
9857,4319903,2
9858,46270479,2
9859,4230065,2
9860,434241,2
9861,4196950,2
9862,443381,2
9863,45757361,2
9864,441293,2
9865,4220454,2
9866,4345688,2
9867,4338871,2
9868,4048286,2
9869,436283,2
9870,434670,2
9871,4059454,2
9872,439788,2
9873,437215,2
9874,37018878,2
9875,45757153,2
9876,442634,2
9877,36684824,2
9878,4051440,2
9879,438373,2
9880,46270466,2
9881,377439,2
9882,4047787,2
9883,4003194,2
9884,37117754,2
9885,80197,2
9886,437110,2
9887,4323827,2
9888,4250767,2
9889,255477,2
9890,4289321,2
9891,4300186,2
9892,4164920,2
9893,27438,2
9894,4151082,2
9895,4095867,2
9896,4080755,2
9897,4181404,2
9898,36715753,2
9899,46269928,2
9900,4009753,2
9901,4110127,2
9902,80165,2
9903,4277276,2
9904,37018339,2
9905,45766777,2
9906,4056590,2
9907,433048,2
9908,4087749,2
9909,4030056,2
9910,4051334,2
9911,432498,2
9912,135984,2
9913,4067885,2
9914,4093637,2
9915,437794,2
9916,45771431,2
9917,4172063,2
9918,45773195,2
9919,37207707,2
9920,4234994,2
9921,46270450,2
9922,4059704,2
9923,4054060,2
9924,432920,2
9925,255059,2
9926,4016356,2
9927,4260963,2
9928,46270444,2
9929,441497,2
9930,195749,2
9931,141084,2
9932,4180066,2
9933,4084487,2
9934,4003808,2
9935,37108605,2
9936,4144977,2
9937,4135077,2
9938,4032314,2
9939,760748,2
9940,193312,2
9941,436342,2
9942,434228,2
9943,439977,2
9944,4241778,2
9945,437398,2
9946,45770922,2
9947,4172436,2
9948,138351,2
9949,438359,2
9950,4242238,2
9951,4149913,2
9952,4341658,2
9953,4274955,2
9954,42534835,2
9955,4302582,2
9956,4275434,2
9957,373771,2
9958,4016837,2
9959,4157514,2
9960,4338901,2
9961,200132,2
9962,441512,2
9963,442324,2
9964,4009443,2
9965,440022,2
9966,4001666,2
9967,3657055,2
9968,434899,2
9969,444187,2
9970,4114353,2
9971,4312053,2
9972,432432,2
9973,438792,2
9974,141777,2
9975,4153217,2
9976,37311514,2
9977,437985,2
9978,440518,2
9979,4053128,2
9980,36686263,2
9981,4308623,2
9982,4236624,2
9983,4173334,2
9984,4339410,2
9985,197776,2
9986,432467,2
9987,4153869,2
9988,4061157,2
9989,4133327,2
9990,443540,2
9991,432975,2
9992,45766943,2
9993,4116007,2
9994,4111370,2
9995,135745,2
9996,4227135,2
9997,134879,2
9998,4287416,2
9999,4057322,2
10000,79914,2
10001,4108219,2
10002,4070569,2
10003,37016152,2
10004,4091642,2
10005,42537517,2
10006,4302744,2
10007,4184133,2
10008,4097018,2
10009,4157488,2
10010,4159152,2
10011,45773541,2
10012,46269850,2
10013,4005592,2
10014,4078216,2
10015,4210628,2
10016,4015718,2
10017,4045978,2
10018,195872,2
10019,4059109,2
10020,433702,2
10021,37310596,2
10022,72693,2
10023,40492403,2
10024,4338362,2
10025,434302,2
10026,194702,2
10027,4073502,2
10028,45757129,2
10029,4053503,2
10030,4217892,2
10031,37395738,2
10032,132834,2
10033,437189,2
10034,4094976,2
10035,440207,2
10036,4249740,2
10037,4283690,2
10038,4062498,2
10039,4059457,2
10040,437434,2
10041,4030065,2
10042,4182691,2
10043,444096,2
10044,255362,2
10045,432873,2
10046,4151955,2
10047,4055774,2
10048,133511,2
10049,381576,2
10050,444229,2
10051,441950,2
10052,444400,2
10053,4008737,2
10054,4159810,2
10055,4338978,2
10056,4096917,2
10057,4093485,2
10058,140520,2
10059,4056595,2
10060,4019971,2
10061,36715638,2
10062,4160264,2
10063,374278,2
10064,4179913,2
10065,4071066,2
10066,135691,2
10067,37116495,1
10068,4151685,1
10069,45757356,1
10070,439128,1
10071,36716562,1
10072,45757270,1
10073,37207879,1
10074,4108470,1
10075,42709936,1
10076,4109797,1
10077,4266367,1
10078,4121274,1
10079,4111309,1
10080,440919,1
10081,433421,1
10082,4129710,1
10083,4111626,1
10084,432237,1
10085,4248725,1
10086,4309804,1
10087,434758,1
10088,436035,1
10089,437949,1
10090,436038,1
10091,318247,1
10092,440296,1
10093,46273473,1
10094,40486503,1
10095,196324,1
10096,375736,1
10097,433919,1
10098,433410,1
10099,4048281,1
10100,46273597,1
10101,194692,1
10102,24966,1
10103,43530868,1
10104,4047472,1
10105,436740,1
10106,433456,1
10107,374636,1
10108,381850,1
10109,4032870,1
10110,45766976,1
10111,36715648,1
10112,135765,1
10113,40482875,1
10114,4224176,1
10115,36716686,1
10116,4020303,1
10117,4313298,1
10118,4057924,1
10119,42536884,1
10120,201779,1
10121,194268,1
10122,4112676,1
10123,437777,1
10124,3655640,1
10125,4277596,1
10126,4314372,1
10127,4103235,1
10128,439773,1
10129,4079858,1
10130,75617,1
10131,4053583,1
10132,4187514,1
10133,434951,1
10134,443523,1
10135,372550,1
10136,4145158,1
10137,378953,1
10138,194287,1
10139,4068113,1
10140,4056475,1
10141,45757216,1
10142,4321833,1
10143,45757751,1
10144,4162980,1
10145,45769899,1
10146,432716,1
10147,45757149,1
10148,45757665,1
10149,4009155,1
10150,256811,1
10151,4279639,1
10152,201613,1
10153,4160244,1
10154,141457,1
10155,37016211,1
10156,45757657,1
10157,4320826,1
10158,4134595,1
10159,37016216,1
10160,4223016,1
10161,45757206,1
10162,201388,1
10163,45757175,1
10164,133077,1
10165,141795,1
10166,4217493,1
10167,4156147,1
10168,441268,1
10169,4061847,1
10170,4089500,1
10171,4188224,1
10172,4269053,1
10173,432638,1
10174,4195452,1
10175,4297886,1
10176,201129,1
10177,192826,1
10178,192979,1
10179,46270459,1
10180,4141809,1
10181,4004776,1
10182,40484966,1
10183,4087419,1
10184,4020146,1
10185,435325,1
10186,438967,1
10187,441427,1
10188,36715690,1
10189,4314421,1
10190,4000610,1
10191,4094863,1
10192,4065737,1
10193,436039,1
10194,433823,1
10195,4306301,1
10196,4077901,1
10197,4181453,1
10198,444023,1
10199,442185,1
10200,196468,1
10201,436529,1
10202,4001144,1
10203,4028991,1
10204,4047630,1
10205,79102,1
10206,4130678,1
10207,4314427,1
10208,4178809,1
10209,4181302,1
10210,4062070,1
10211,81029,1
10212,4172869,1
10213,4102014,1
10214,45757327,1
10215,4155516,1
10216,759916,1
10217,4176270,1
10218,4310683,1
10219,435359,1
10220,441142,1
10221,4208857,1
10222,4002496,1
10223,4115548,1
10224,4216396,1
10225,4161344,1
10226,4311350,1
10227,4284557,1
10228,4148557,1
10229,439024,1
10230,4213372,1
10231,201798,1
10232,46269925,1
10233,4139254,1
10234,437732,1
10235,4056299,1
10236,439266,1
10237,45757258,1
10238,36715711,1
10239,4059455,1
10240,4187851,1
10241,27235,1
10242,4011623,1
10243,133710,1
10244,441761,1
10245,435980,1
10246,4153251,1
10247,45757159,1
10248,45757267,1
10249,40397365,1
10250,45757261,1
10251,4046242,1
10252,438364,1
10253,4331287,1
10254,4164551,1
10255,4029731,1
10256,45766641,1
10257,4168231,1
10258,4111361,1
10259,136898,1
10260,136599,1
10261,45757402,1
10262,4004477,1
10263,257375,1
10264,439093,1
10265,36715675,1
10266,4138300,1
10267,74373,1
10268,444105,1
10269,45766967,1
10270,37016217,1
10271,437787,1
10272,46274070,1
10273,45767095,1
10274,43020470,1
10275,37117192,1
10276,45757122,1
10277,4235585,1
10278,198381,1
10279,439772,1
10280,4271450,1
10281,256023,1
10282,4328432,1
10283,78238,1
10284,314432,1
10285,4154460,1
10286,438175,1
10287,42537310,1
10288,40483374,1
10289,40640002,1
10290,4007423,1
10291,4090105,1
10292,443956,1
10293,4264649,1
10294,4089921,1
10295,434744,1
10296,36716810,1
10297,4053403,1
10298,36717467,1
10299,43531007,1
10300,435188,1
10301,194797,1
10302,4244426,1
10303,4016089,1
10304,438153,1
10305,194598,1
10306,438552,1
10307,36716931,1
10308,29979,1
10309,4148451,1
10310,42709937,1
10311,37108614,1
10312,4089980,1
10313,436303,1
10314,200963,1
10315,45757257,1
10316,37312099,1
10317,45757259,1
10318,4307791,1
10319,4209722,1
10320,442273,1
10321,439350,1
10322,46269846,1
10323,4264169,1
10324,4004462,1
10325,4055901,1
10326,4345228,1
10327,258061,1
10328,319921,1
10329,45757688,1
10330,3654783,1
10331,439201,1
10332,4021465,1
10333,4162034,1
10334,4026127,1
10335,4050022,1
10336,42536563,1
10337,321212,1
10338,4119295,1
10339,4309021,1
10340,4142635,1
10341,4251327,1
10342,4276682,1
10343,194807,1
10344,4054872,1
10345,4096540,1
10346,440715,1
10347,439083,1
10348,441790,1
10349,4098626,1
10350,436903,1
10351,4029611,1
10352,4101118,1
10353,4046110,1
10354,45757246,1
10355,438038,1
10356,4301594,1
10357,45757740,1
10358,4065482,1
10359,4276193,1
10360,434178,1
10361,196735,1
10362,760747,1
10363,4109796,1
10364,442157,1
10365,4150516,1
10366,4056174,1
10367,37312673,1
10368,198212,1
10369,443888,1
10370,139202,1
10371,375241,1
10372,36715892,1
10373,4242401,1
10374,4245794,1
10375,198674,1
10376,440890,1
10377,4061852,1
10378,4050252,1
10379,45757111,1
10380,373476,1
10381,4282630,1
10382,45757789,1
10383,46273654,1
10384,4125659,1
10385,4097554,1
10386,4003674,1
10387,4065627,1
10388,4173577,1
10389,4048434,1
10390,4009040,1
10391,4118011,1
10392,139882,1
10393,46273639,1
10394,379023,1
10395,440359,1
10396,442162,1
10397,442612,1
10398,436031,1
10399,4034847,1
10400,4127201,1
10401,37016220,1
10402,435130,1
10403,36685024,1
10404,140581,1
10405,4117692,1
10406,434111,1
10407,4310083,1
10408,193174,1
10409,4102833,1
10410,443590,1
10411,765361,1
10412,4157219,1
10413,4173142,1
10414,4151678,1
10415,76771,1
10416,434624,1
10417,37397743,1
10418,46269864,1
10419,4336134,1
10420,381552,1
10421,45771437,1
10422,37206229,1
10423,45772066,1
10424,35625971,1
10425,4092830,1
10426,444196,1
10427,4062551,1
10428,81229,1
10429,46273528,1
10430,46269954,1
10431,4347416,1
10432,36715664,1
10433,4214869,1
10434,433229,1
10435,4149218,1
10436,4002625,1
10437,4129834,1
10438,4054753,1
10439,4200662,1
10440,4168853,1
10441,4058985,1
10442,4053156,1
10443,4095892,1
10444,4150816,1
10445,45757230,1
10446,434714,1
10447,37116490,1
10448,4095565,1
10449,37312675,1
10450,22426,1
10451,4156515,1
10452,4318411,1
10453,4047789,1
10454,4289615,1
10455,4241909,1
10456,443748,1
10457,199760,1
10458,4014454,1
10459,4090680,1
10460,193708,1
10461,4092851,1
10462,443724,1
10463,46270411,1
10464,436037,1
10465,37396153,1
10466,45766972,1
10467,80488,1
10468,42539234,1
10469,321307,1
10470,4058991,1
10471,36715666,1
10472,37019162,1
10473,438915,1
10474,45772095,1
10475,440924,1
10476,312846,1
10477,4001635,1
10478,4197271,1
10479,45773388,1
10480,4009714,1
10481,43530867,1
10482,4100107,1
10483,4042140,1
10484,4048685,1
10485,4301895,1
10486,4055326,1
10487,4108322,1
10488,4321384,1
10489,432452,1
10490,4106274,1
10491,44783257,1
10492,4169915,1
10493,4032847,1
10494,439149,1
10495,40568467,1
10496,37018896,1
10497,435604,1
10498,4147183,1
10499,201813,1
10500,4168845,1
10501,4272171,1
10502,46269813,1
10503,4100102,1
10504,435416,1
10505,4059858,1
10506,4221399,1
10507,4103387,1
10508,4159647,1
10509,81148,1
10510,4107358,1
10511,4289543,1
10512,194109,1
10513,4174577,1
10514,4232793,1
10515,4127128,1
10516,4003839,1
10517,4009453,1
10518,40484944,1
10519,37397429,1
10520,4032474,1
10521,442180,1
10522,374353,1
10523,198019,1
10524,198568,1
10525,4095112,1
10526,4035299,1
10527,436477,1
10528,439994,1
10529,4199244,1
10530,320646,1
10531,36716598,1
10532,373684,1
10533,433233,1
10534,4345598,1
10535,438362,1
10536,4056446,1
10537,4220203,1
10538,73616,1
10539,197493,1
10540,4048277,1
10541,45757094,1
10542,198131,1
10543,46270358,1
10544,4009170,1
10545,4336976,1
10546,4048927,1
10547,442041,1
10548,193142,1
10549,4330086,1
10550,4151867,1
10551,4234275,1
10552,440198,1
10553,258554,1
10554,4143196,1
10555,4284414,1
10556,442169,1
10557,132575,1
10558,4020311,1
10559,4049044,1
10560,4174308,1
10561,4286801,1
10562,4048139,1
10563,4056472,1
10564,4194640,1
10565,4175555,1
10566,381871,1
10567,136655,1
10568,45770927,1
10569,435902,1
10570,433099,1
10571,4098746,1
10572,443960,1
10573,444126,1
10574,46269858,1
10575,4043403,1
10576,46273541,1
10577,4001335,1
10578,4326568,1
10579,45770827,1
10580,438808,1
10581,434299,1
10582,4071745,1
10583,4007429,1
10584,4083555,1
10585,4338242,1
10586,36715735,1
10587,35609009,1
10588,76467,1
10589,436209,1
10590,40486058,1
10591,4267437,1
10592,4130068,1
10593,4068234,1
10594,4265896,1
10595,376980,1
10596,440010,1
10597,4207372,1
10598,23137,1
10599,4143292,1
10600,79126,1
10601,78650,1
10602,4261471,1
10603,4001336,1
10604,46269909,1
10605,43020468,1
10606,434256,1
10607,4097284,1
10608,4087441,1
10609,45757250,1
10610,25568,1
10611,4080396,1
10612,432511,1
10613,37310612,1
10614,43021197,1
10615,440636,1
10616,436624,1
10617,135759,1
10618,314600,1
10619,4166139,1
10620,436066,1
10621,4160957,1
10622,4087745,1
10623,37111382,1
10624,441455,1
10625,36715792,1
10626,4184002,1
10627,760798,1
10628,4301491,1
10629,381789,1
10630,35626068,1
10631,436636,1
10632,4058528,1
10633,4313730,1
10634,440864,1
10635,4095360,1
10636,443113,1
10637,435433,1
10638,436526,1
10639,437161,1
10640,4117700,1
10641,4049045,1
10642,198254,1
10643,4019718,1
10644,441329,1
10645,4218298,1
10646,46274072,1
10647,4243363,1
10648,258564,1
10649,4048460,1
10650,4030374,1
10651,4314247,1
10652,442255,1
10653,45766837,1
10654,4003179,1
10655,46273424,1
10656,37119224,1
10657,4028941,1
10658,4151883,1
10659,37110837,1
10660,194419,1
10661,79146,1
10662,4110510,1
10663,4241786,1
10664,4132494,1
10665,440199,1
10666,4009749,1
10667,254561,1
10668,436742,1
10669,36717610,1
10670,444125,1
10671,45757245,1
10672,46284319,1
10673,315467,1
10674,4058403,1
10675,4092994,1
10676,443519,1
10677,37116972,1
10678,436875,1
10679,443715,1
10680,434678,1
10681,45757749,1
10682,4219277,1
10683,437491,1
10684,434273,1
10685,438310,1
10686,4297284,1
10687,4149451,1
10688,443583,1
10689,195460,1
10690,4115068,1
10691,4337688,1
10692,4115360,1
10693,36716727,1
10694,436007,1
10695,4157200,1
10696,46269869,1
10697,4217694,1
10698,4216037,1
10699,4002343,1
10700,4159913,1
10701,4007090,1
10702,4030259,1
10703,36716932,1
10704,192268,1
10705,440298,1
10706,45772117,1
10707,4188545,1
10708,257370,1
10709,4142037,1
10710,4242275,1
10711,4159298,1
10712,43530650,1
10713,198488,1
10714,194873,1
10715,4197573,1
10716,432244,1
10717,4259147,1
10718,199925,1
10719,4105341,1
10720,4033023,1
10721,4031037,1
10722,313980,1
10723,4187370,1
10724,46273467,1
10725,4100976,1
10726,4080398,1
10727,77984,1
10728,200455,1
10729,4276529,1
10730,4253797,1
10731,441012,1
10732,46269867,1
10733,4297795,1
10734,40491897,1
10735,36715612,1
10736,4063038,1
10737,4171911,1
10738,4060296,1
10739,45766787,1
10740,4135750,1
10741,435653,1
10742,4056894,1
10743,4069184,1
10744,4151511,1
10745,4106356,1
10746,442336,1
10747,37397649,1
10748,138296,1
10749,4135747,1
10750,45757273,1
10751,4150193,1
10752,434921,1
10753,373497,1
10754,46270408,1
10755,199959,1
10756,4070226,1
10757,4004457,1
10758,317576,1
10759,4065747,1
10760,140958,1
10761,435203,1
10762,4111368,1
10763,435076,1
10764,440532,1
10765,373870,1
10766,313867,1
10767,4307214,1
10768,4060295,1
10769,4331292,1
10770,438903,1
10771,760800,1
10772,434580,1
10773,4057935,1
10774,3662175,1
10775,258333,1
10776,133779,1
10777,4049152,1
10778,36715667,1
10779,44784364,1
10780,4284263,1
10781,441311,1
10782,36717342,1
10783,433330,1
10784,438353,1
10785,136530,1
10786,4134142,1
10787,4251491,1
10788,4117098,1
10789,439205,1
10790,45757249,1
10791,4214984,1
10792,441739,1
10793,4152966,1
10794,198085,1
10795,4230221,1
10796,4056933,1
10797,4032450,1
10798,4279548,1
10799,75040,1
10800,4251487,1
10801,4059121,1
10802,4084970,1
10803,443221,1
10804,45770929,1
10805,444124,1
10806,37018346,1
10807,132832,1
10808,4150456,1
10809,439129,1
10810,4071866,1
10811,434821,1
10812,4147414,1
10813,433100,1
10814,195877,1
10815,46269919,1
10816,4114198,1
10817,4179996,1
10818,4156770,1
10819,198103,1
10820,37310603,1
10821,434880,1
10822,74182,1
10823,442559,1
10824,4268615,1
10825,4020582,1
10826,199891,1
10827,4178934,1
10828,4051297,1
10829,4166131,1
10830,4318859,1
10831,441919,1
10832,3662172,1
10833,439223,1
10834,4315153,1
10835,4071589,1
10836,36716521,1
10837,443252,1
10838,4162322,1
10839,198687,1
10840,439738,1
10841,4062552,1
